Category,ID,Latitude,Longitude,Date,MODIS_Tile,MOD13Q1_061_Line_Y_250m,MOD13Q1_061_Sample_X_250m,MOD13Q1_061__250m_16_days_NDVI,MOD13Q1_061__250m_16_days_VI_Quality,MOD13Q1_061__250m_16_days_pixel_reliability,MOD13Q1_061__250m_16_days_VI_Quality_bitmask,MOD13Q1_061__250m_16_days_VI_Quality_MODLAND,MOD13Q1_061__250m_16_days_VI_Quality_MODLAND_Description,MOD13Q1_061__250m_16_days_VI_Quality_VI_Usefulness,MOD13Q1_061__250m_16_days_VI_Quality_VI_Usefulness_Description,MOD13Q1_061__250m_16_days_VI_Quality_Aerosol_Quantity,MOD13Q1_061__250m_16_days_VI_Quality_Aerosol_Quantity_Description,MOD13Q1_061__250m_16_days_VI_Quality_Adjacent_cloud_detected,MOD13Q1_061__250m_16_days_VI_Quality_Adjacent_cloud_detected_Description,MOD13Q1_061__250m_16_days_VI_Quality_Atmosphere_BRDF_Correction,MOD13Q1_061__250m_16_days_VI_Quality_Atmosphere_BRDF_Correction_Description,MOD13Q1_061__250m_16_days_VI_Quality_Mixed_Clouds,MOD13Q1_061__250m_16_days_VI_Quality_Mixed_Clouds_Description,MOD13Q1_061__250m_16_days_VI_Quality_Land/Water_Mask,MOD13Q1_061__250m_16_days_VI_Quality_Land/Water_Mask_Description,MOD13Q1_061__250m_16_days_VI_Quality_Possible_snow/ice,MOD13Q1_061__250m_16_days_VI_Quality_Possible_snow/ice_Description,MOD13Q1_061__250m_16_days_VI_Quality_Possible_shadow,MOD13Q1_061__250m_16_days_VI_Quality_Possible_shadow_Description,MOD13Q1_061__250m_16_days_pixel_reliability_bitmask,MOD13Q1_061__250m_16_days_pixel_reliability_MODLAND,MOD13Q1_061__250m_16_days_pixel_reliability_MODLAND_Description
City,Cuenca,-2.9001,-79.0059,2011-12-19,h10v09,1392.0,525.0,0.1803,2062.0,3.0,0b0000100000001110,0b10,"Pixel produced, but most probably cloudy",0b0011,Decreasing quality,0b00,Climatology,0b0,No,0b0,No,0b0,No,0b001,Land (Nothing else but land),0b0,No,0b0,No,0b00000000000000000000000000000011,0b00000000000000000000000000000011,"Cloudy data, Target not visible, covered with cloud"
City,Cuenca,-2.9001,-79.0059,2012-01-01,h10v09,1392.0,525.0,0.2524,35221.0,1.0,0b1000100110010101,0b01,"VI produced, but check other QA",0b0101,Decreasing quality,0b10,Average,0b1,Yes,0b0,No,0b0,No,0b001,Land (Nothing else but land),0b0,No,0b1,Yes,0b00000000000000000000000000000001,0b00000000000000000000000000000001,"Marginal data, Useful, but look at other QA information"
City,Cuenca,-2.9001,-79.0059,2012-01-17,h10v09,1392.0,525.0,0.3356,35293.0,1.0,0b1000100111011101,0b01,"VI produced, but check other QA",0b0111,Decreasing quality,0b11,High,0b1,Yes,0b0,No,0b0,No,0b001,Land (Nothing else but land),0b0,No,0b1,Yes,0b00000000000000000000000000000001,0b00000000000000000000000000000001,"Marginal data, Useful, but look at other QA information"
City,Cuenca,-2.9001,-79.0059,2012-02-02,h10v09,1392.0,525.0,0.3012,35152.0,1.0,0b1000100101010000,0b00,VI produced with good quality,0b0100,Decreasing quality,0b01,Low,0b1,Yes,0b0,No,0b0,No,0b001,Land (Nothing else but land),0b0,No,0b1,Yes,0b00000000000000000000000000000001,0b00000000000000000000000000000001,"Marginal data, Useful, but look at other QA information"
City,Cuenca,-2.9001,-79.0059,2012-02-18,h10v09,1392.0,525.0,0.2004,2376.0,1.0,0b0000100101001000,0b00,VI produced with good quality,0b0010,Decreasing quality,0b01,Low,0b1,Yes,0b0,No,0b0,No,0b001,Land (Nothing else but land),0b0,No,0b0,No,0b00000000000000000000000000000001,0b00000000000000000000000000000001,"Marginal data, Useful, but look at other QA information"
City,Cuenca,-2.9001,-79.0059,2012-03-05,h10v09,1392.0,525.0,0.3414,2189.0,1.0,0b0000100010001101,0b01,"VI produced, but check other QA",0b0011,Decreasing quality,0b10,Average,0b0,No,0b0,No,0b0,No,0b001,Land (Nothing else but land),0b0,No,0b0,No,0b00000000000000000000000000000001,0b00000000000000000000000000000001,"Marginal data, Useful, but look at other QA information"
City,Cuenca,-2.9001,-79.0059,2012-03-21,h10v09,1392.0,525.0,0.1581,2062.0,3.0,0b0000100000001110,0b10,"Pixel produced, but most probably cloudy",0b0011,Decreasing quality,0b00,Climatology,0b0,No,0b0,No,0b0,No,0b001,Land (Nothing else but land),0b0,No,0b0,No,0b00000000000000000000000000000011,0b00000000000000000000000000000011,"Cloudy data, Target not visible, covered with cloud"
City,Cuenca,-2.9001,-79.0059,2012-04-06,h10v09,1392.0,525.0,0.2061,2116.0,0.0,0b0000100001000100,0b00,VI produced with good quality,0b0001,Lower quality,0b01,Low,0b0,No,0b0,No,0b0,No,0b001,Land (Nothing else but land),0b0,No,0b0,No,0b00000000000000000000000000000000,0b00000000000000000000000000000000,"Good data, use with confidence"
City,Cuenca,-2.9001,-79.0059,2012-04-22,h10v09,1392.0,525.0,0.2651,35152.0,1.0,0b1000100101010000,0b00,VI produced with good quality,0b0100,Decreasing quality,0b01,Low,0b1,Yes,0b0,No,0b0,No,0b001,Land (Nothing else but land),0b0,No,0b1,Yes,0b00000000000000000000000000000001,0b00000000000000000000000000000001,"Marginal data, Useful, but look at other QA information"
City,Cuenca,-2.9001,-79.0059,2012-05-08,h10v09,1392.0,525.0,0.3181,2376.0,1.0,0b0000100101001000,0b00,VI produced with good quality,0b0010,Decreasing quality,0b01,Low,0b1,Yes,0b0,No,0b0,No,0b001,Land (Nothing else but land),0b0,No,0b0,No,0b00000000000000000000000000000001,0b00000000000000000000000000000001,"Marginal data, Useful, but look at other QA information"
City,Cuenca,-2.9001,-79.0059,2012-05-24,h10v09,1392.0,525.0,0.2773,35221.0,1.0,0b1000100110010101,0b01,"VI produced, but check other QA",0b0101,Decreasing quality,0b10,Average,0b1,Yes,0b0,No,0b0,No,0b001,Land (Nothing else but land),0b0,No,0b1,Yes,0b00000000000000000000000000000001,0b00000000000000000000000000000001,"Marginal data, Useful, but look at other QA information"
City,Cuenca,-2.9001,-79.0059,2012-06-09,h10v09,1392.0,525.0,0.2338,2116.0,0.0,0b0000100001000100,0b00,VI produced with good quality,0b0001,Lower quality,0b01,Low,0b0,No,0b0,No,0b0,No,0b001,Land (Nothing else but land),0b0,No,0b0,No,0b00000000000000000000000000000000,0b00000000000000000000000000000000,"Good data, use with confidence"
City,Cuenca,-2.9001,-79.0059,2012-06-25,h10v09,1392.0,525.0,0.0741,2062.0,3.0,0b0000100000001110,0b10,"Pixel produced, but most probably cloudy",0b0011,Decreasing quality,0b00,Climatology,0b0,No,0b0,No,0b0,No,0b001,Land (Nothing else but land),0b0,No,0b0,No,0b00000000000000000000000000000011,0b00000000000000000000000000000011,"Cloudy data, Target not visible, covered with cloud"
City,Cuenca,-2.9001,-79.0059,2012-07-11,h10v09,1392.0,525.0,0.2816,2116.0,0.0,0b0000100001000100,0b00,VI produced with good quality,0b0001,Lower quality,0b01,Low,0b0,No,0b0,No,0b0,No,0b001,Land (Nothing else but land),0b0,No,0b0,No,0b00000000000000000000000000000000,0b00000000000000000000000000000000,"Good data, use with confidence"
City,Cuenca,-2.9001,-79.0059,2012-07-27,h10v09,1392.0,525.0,0.2319,34892.0,1.0,0b1000100001001100,0b00,VI produced with good quality,0b0011,Decreasing quality,0b01,Low,0b0,No,0b0,No,0b0,No,0b001,Land (Nothing else but land),0b0,No,0b1,Yes,0b00000000000000000000000000000001,0b00000000000000000000000000000001,"Marginal data, Useful, but look at other QA information"
City,Cuenca,-2.9001,-79.0059,2012-08-12,h10v09,1392.0,525.0,0.2099,2376.0,1.0,0b0000100101001000,0b00,VI produced with good quality,0b0010,Decreasing quality,0b01,Low,0b1,Yes,0b0,No,0b0,No,0b001,Land (Nothing else but land),0b0,No,0b0,No,0b00000000000000000000000000000001,0b00000000000000000000000000000001,"Marginal data, Useful, but look at other QA information"
City,Cuenca,-2.9001,-79.0059,2012-08-28,h10v09,1392.0,525.0,0.2275,2376.0,1.0,0b0000100101001000,0b00,VI produced with good quality,0b0010,Decreasing quality,0b01,Low,0b1,Yes,0b0,No,0b0,No,0b001,Land (Nothing else but land),0b0,No,0b0,No,0b00000000000000000000000000000001,0b00000000000000000000000000000001,"Marginal data, Useful, but look at other QA information"
City,Cuenca,-2.9001,-79.0059,2012-09-13,h10v09,1392.0,525.0,0.1592,2116.0,0.0,0b0000100001000100,0b00,VI produced with good quality,0b0001,Lower quality,0b01,Low,0b0,No,0b0,No,0b0,No,0b001,Land (Nothing else but land),0b0,No,0b0,No,0b00000000000000000000000000000000,0b00000000000000000000000000000000,"Good data, use with confidence"
City,Cuenca,-2.9001,-79.0059,2012-09-29,h10v09,1392.0,525.0,0.1303,2376.0,1.0,0b0000100101001000,0b00,VI produced with good quality,0b0010,Decreasing quality,0b01,Low,0b1,Yes,0b0,No,0b0,No,0b001,Land (Nothing else but land),0b0,No,0b0,No,0b00000000000000000000000000000001,0b00000000000000000000000000000001,"Marginal data, Useful, but look at other QA information"
City,Cuenca,-2.9001,-79.0059,2012-10-15,h10v09,1392.0,525.0,0.2697,2116.0,0.0,0b0000100001000100,0b00,VI produced with good quality,0b0001,Lower quality,0b01,Low,0b0,No,0b0,No,0b0,No,0b001,Land (Nothing else but land),0b0,No,0b0,No,0b00000000000000000000000000000000,0b00000000000000000000000000000000,"Good data, use with confidence"
City,Cuenca,-2.9001,-79.0059,2012-10-31,h10v09,1392.0,525.0,0.2926,2116.0,0.0,0b0000100001000100,0b00,VI produced with good quality,0b0001,Lower quality,0b01,Low,0b0,No,0b0,No,0b0,No,0b001,Land (Nothing else but land),0b0,No,0b0,No,0b00000000000000000000000000000000,0b00000000000000000000000000000000,"Good data, use with confidence"
City,Cuenca,-2.9001,-79.0059,2012-11-16,h10v09,1392.0,525.0,0.2534,2376.0,1.0,0b0000100101001000,0b00,VI produced with good quality,0b0010,Decreasing quality,0b01,Low,0b1,Yes,0b0,No,0b0,No,0b001,Land (Nothing else but land),0b0,No,0b0,No,0b00000000000000000000000000000001,0b00000000000000000000000000000001,"Marginal data, Useful, but look at other QA information"
City,Cuenca,-2.9001,-79.0059,2012-12-02,h10v09,1392.0,525.0,0.2918,2116.0,0.0,0b0000100001000100,0b00,VI produced with good quality,0b0001,Lower quality,0b01,Low,0b0,No,0b0,No,0b0,No,0b001,Land (Nothing else but land),0b0,No,0b0,No,0b00000000000000000000000000000000,0b00000000000000000000000000000000,"Good data, use with confidence"
City,Cuenca,-2.9001,-79.0059,2012-12-18,h10v09,1392.0,525.0,0.3039,2376.0,1.0,0b0000100101001000,0b00,VI produced with good quality,0b0010,Decreasing quality,0b01,Low,0b1,Yes,0b0,No,0b0,No,0b001,Land (Nothing else but land),0b0,No,0b0,No,0b00000000000000000000000000000001,0b00000000000000000000000000000001,"Marginal data, Useful, but look at other QA information"
City,Cuenca,-2.9001,-79.0059,2013-01-01,h10v09,1392.0,525.0,0.315,2189.0,1.0,0b0000100010001101,0b01,"VI produced, but check other QA",0b0011,Decreasing quality,0b10,Average,0b0,No,0b0,No,0b0,No,0b001,Land (Nothing else but land),0b0,No,0b0,No,0b00000000000000000000000000000001,0b00000000000000000000000000000001,"Marginal data, Useful, but look at other QA information"
City,Cuenca,-2.9001,-79.0059,2013-01-17,h10v09,1392.0,525.0,0.1912,2449.0,1.0,0b0000100110010001,0b01,"VI produced, but check other QA",0b0100,Decreasing quality,0b10,Average,0b1,Yes,0b0,No,0b0,No,0b001,Land (Nothing else but land),0b0,No,0b0,No,0b00000000000000000000000000000001,0b00000000000000000000000000000001,"Marginal data, Useful, but look at other QA information"
City,Cuenca,-2.9001,-79.0059,2013-02-02,h10v09,1392.0,525.0,0.1693,35152.0,1.0,0b1000100101010000,0b00,VI produced with good quality,0b0100,Decreasing quality,0b01,Low,0b1,Yes,0b0,No,0b0,No,0b001,Land (Nothing else but land),0b0,No,0b1,Yes,0b00000000000000000000000000000001,0b00000000000000000000000000000001,"Marginal data, Useful, but look at other QA information"
City,Cuenca,-2.9001,-79.0059,2013-02-18,h10v09,1392.0,525.0,0.221,2062.0,3.0,0b0000100000001110,0b10,"Pixel produced, but most probably cloudy",0b0011,Decreasing quality,0b00,Climatology,0b0,No,0b0,No,0b0,No,0b001,Land (Nothing else but land),0b0,No,0b0,No,0b00000000000000000000000000000011,0b00000000000000000000000000000011,"Cloudy data, Target not visible, covered with cloud"
City,Cuenca,-2.9001,-79.0059,2013-03-06,h10v09,1392.0,525.0,0.2252,2521.0,1.0,0b0000100111011001,0b01,"VI produced, but check other QA",0b0110,Decreasing quality,0b11,High,0b1,Yes,0b0,No,0b0,No,0b001,Land (Nothing else but land),0b0,No,0b0,No,0b00000000000000000000000000000001,0b00000000000000000000000000000001,"Marginal data, Useful, but look at other QA information"
City,Cuenca,-2.9001,-79.0059,2013-03-22,h10v09,1392.0,525.0,0.2084,2449.0,1.0,0b0000100110010001,0b01,"VI produced, but check other QA",0b0100,Decreasing quality,0b10,Average,0b1,Yes,0b0,No,0b0,No,0b001,Land (Nothing else but land),0b0,No,0b0,No,0b00000000000000000000000000000001,0b00000000000000000000000000000001,"Marginal data, Useful, but look at other QA information"
City,Cuenca,-2.9001,-79.0059,2013-04-07,h10v09,1392.0,525.0,0.1958,2116.0,0.0,0b0000100001000100,0b00,VI produced with good quality,0b0001,Lower quality,0b01,Low,0b0,No,0b0,No,0b0,No,0b001,Land (Nothing else but land),0b0,No,0b0,No,0b00000000000000000000000000000000,0b00000000000000000000000000000000,"Good data, use with confidence"
City,Cuenca,-2.9001,-79.0059,2013-04-23,h10v09,1392.0,525.0,0.245,2116.0,0.0,0b0000100001000100,0b00,VI produced with good quality,0b0001,Lower quality,0b01,Low,0b0,No,0b0,No,0b0,No,0b001,Land (Nothing else but land),0b0,No,0b0,No,0b00000000000000000000000000000000,0b00000000000000000000000000000000,"Good data, use with confidence"
City,Cuenca,-2.9001,-79.0059,2013-05-09,h10v09,1392.0,525.0,0.2514,2116.0,0.0,0b0000100001000100,0b00,VI produced with good quality,0b0001,Lower quality,0b01,Low,0b0,No,0b0,No,0b0,No,0b001,Land (Nothing else but land),0b0,No,0b0,No,0b00000000000000000000000000000000,0b00000000000000000000000000000000,"Good data, use with confidence"
City,Cuenca,-2.9001,-79.0059,2013-05-25,h10v09,1392.0,525.0,0.2316,2445.0,1.0,0b0000100110001101,0b01,"VI produced, but check other QA",0b0011,Decreasing quality,0b10,Average,0b1,Yes,0b0,No,0b0,No,0b001,Land (Nothing else but land),0b0,No,0b0,No,0b00000000000000000000000000000001,0b00000000000000000000000000000001,"Marginal data, Useful, but look at other QA information"
City,Cuenca,-2.9001,-79.0059,2013-06-10,h10v09,1392.0,525.0,0.3233,2449.0,1.0,0b0000100110010001,0b01,"VI produced, but check other QA",0b0100,Decreasing quality,0b10,Average,0b1,Yes,0b0,No,0b0,No,0b001,Land (Nothing else but land),0b0,No,0b0,No,0b00000000000000000000000000000001,0b00000000000000000000000000000001,"Marginal data, Useful, but look at other QA information"
City,Cuenca,-2.9001,-79.0059,2013-06-26,h10v09,1392.0,525.0,0.2437,35152.0,1.0,0b1000100101010000,0b00,VI produced with good quality,0b0100,Decreasing quality,0b01,Low,0b1,Yes,0b0,No,0b0,No,0b001,Land (Nothing else but land),0b0,No,0b1,Yes,0b00000000000000000000000000000001,0b00000000000000000000000000000001,"Marginal data, Useful, but look at other QA information"
City,Cuenca,-2.9001,-79.0059,2013-07-12,h10v09,1392.0,525.0,0.126,2066.0,3.0,0b0000100000010010,0b10,"Pixel produced, but most probably cloudy",0b0100,Decreasing quality,0b00,Climatology,0b0,No,0b0,No,0b0,No,0b001,Land (Nothing else but land),0b0,No,0b0,No,0b00000000000000000000000000000011,0b00000000000000000000000000000011,"Cloudy data, Target not visible, covered with cloud"
City,Cuenca,-2.9001,-79.0059,2013-07-28,h10v09,1392.0,525.0,0.2286,35221.0,1.0,0b1000100110010101,0b01,"VI produced, but check other QA",0b0101,Decreasing quality,0b10,Average,0b1,Yes,0b0,No,0b0,No,0b001,Land (Nothing else but land),0b0,No,0b1,Yes,0b00000000000000000000000000000001,0b00000000000000000000000000000001,"Marginal data, Useful, but look at other QA information"
City,Cuenca,-2.9001,-79.0059,2013-08-13,h10v09,1392.0,525.0,0.1405,2062.0,3.0,0b0000100000001110,0b10,"Pixel produced, but most probably cloudy",0b0011,Decreasing quality,0b00,Climatology,0b0,No,0b0,No,0b0,No,0b001,Land (Nothing else but land),0b0,No,0b0,No,0b00000000000000000000000000000011,0b00000000000000000000000000000011,"Cloudy data, Target not visible, covered with cloud"
City,Cuenca,-2.9001,-79.0059,2013-08-29,h10v09,1392.0,525.0,0.2287,2116.0,0.0,0b0000100001000100,0b00,VI produced with good quality,0b0001,Lower quality,0b01,Low,0b0,No,0b0,No,0b0,No,0b001,Land (Nothing else but land),0b0,No,0b0,No,0b00000000000000000000000000000000,0b00000000000000000000000000000000,"Good data, use with confidence"
City,Cuenca,-2.9001,-79.0059,2013-09-14,h10v09,1392.0,525.0,0.1939,2120.0,1.0,0b0000100001001000,0b00,VI produced with good quality,0b0010,Decreasing quality,0b01,Low,0b0,No,0b0,No,0b0,No,0b001,Land (Nothing else but land),0b0,No,0b0,No,0b00000000000000000000000000000001,0b00000000000000000000000000000001,"Marginal data, Useful, but look at other QA information"
City,Cuenca,-2.9001,-79.0059,2013-09-30,h10v09,1392.0,525.0,0.2271,2376.0,1.0,0b0000100101001000,0b00,VI produced with good quality,0b0010,Decreasing quality,0b01,Low,0b1,Yes,0b0,No,0b0,No,0b001,Land (Nothing else but land),0b0,No,0b0,No,0b00000000000000000000000000000001,0b00000000000000000000000000000001,"Marginal data, Useful, but look at other QA information"
City,Cuenca,-2.9001,-79.0059,2013-10-16,h10v09,1392.0,525.0,0.2557,35221.0,1.0,0b1000100110010101,0b01,"VI produced, but check other QA",0b0101,Decreasing quality,0b10,Average,0b1,Yes,0b0,No,0b0,No,0b001,Land (Nothing else but land),0b0,No,0b1,Yes,0b00000000000000000000000000000001,0b00000000000000000000000000000001,"Marginal data, Useful, but look at other QA information"
City,Cuenca,-2.9001,-79.0059,2013-11-01,h10v09,1392.0,525.0,0.2463,2376.0,1.0,0b0000100101001000,0b00,VI produced with good quality,0b0010,Decreasing quality,0b01,Low,0b1,Yes,0b0,No,0b0,No,0b001,Land (Nothing else but land),0b0,No,0b0,No,0b00000000000000000000000000000001,0b00000000000000000000000000000001,"Marginal data, Useful, but look at other QA information"
City,Cuenca,-2.9001,-79.0059,2013-11-17,h10v09,1392.0,525.0,0.1965,2116.0,0.0,0b0000100001000100,0b00,VI produced with good quality,0b0001,Lower quality,0b01,Low,0b0,No,0b0,No,0b0,No,0b001,Land (Nothing else but land),0b0,No,0b0,No,0b00000000000000000000000000000000,0b00000000000000000000000000000000,"Good data, use with confidence"
City,Cuenca,-2.9001,-79.0059,2013-12-03,h10v09,1392.0,525.0,0.1615,34892.0,1.0,0b1000100001001100,0b00,VI produced with good quality,0b0011,Decreasing quality,0b01,Low,0b0,No,0b0,No,0b0,No,0b001,Land (Nothing else but land),0b0,No,0b1,Yes,0b00000000000000000000000000000001,0b00000000000000000000000000000001,"Marginal data, Useful, but look at other QA information"
City,Cuenca,-2.9001,-79.0059,2013-12-19,h10v09,1392.0,525.0,0.1938,2116.0,0.0,0b0000100001000100,0b00,VI produced with good quality,0b0001,Lower quality,0b01,Low,0b0,No,0b0,No,0b0,No,0b001,Land (Nothing else but land),0b0,No,0b0,No,0b00000000000000000000000000000000,0b00000000000000000000000000000000,"Good data, use with confidence"
City,Cuenca,-2.9001,-79.0059,2014-01-01,h10v09,1392.0,525.0,0.2325,34961.0,1.0,0b1000100010010001,0b01,"VI produced, but check other QA",0b0100,Decreasing quality,0b10,Average,0b0,No,0b0,No,0b0,No,0b001,Land (Nothing else but land),0b0,No,0b1,Yes,0b00000000000000000000000000000001,0b00000000000000000000000000000001,"Marginal data, Useful, but look at other QA information"
City,Cuenca,-2.9001,-79.0059,2014-01-17,h10v09,1392.0,525.0,0.1664,2116.0,0.0,0b0000100001000100,0b00,VI produced with good quality,0b0001,Lower quality,0b01,Low,0b0,No,0b0,No,0b0,No,0b001,Land (Nothing else but land),0b0,No,0b0,No,0b00000000000000000000000000000000,0b00000000000000000000000000000000,"Good data, use with confidence"
City,Cuenca,-2.9001,-79.0059,2014-02-02,h10v09,1392.0,525.0,0.2183,35152.0,1.0,0b1000100101010000,0b00,VI produced with good quality,0b0100,Decreasing quality,0b01,Low,0b1,Yes,0b0,No,0b0,No,0b001,Land (Nothing else but land),0b0,No,0b1,Yes,0b00000000000000000000000000000001,0b00000000000000000000000000000001,"Marginal data, Useful, but look at other QA information"
City,Cuenca,-2.9001,-79.0059,2014-02-18,h10v09,1392.0,525.0,0.2374,35226.0,3.0,0b1000100110011010,0b10,"Pixel produced, but most probably cloudy",0b0110,Decreasing quality,0b10,Average,0b1,Yes,0b0,No,0b0,No,0b001,Land (Nothing else but land),0b0,No,0b1,Yes,0b00000000000000000000000000000011,0b00000000000000000000000000000011,"Cloudy data, Target not visible, covered with cloud"
City,Cuenca,-2.9001,-79.0059,2014-03-06,h10v09,1392.0,525.0,0.3256,35297.0,1.0,0b1000100111100001,0b01,"VI produced, but check other QA",0b1000,Decreasing quality,0b11,High,0b1,Yes,0b0,No,0b0,No,0b001,Land (Nothing else but land),0b0,No,0b1,Yes,0b00000000000000000000000000000001,0b00000000000000000000000000000001,"Marginal data, Useful, but look at other QA information"
City,Cuenca,-2.9001,-79.0059,2014-03-22,h10v09,1392.0,525.0,0.244,2376.0,1.0,0b0000100101001000,0b00,VI produced with good quality,0b0010,Decreasing quality,0b01,Low,0b1,Yes,0b0,No,0b0,No,0b001,Land (Nothing else but land),0b0,No,0b0,No,0b00000000000000000000000000000001,0b00000000000000000000000000000001,"Marginal data, Useful, but look at other QA information"
City,Cuenca,-2.9001,-79.0059,2014-04-07,h10v09,1392.0,525.0,0.1444,2449.0,1.0,0b0000100110010001,0b01,"VI produced, but check other QA",0b0100,Decreasing quality,0b10,Average,0b1,Yes,0b0,No,0b0,No,0b001,Land (Nothing else but land),0b0,No,0b0,No,0b00000000000000000000000000000001,0b00000000000000000000000000000001,"Marginal data, Useful, but look at other QA information"
City,Cuenca,-2.9001,-79.0059,2014-04-23,h10v09,1392.0,525.0,0.2383,2376.0,1.0,0b0000100101001000,0b00,VI produced with good quality,0b0010,Decreasing quality,0b01,Low,0b1,Yes,0b0,No,0b0,No,0b001,Land (Nothing else but land),0b0,No,0b0,No,0b00000000000000000000000000000001,0b00000000000000000000000000000001,"Marginal data, Useful, but look at other QA information"
City,Cuenca,-2.9001,-79.0059,2014-05-09,h10v09,1392.0,525.0,0.1973,34892.0,1.0,0b1000100001001100,0b00,VI produced with good quality,0b0011,Decreasing quality,0b01,Low,0b0,No,0b0,No,0b0,No,0b001,Land (Nothing else but land),0b0,No,0b1,Yes,0b00000000000000000000000000000001,0b00000000000000000000000000000001,"Marginal data, Useful, but look at other QA information"
City,Cuenca,-2.9001,-79.0059,2014-05-25,h10v09,1392.0,525.0,0.2402,35221.0,1.0,0b1000100110010101,0b01,"VI produced, but check other QA",0b0101,Decreasing quality,0b10,Average,0b1,Yes,0b0,No,0b0,No,0b001,Land (Nothing else but land),0b0,No,0b1,Yes,0b00000000000000000000000000000001,0b00000000000000000000000000000001,"Marginal data, Useful, but look at other QA information"
City,Cuenca,-2.9001,-79.0059,2014-06-10,h10v09,1392.0,525.0,0.1913,2066.0,3.0,0b0000100000010010,0b10,"Pixel produced, but most probably cloudy",0b0100,Decreasing quality,0b00,Climatology,0b0,No,0b0,No,0b0,No,0b001,Land (Nothing else but land),0b0,No,0b0,No,0b00000000000000000000000000000011,0b00000000000000000000000000000011,"Cloudy data, Target not visible, covered with cloud"
City,Cuenca,-2.9001,-79.0059,2014-06-26,h10v09,1392.0,525.0,0.2382,2376.0,1.0,0b0000100101001000,0b00,VI produced with good quality,0b0010,Decreasing quality,0b01,Low,0b1,Yes,0b0,No,0b0,No,0b001,Land (Nothing else but land),0b0,No,0b0,No,0b00000000000000000000000000000001,0b00000000000000000000000000000001,"Marginal data, Useful, but look at other QA information"
City,Cuenca,-2.9001,-79.0059,2014-07-12,h10v09,1392.0,525.0,0.0645,2062.0,3.0,0b0000100000001110,0b10,"Pixel produced, but most probably cloudy",0b0011,Decreasing quality,0b00,Climatology,0b0,No,0b0,No,0b0,No,0b001,Land (Nothing else but land),0b0,No,0b0,No,0b00000000000000000000000000000011,0b00000000000000000000000000000011,"Cloudy data, Target not visible, covered with cloud"
City,Cuenca,-2.9001,-79.0059,2014-07-28,h10v09,1392.0,525.0,0.1611,3102.0,3.0,0b0000110000011110,0b10,"Pixel produced, but most probably cloudy",0b0111,Decreasing quality,0b00,Climatology,0b0,No,0b0,No,0b1,Yes,0b001,Land (Nothing else but land),0b0,No,0b0,No,0b00000000000000000000000000000011,0b00000000000000000000000000000011,"Cloudy data, Target not visible, covered with cloud"
City,Cuenca,-2.9001,-79.0059,2014-08-13,h10v09,1392.0,525.0,0.1605,35152.0,1.0,0b1000100101010000,0b00,VI produced with good quality,0b0100,Decreasing quality,0b01,Low,0b1,Yes,0b0,No,0b0,No,0b001,Land (Nothing else but land),0b0,No,0b1,Yes,0b00000000000000000000000000000001,0b00000000000000000000000000000001,"Marginal data, Useful, but look at other QA information"
City,Cuenca,-2.9001,-79.0059,2014-08-29,h10v09,1392.0,525.0,0.2243,2120.0,1.0,0b0000100001001000,0b00,VI produced with good quality,0b0010,Decreasing quality,0b01,Low,0b0,No,0b0,No,0b0,No,0b001,Land (Nothing else but land),0b0,No,0b0,No,0b00000000000000000000000000000001,0b00000000000000000000000000000001,"Marginal data, Useful, but look at other QA information"
City,Cuenca,-2.9001,-79.0059,2014-09-14,h10v09,1392.0,525.0,0.1676,2116.0,0.0,0b0000100001000100,0b00,VI produced with good quality,0b0001,Lower quality,0b01,Low,0b0,No,0b0,No,0b0,No,0b001,Land (Nothing else but land),0b0,No,0b0,No,0b00000000000000000000000000000000,0b00000000000000000000000000000000,"Good data, use with confidence"
City,Cuenca,-2.9001,-79.0059,2014-09-30,h10v09,1392.0,525.0,0.096,3098.0,3.0,0b0000110000011010,0b10,"Pixel produced, but most probably cloudy",0b0110,Decreasing quality,0b00,Climatology,0b0,No,0b0,No,0b1,Yes,0b001,Land (Nothing else but land),0b0,No,0b0,No,0b00000000000000000000000000000011,0b00000000000000000000000000000011,"Cloudy data, Target not visible, covered with cloud"
City,Cuenca,-2.9001,-79.0059,2014-10-16,h10v09,1392.0,525.0,0.2134,34892.0,1.0,0b1000100001001100,0b00,VI produced with good quality,0b0011,Decreasing quality,0b01,Low,0b0,No,0b0,No,0b0,No,0b001,Land (Nothing else but land),0b0,No,0b1,Yes,0b00000000000000000000000000000001,0b00000000000000000000000000000001,"Marginal data, Useful, but look at other QA information"
City,Cuenca,-2.9001,-79.0059,2014-11-01,h10v09,1392.0,525.0,0.2619,2116.0,0.0,0b0000100001000100,0b00,VI produced with good quality,0b0001,Lower quality,0b01,Low,0b0,No,0b0,No,0b0,No,0b001,Land (Nothing else but land),0b0,No,0b0,No,0b00000000000000000000000000000000,0b00000000000000000000000000000000,"Good data, use with confidence"
City,Cuenca,-2.9001,-79.0059,2014-11-17,h10v09,1392.0,525.0,0.1676,34896.0,1.0,0b1000100001010000,0b00,VI produced with good quality,0b0100,Decreasing quality,0b01,Low,0b0,No,0b0,No,0b0,No,0b001,Land (Nothing else but land),0b0,No,0b1,Yes,0b00000000000000000000000000000001,0b00000000000000000000000000000001,"Marginal data, Useful, but look at other QA information"
City,Cuenca,-2.9001,-79.0059,2014-12-03,h10v09,1392.0,525.0,0.2398,2116.0,0.0,0b0000100001000100,0b00,VI produced with good quality,0b0001,Lower quality,0b01,Low,0b0,No,0b0,No,0b0,No,0b001,Land (Nothing else but land),0b0,No,0b0,No,0b00000000000000000000000000000000,0b00000000000000000000000000000000,"Good data, use with confidence"
City,Cuenca,-2.9001,-79.0059,2014-12-19,h10v09,1392.0,525.0,0.5,35293.0,1.0,0b1000100111011101,0b01,"VI produced, but check other QA",0b0111,Decreasing quality,0b11,High,0b1,Yes,0b0,No,0b0,No,0b001,Land (Nothing else but land),0b0,No,0b1,Yes,0b00000000000000000000000000000001,0b00000000000000000000000000000001,"Marginal data, Useful, but look at other QA information"
City,Cuenca,-2.9001,-79.0059,2015-01-01,h10v09,1392.0,525.0,0.1633,2380.0,1.0,0b0000100101001100,0b00,VI produced with good quality,0b0011,Decreasing quality,0b01,Low,0b1,Yes,0b0,No,0b0,No,0b001,Land (Nothing else but land),0b0,No,0b0,No,0b00000000000000000000000000000001,0b00000000000000000000000000000001,"Marginal data, Useful, but look at other QA information"
City,Cuenca,-2.9001,-79.0059,2015-01-17,h10v09,1392.0,525.0,0.2344,2376.0,1.0,0b0000100101001000,0b00,VI produced with good quality,0b0010,Decreasing quality,0b01,Low,0b1,Yes,0b0,No,0b0,No,0b001,Land (Nothing else but land),0b0,No,0b0,No,0b00000000000000000000000000000001,0b00000000000000000000000000000001,"Marginal data, Useful, but look at other QA information"
City,Cuenca,-2.9001,-79.0059,2015-02-02,h10v09,1392.0,525.0,0.2355,2376.0,1.0,0b0000100101001000,0b00,VI produced with good quality,0b0010,Decreasing quality,0b01,Low,0b1,Yes,0b0,No,0b0,No,0b001,Land (Nothing else but land),0b0,No,0b0,No,0b00000000000000000000000000000001,0b00000000000000000000000000000001,"Marginal data, Useful, but look at other QA information"
City,Cuenca,-2.9001,-79.0059,2015-02-18,h10v09,1392.0,525.0,0.2433,2116.0,0.0,0b0000100001000100,0b00,VI produced with good quality,0b0001,Lower quality,0b01,Low,0b0,No,0b0,No,0b0,No,0b001,Land (Nothing else but land),0b0,No,0b0,No,0b00000000000000000000000000000000,0b00000000000000000000000000000000,"Good data, use with confidence"
City,Cuenca,-2.9001,-79.0059,2015-03-06,h10v09,1392.0,525.0,0.13,2518.0,3.0,0b0000100111010110,0b10,"Pixel produced, but most probably cloudy",0b0101,Decreasing quality,0b11,High,0b1,Yes,0b0,No,0b0,No,0b001,Land (Nothing else but land),0b0,No,0b0,No,0b00000000000000000000000000000011,0b00000000000000000000000000000011,"Cloudy data, Target not visible, covered with cloud"
City,Cuenca,-2.9001,-79.0059,2015-03-22,h10v09,1392.0,525.0,0.2546,2062.0,3.0,0b0000100000001110,0b10,"Pixel produced, but most probably cloudy",0b0011,Decreasing quality,0b00,Climatology,0b0,No,0b0,No,0b0,No,0b001,Land (Nothing else but land),0b0,No,0b0,No,0b00000000000000000000000000000011,0b00000000000000000000000000000011,"Cloudy data, Target not visible, covered with cloud"
City,Cuenca,-2.9001,-79.0059,2015-04-07,h10v09,1392.0,525.0,0.2432,2261.0,1.0,0b0000100011010101,0b01,"VI produced, but check other QA",0b0101,Decreasing quality,0b11,High,0b0,No,0b0,No,0b0,No,0b001,Land (Nothing else but land),0b0,No,0b0,No,0b00000000000000000000000000000001,0b00000000000000000000000000000001,"Marginal data, Useful, but look at other QA information"
City,Cuenca,-2.9001,-79.0059,2015-04-23,h10v09,1392.0,525.0,0.1718,35152.0,1.0,0b1000100101010000,0b00,VI produced with good quality,0b0100,Decreasing quality,0b01,Low,0b1,Yes,0b0,No,0b0,No,0b001,Land (Nothing else but land),0b0,No,0b1,Yes,0b00000000000000000000000000000001,0b00000000000000000000000000000001,"Marginal data, Useful, but look at other QA information"
City,Cuenca,-2.9001,-79.0059,2015-05-09,h10v09,1392.0,525.0,0.2668,2120.0,1.0,0b0000100001001000,0b00,VI produced with good quality,0b0010,Decreasing quality,0b01,Low,0b0,No,0b0,No,0b0,No,0b001,Land (Nothing else but land),0b0,No,0b0,No,0b00000000000000000000000000000001,0b00000000000000000000000000000001,"Marginal data, Useful, but look at other QA information"
City,Cuenca,-2.9001,-79.0059,2015-05-25,h10v09,1392.0,525.0,0.1718,35297.0,1.0,0b1000100111100001,0b01,"VI produced, but check other QA",0b1000,Decreasing quality,0b11,High,0b1,Yes,0b0,No,0b0,No,0b001,Land (Nothing else but land),0b0,No,0b1,Yes,0b00000000000000000000000000000001,0b00000000000000000000000000000001,"Marginal data, Useful, but look at other QA information"
City,Cuenca,-2.9001,-79.0059,2015-06-10,h10v09,1392.0,525.0,0.3112,2116.0,0.0,0b0000100001000100,0b00,VI produced with good quality,0b0001,Lower quality,0b01,Low,0b0,No,0b0,No,0b0,No,0b001,Land (Nothing else but land),0b0,No,0b0,No,0b00000000000000000000000000000000,0b00000000000000000000000000000000,"Good data, use with confidence"
City,Cuenca,-2.9001,-79.0059,2015-06-26,h10v09,1392.0,525.0,0.1181,2066.0,3.0,0b0000100000010010,0b10,"Pixel produced, but most probably cloudy",0b0100,Decreasing quality,0b00,Climatology,0b0,No,0b0,No,0b0,No,0b001,Land (Nothing else but land),0b0,No,0b0,No,0b00000000000000000000000000000011,0b00000000000000000000000000000011,"Cloudy data, Target not visible, covered with cloud"
City,Cuenca,-2.9001,-79.0059,2015-07-12,h10v09,1392.0,525.0,0.2615,2116.0,0.0,0b0000100001000100,0b00,VI produced with good quality,0b0001,Lower quality,0b01,Low,0b0,No,0b0,No,0b0,No,0b001,Land (Nothing else but land),0b0,No,0b0,No,0b00000000000000000000000000000000,0b00000000000000000000000000000000,"Good data, use with confidence"
City,Cuenca,-2.9001,-79.0059,2015-07-28,h10v09,1392.0,525.0,0.2611,35221.0,1.0,0b1000100110010101,0b01,"VI produced, but check other QA",0b0101,Decreasing quality,0b10,Average,0b1,Yes,0b0,No,0b0,No,0b001,Land (Nothing else but land),0b0,No,0b1,Yes,0b00000000000000000000000000000001,0b00000000000000000000000000000001,"Marginal data, Useful, but look at other QA information"
City,Cuenca,-2.9001,-79.0059,2015-08-13,h10v09,1392.0,525.0,0.1909,2376.0,1.0,0b0000100101001000,0b00,VI produced with good quality,0b0010,Decreasing quality,0b01,Low,0b1,Yes,0b0,No,0b0,No,0b001,Land (Nothing else but land),0b0,No,0b0,No,0b00000000000000000000000000000001,0b00000000000000000000000000000001,"Marginal data, Useful, but look at other QA information"
City,Cuenca,-2.9001,-79.0059,2015-08-29,h10v09,1392.0,525.0,0.2047,2376.0,1.0,0b0000100101001000,0b00,VI produced with good quality,0b0010,Decreasing quality,0b01,Low,0b1,Yes,0b0,No,0b0,No,0b001,Land (Nothing else but land),0b0,No,0b0,No,0b00000000000000000000000000000001,0b00000000000000000000000000000001,"Marginal data, Useful, but look at other QA information"
City,Cuenca,-2.9001,-79.0059,2015-09-14,h10v09,1392.0,525.0,0.2082,2376.0,1.0,0b0000100101001000,0b00,VI produced with good quality,0b0010,Decreasing quality,0b01,Low,0b1,Yes,0b0,No,0b0,No,0b001,Land (Nothing else but land),0b0,No,0b0,No,0b00000000000000000000000000000001,0b00000000000000000000000000000001,"Marginal data, Useful, but look at other QA information"
City,Cuenca,-2.9001,-79.0059,2015-09-30,h10v09,1392.0,525.0,0.1667,2116.0,0.0,0b0000100001000100,0b00,VI produced with good quality,0b0001,Lower quality,0b01,Low,0b0,No,0b0,No,0b0,No,0b001,Land (Nothing else but land),0b0,No,0b0,No,0b00000000000000000000000000000000,0b00000000000000000000000000000000,"Good data, use with confidence"
City,Cuenca,-2.9001,-79.0059,2015-10-16,h10v09,1392.0,525.0,0.2418,35221.0,1.0,0b1000100110010101,0b01,"VI produced, but check other QA",0b0101,Decreasing quality,0b10,Average,0b1,Yes,0b0,No,0b0,No,0b001,Land (Nothing else but land),0b0,No,0b1,Yes,0b00000000000000000000000000000001,0b00000000000000000000000000000001,"Marginal data, Useful, but look at other QA information"
City,Cuenca,-2.9001,-79.0059,2015-11-01,h10v09,1392.0,525.0,0.1684,2116.0,0.0,0b0000100001000100,0b00,VI produced with good quality,0b0001,Lower quality,0b01,Low,0b0,No,0b0,No,0b0,No,0b001,Land (Nothing else but land),0b0,No,0b0,No,0b00000000000000000000000000000000,0b00000000000000000000000000000000,"Good data, use with confidence"
City,Cuenca,-2.9001,-79.0059,2015-11-17,h10v09,1392.0,525.0,0.1649,35221.0,1.0,0b1000100110010101,0b01,"VI produced, but check other QA",0b0101,Decreasing quality,0b10,Average,0b1,Yes,0b0,No,0b0,No,0b001,Land (Nothing else but land),0b0,No,0b1,Yes,0b00000000000000000000000000000001,0b00000000000000000000000000000001,"Marginal data, Useful, but look at other QA information"
City,Cuenca,-2.9001,-79.0059,2015-12-03,h10v09,1392.0,525.0,0.2031,2376.0,1.0,0b0000100101001000,0b00,VI produced with good quality,0b0010,Decreasing quality,0b01,Low,0b1,Yes,0b0,No,0b0,No,0b001,Land (Nothing else but land),0b0,No,0b0,No,0b00000000000000000000000000000001,0b00000000000000000000000000000001,"Marginal data, Useful, but look at other QA information"
City,Cuenca,-2.9001,-79.0059,2015-12-19,h10v09,1392.0,525.0,0.2201,2062.0,3.0,0b0000100000001110,0b10,"Pixel produced, but most probably cloudy",0b0011,Decreasing quality,0b00,Climatology,0b0,No,0b0,No,0b0,No,0b001,Land (Nothing else but land),0b0,No,0b0,No,0b00000000000000000000000000000011,0b00000000000000000000000000000011,"Cloudy data, Target not visible, covered with cloud"
City,Cuenca,-2.9001,-79.0059,2016-01-01,h10v09,1392.0,525.0,0.2768,2189.0,1.0,0b0000100010001101,0b01,"VI produced, but check other QA",0b0011,Decreasing quality,0b10,Average,0b0,No,0b0,No,0b0,No,0b001,Land (Nothing else but land),0b0,No,0b0,No,0b00000000000000000000000000000001,0b00000000000000000000000000000001,"Marginal data, Useful, but look at other QA information"
City,Cuenca,-2.9001,-79.0059,2016-01-17,h10v09,1392.0,525.0,0.252,2116.0,0.0,0b0000100001000100,0b00,VI produced with good quality,0b0001,Lower quality,0b01,Low,0b0,No,0b0,No,0b0,No,0b001,Land (Nothing else but land),0b0,No,0b0,No,0b00000000000000000000000000000000,0b00000000000000000000000000000000,"Good data, use with confidence"
City,Cuenca,-2.9001,-79.0059,2016-02-02,h10v09,1392.0,525.0,0.1935,2380.0,1.0,0b0000100101001100,0b00,VI produced with good quality,0b0011,Decreasing quality,0b01,Low,0b1,Yes,0b0,No,0b0,No,0b001,Land (Nothing else but land),0b0,No,0b0,No,0b00000000000000000000000000000001,0b00000000000000000000000000000001,"Marginal data, Useful, but look at other QA information"
City,Cuenca,-2.9001,-79.0059,2016-02-18,h10v09,1392.0,525.0,0.0573,2066.0,3.0,0b0000100000010010,0b10,"Pixel produced, but most probably cloudy",0b0100,Decreasing quality,0b00,Climatology,0b0,No,0b0,No,0b0,No,0b001,Land (Nothing else but land),0b0,No,0b0,No,0b00000000000000000000000000000011,0b00000000000000000000000000000011,"Cloudy data, Target not visible, covered with cloud"
City,Cuenca,-2.9001,-79.0059,2016-03-05,h10v09,1392.0,525.0,0.0974,2062.0,3.0,0b0000100000001110,0b10,"Pixel produced, but most probably cloudy",0b0011,Decreasing quality,0b00,Climatology,0b0,No,0b0,No,0b0,No,0b001,Land (Nothing else but land),0b0,No,0b0,No,0b00000000000000000000000000000011,0b00000000000000000000000000000011,"Cloudy data, Target not visible, covered with cloud"
City,Cuenca,-2.9001,-79.0059,2016-03-21,h10v09,1392.0,525.0,0.1364,2062.0,3.0,0b0000100000001110,0b10,"Pixel produced, but most probably cloudy",0b0011,Decreasing quality,0b00,Climatology,0b0,No,0b0,No,0b0,No,0b001,Land (Nothing else but land),0b0,No,0b0,No,0b00000000000000000000000000000011,0b00000000000000000000000000000011,"Cloudy data, Target not visible, covered with cloud"
City,Cuenca,-2.9001,-79.0059,2016-04-06,h10v09,1392.0,525.0,0.1389,2062.0,3.0,0b0000100000001110,0b10,"Pixel produced, but most probably cloudy",0b0011,Decreasing quality,0b00,Climatology,0b0,No,0b0,No,0b0,No,0b001,Land (Nothing else but land),0b0,No,0b0,No,0b00000000000000000000000000000011,0b00000000000000000000000000000011,"Cloudy data, Target not visible, covered with cloud"
City,Cuenca,-2.9001,-79.0059,2016-04-22,h10v09,1392.0,525.0,0.2828,2116.0,0.0,0b0000100001000100,0b00,VI produced with good quality,0b0001,Lower quality,0b01,Low,0b0,No,0b0,No,0b0,No,0b001,Land (Nothing else but land),0b0,No,0b0,No,0b00000000000000000000000000000000,0b00000000000000000000000000000000,"Good data, use with confidence"
City,Cuenca,-2.9001,-79.0059,2016-05-08,h10v09,1392.0,525.0,0.1578,2062.0,3.0,0b0000100000001110,0b10,"Pixel produced, but most probably cloudy",0b0011,Decreasing quality,0b00,Climatology,0b0,No,0b0,No,0b0,No,0b001,Land (Nothing else but land),0b0,No,0b0,No,0b00000000000000000000000000000011,0b00000000000000000000000000000011,"Cloudy data, Target not visible, covered with cloud"
City,Cuenca,-2.9001,-79.0059,2016-05-24,h10v09,1392.0,525.0,0.3158,35152.0,1.0,0b1000100101010000,0b00,VI produced with good quality,0b0100,Decreasing quality,0b01,Low,0b1,Yes,0b0,No,0b0,No,0b001,Land (Nothing else but land),0b0,No,0b1,Yes,0b00000000000000000000000000000001,0b00000000000000000000000000000001,"Marginal data, Useful, but look at other QA information"
City,Cuenca,-2.9001,-79.0059,2016-06-09,h10v09,1392.0,525.0,0.2735,2116.0,0.0,0b0000100001000100,0b00,VI produced with good quality,0b0001,Lower quality,0b01,Low,0b0,No,0b0,No,0b0,No,0b001,Land (Nothing else but land),0b0,No,0b0,No,0b00000000000000000000000000000000,0b00000000000000000000000000000000,"Good data, use with confidence"
City,Cuenca,-2.9001,-79.0059,2016-06-25,h10v09,1392.0,525.0,0.2147,2449.0,1.0,0b0000100110010001,0b01,"VI produced, but check other QA",0b0100,Decreasing quality,0b10,Average,0b1,Yes,0b0,No,0b0,No,0b001,Land (Nothing else but land),0b0,No,0b0,No,0b00000000000000000000000000000001,0b00000000000000000000000000000001,"Marginal data, Useful, but look at other QA information"
City,Cuenca,-2.9001,-79.0059,2016-07-11,h10v09,1392.0,525.0,0.1877,2116.0,0.0,0b0000100001000100,0b00,VI produced with good quality,0b0001,Lower quality,0b01,Low,0b0,No,0b0,No,0b0,No,0b001,Land (Nothing else but land),0b0,No,0b0,No,0b00000000000000000000000000000000,0b00000000000000000000000000000000,"Good data, use with confidence"
City,Cuenca,-2.9001,-79.0059,2016-07-27,h10v09,1392.0,525.0,0.2681,2380.0,1.0,0b0000100101001100,0b00,VI produced with good quality,0b0011,Decreasing quality,0b01,Low,0b1,Yes,0b0,No,0b0,No,0b001,Land (Nothing else but land),0b0,No,0b0,No,0b00000000000000000000000000000001,0b00000000000000000000000000000001,"Marginal data, Useful, but look at other QA information"
City,Cuenca,-2.9001,-79.0059,2016-08-12,h10v09,1392.0,525.0,0.2126,2120.0,0.0,0b0000100001001000,0b00,VI produced with good quality,0b0010,Decreasing quality,0b01,Low,0b0,No,0b0,No,0b0,No,0b001,Land (Nothing else but land),0b0,No,0b0,No,0b00000000000000000000000000000000,0b00000000000000000000000000000000,"Good data, use with confidence"
City,Cuenca,-2.9001,-79.0059,2016-08-28,h10v09,1392.0,525.0,0.264,35152.0,1.0,0b1000100101010000,0b00,VI produced with good quality,0b0100,Decreasing quality,0b01,Low,0b1,Yes,0b0,No,0b0,No,0b001,Land (Nothing else but land),0b0,No,0b1,Yes,0b00000000000000000000000000000001,0b00000000000000000000000000000001,"Marginal data, Useful, but look at other QA information"
City,Cuenca,-2.9001,-79.0059,2016-09-13,h10v09,1392.0,525.0,0.2335,2185.0,1.0,0b0000100010001001,0b01,"VI produced, but check other QA",0b0010,Decreasing quality,0b10,Average,0b0,No,0b0,No,0b0,No,0b001,Land (Nothing else but land),0b0,No,0b0,No,0b00000000000000000000000000000001,0b00000000000000000000000000000001,"Marginal data, Useful, but look at other QA information"
City,Cuenca,-2.9001,-79.0059,2016-09-29,h10v09,1392.0,525.0,0.2418,2116.0,0.0,0b0000100001000100,0b00,VI produced with good quality,0b0001,Lower quality,0b01,Low,0b0,No,0b0,No,0b0,No,0b001,Land (Nothing else but land),0b0,No,0b0,No,0b00000000000000000000000000000000,0b00000000000000000000000000000000,"Good data, use with confidence"
City,Cuenca,-2.9001,-79.0059,2016-10-15,h10v09,1392.0,525.0,0.1721,2116.0,0.0,0b0000100001000100,0b00,VI produced with good quality,0b0001,Lower quality,0b01,Low,0b0,No,0b0,No,0b0,No,0b001,Land (Nothing else but land),0b0,No,0b0,No,0b00000000000000000000000000000000,0b00000000000000000000000000000000,"Good data, use with confidence"
City,Cuenca,-2.9001,-79.0059,2016-10-31,h10v09,1392.0,525.0,0.2551,2116.0,0.0,0b0000100001000100,0b00,VI produced with good quality,0b0001,Lower quality,0b01,Low,0b0,No,0b0,No,0b0,No,0b001,Land (Nothing else but land),0b0,No,0b0,No,0b00000000000000000000000000000000,0b00000000000000000000000000000000,"Good data, use with confidence"
City,Cuenca,-2.9001,-79.0059,2016-11-16,h10v09,1392.0,525.0,0.2348,2116.0,0.0,0b0000100001000100,0b00,VI produced with good quality,0b0001,Lower quality,0b01,Low,0b0,No,0b0,No,0b0,No,0b001,Land (Nothing else but land),0b0,No,0b0,No,0b00000000000000000000000000000000,0b00000000000000000000000000000000,"Good data, use with confidence"
City,Cuenca,-2.9001,-79.0059,2016-12-02,h10v09,1392.0,525.0,0.2875,2120.0,1.0,0b0000100001001000,0b00,VI produced with good quality,0b0010,Decreasing quality,0b01,Low,0b0,No,0b0,No,0b0,No,0b001,Land (Nothing else but land),0b0,No,0b0,No,0b00000000000000000000000000000001,0b00000000000000000000000000000001,"Marginal data, Useful, but look at other QA information"
City,Cuenca,-2.9001,-79.0059,2016-12-18,h10v09,1392.0,525.0,0.2573,2116.0,0.0,0b0000100001000100,0b00,VI produced with good quality,0b0001,Lower quality,0b01,Low,0b0,No,0b0,No,0b0,No,0b001,Land (Nothing else but land),0b0,No,0b0,No,0b00000000000000000000000000000000,0b00000000000000000000000000000000,"Good data, use with confidence"
City,Cuenca,-2.9001,-79.0059,2017-01-01,h10v09,1392.0,525.0,0.1606,35221.0,1.0,0b1000100110010101,0b01,"VI produced, but check other QA",0b0101,Decreasing quality,0b10,Average,0b1,Yes,0b0,No,0b0,No,0b001,Land (Nothing else but land),0b0,No,0b1,Yes,0b00000000000000000000000000000001,0b00000000000000000000000000000001,"Marginal data, Useful, but look at other QA information"
City,Cuenca,-2.9001,-79.0059,2017-01-17,h10v09,1392.0,525.0,0.2458,2120.0,1.0,0b0000100001001000,0b00,VI produced with good quality,0b0010,Decreasing quality,0b01,Low,0b0,No,0b0,No,0b0,No,0b001,Land (Nothing else but land),0b0,No,0b0,No,0b00000000000000000000000000000001,0b00000000000000000000000000000001,"Marginal data, Useful, but look at other QA information"
City,Cuenca,-2.9001,-79.0059,2017-02-02,h10v09,1392.0,525.0,0.1248,2062.0,3.0,0b0000100000001110,0b10,"Pixel produced, but most probably cloudy",0b0011,Decreasing quality,0b00,Climatology,0b0,No,0b0,No,0b0,No,0b001,Land (Nothing else but land),0b0,No,0b0,No,0b00000000000000000000000000000011,0b00000000000000000000000000000011,"Cloudy data, Target not visible, covered with cloud"
City,Cuenca,-2.9001,-79.0059,2017-02-18,h10v09,1392.0,525.0,0.2397,2189.0,1.0,0b0000100010001101,0b01,"VI produced, but check other QA",0b0011,Decreasing quality,0b10,Average,0b0,No,0b0,No,0b0,No,0b001,Land (Nothing else but land),0b0,No,0b0,No,0b00000000000000000000000000000001,0b00000000000000000000000000000001,"Marginal data, Useful, but look at other QA information"
City,Cuenca,-2.9001,-79.0059,2017-03-06,h10v09,1392.0,525.0,0.194,2116.0,0.0,0b0000100001000100,0b00,VI produced with good quality,0b0001,Lower quality,0b01,Low,0b0,No,0b0,No,0b0,No,0b001,Land (Nothing else but land),0b0,No,0b0,No,0b00000000000000000000000000000000,0b00000000000000000000000000000000,"Good data, use with confidence"
City,Cuenca,-2.9001,-79.0059,2017-03-22,h10v09,1392.0,525.0,0.2051,35293.0,1.0,0b1000100111011101,0b01,"VI produced, but check other QA",0b0111,Decreasing quality,0b11,High,0b1,Yes,0b0,No,0b0,No,0b001,Land (Nothing else but land),0b0,No,0b1,Yes,0b00000000000000000000000000000001,0b00000000000000000000000000000001,"Marginal data, Useful, but look at other QA information"
City,Cuenca,-2.9001,-79.0059,2017-04-07,h10v09,1392.0,525.0,0.2194,35221.0,1.0,0b1000100110010101,0b01,"VI produced, but check other QA",0b0101,Decreasing quality,0b10,Average,0b1,Yes,0b0,No,0b0,No,0b001,Land (Nothing else but land),0b0,No,0b1,Yes,0b00000000000000000000000000000001,0b00000000000000000000000000000001,"Marginal data, Useful, but look at other QA information"
City,Cuenca,-2.9001,-79.0059,2017-04-23,h10v09,1392.0,525.0,0.221,2380.0,1.0,0b0000100101001100,0b00,VI produced with good quality,0b0011,Decreasing quality,0b01,Low,0b1,Yes,0b0,No,0b0,No,0b001,Land (Nothing else but land),0b0,No,0b0,No,0b00000000000000000000000000000001,0b00000000000000000000000000000001,"Marginal data, Useful, but look at other QA information"
City,Cuenca,-2.9001,-79.0059,2017-05-09,h10v09,1392.0,525.0,0.152,2062.0,3.0,0b0000100000001110,0b10,"Pixel produced, but most probably cloudy",0b0011,Decreasing quality,0b00,Climatology,0b0,No,0b0,No,0b0,No,0b001,Land (Nothing else but land),0b0,No,0b0,No,0b00000000000000000000000000000011,0b00000000000000000000000000000011,"Cloudy data, Target not visible, covered with cloud"
City,Cuenca,-2.9001,-79.0059,2017-05-25,h10v09,1392.0,525.0,0.2128,35152.0,1.0,0b1000100101010000,0b00,VI produced with good quality,0b0100,Decreasing quality,0b01,Low,0b1,Yes,0b0,No,0b0,No,0b001,Land (Nothing else but land),0b0,No,0b1,Yes,0b00000000000000000000000000000001,0b00000000000000000000000000000001,"Marginal data, Useful, but look at other QA information"
City,Cuenca,-2.9001,-79.0059,2017-06-10,h10v09,1392.0,525.0,0.3183,2116.0,0.0,0b0000100001000100,0b00,VI produced with good quality,0b0001,Lower quality,0b01,Low,0b0,No,0b0,No,0b0,No,0b001,Land (Nothing else but land),0b0,No,0b0,No,0b00000000000000000000000000000000,0b00000000000000000000000000000000,"Good data, use with confidence"
City,Cuenca,-2.9001,-79.0059,2017-06-26,h10v09,1392.0,525.0,0.2156,34892.0,1.0,0b1000100001001100,0b00,VI produced with good quality,0b0011,Decreasing quality,0b01,Low,0b0,No,0b0,No,0b0,No,0b001,Land (Nothing else but land),0b0,No,0b1,Yes,0b00000000000000000000000000000001,0b00000000000000000000000000000001,"Marginal data, Useful, but look at other QA information"
City,Cuenca,-2.9001,-79.0059,2017-07-12,h10v09,1392.0,525.0,0.1966,2116.0,0.0,0b0000100001000100,0b00,VI produced with good quality,0b0001,Lower quality,0b01,Low,0b0,No,0b0,No,0b0,No,0b001,Land (Nothing else but land),0b0,No,0b0,No,0b00000000000000000000000000000000,0b00000000000000000000000000000000,"Good data, use with confidence"
City,Cuenca,-2.9001,-79.0059,2017-07-28,h10v09,1392.0,525.0,0.2605,2116.0,0.0,0b0000100001000100,0b00,VI produced with good quality,0b0001,Lower quality,0b01,Low,0b0,No,0b0,No,0b0,No,0b001,Land (Nothing else but land),0b0,No,0b0,No,0b00000000000000000000000000000000,0b00000000000000000000000000000000,"Good data, use with confidence"
City,Cuenca,-2.9001,-79.0059,2017-08-13,h10v09,1392.0,525.0,0.2436,2120.0,1.0,0b0000100001001000,0b00,VI produced with good quality,0b0010,Decreasing quality,0b01,Low,0b0,No,0b0,No,0b0,No,0b001,Land (Nothing else but land),0b0,No,0b0,No,0b00000000000000000000000000000001,0b00000000000000000000000000000001,"Marginal data, Useful, but look at other QA information"
City,Cuenca,-2.9001,-79.0059,2017-08-29,h10v09,1392.0,525.0,0.1855,2116.0,0.0,0b0000100001000100,0b00,VI produced with good quality,0b0001,Lower quality,0b01,Low,0b0,No,0b0,No,0b0,No,0b001,Land (Nothing else but land),0b0,No,0b0,No,0b00000000000000000000000000000000,0b00000000000000000000000000000000,"Good data, use with confidence"
City,Cuenca,-2.9001,-79.0059,2017-09-14,h10v09,1392.0,525.0,0.1931,2116.0,0.0,0b0000100001000100,0b00,VI produced with good quality,0b0001,Lower quality,0b01,Low,0b0,No,0b0,No,0b0,No,0b001,Land (Nothing else but land),0b0,No,0b0,No,0b00000000000000000000000000000000,0b00000000000000000000000000000000,"Good data, use with confidence"
City,Cuenca,-2.9001,-79.0059,2017-09-30,h10v09,1392.0,525.0,0.1607,2116.0,0.0,0b0000100001000100,0b00,VI produced with good quality,0b0001,Lower quality,0b01,Low,0b0,No,0b0,No,0b0,No,0b001,Land (Nothing else but land),0b0,No,0b0,No,0b00000000000000000000000000000000,0b00000000000000000000000000000000,"Good data, use with confidence"
City,Cuenca,-2.9001,-79.0059,2017-10-16,h10v09,1392.0,525.0,0.1826,2062.0,3.0,0b0000100000001110,0b10,"Pixel produced, but most probably cloudy",0b0011,Decreasing quality,0b00,Climatology,0b0,No,0b0,No,0b0,No,0b001,Land (Nothing else but land),0b0,No,0b0,No,0b00000000000000000000000000000011,0b00000000000000000000000000000011,"Cloudy data, Target not visible, covered with cloud"
City,Cuenca,-2.9001,-79.0059,2017-11-01,h10v09,1392.0,525.0,0.1678,2116.0,0.0,0b0000100001000100,0b00,VI produced with good quality,0b0001,Lower quality,0b01,Low,0b0,No,0b0,No,0b0,No,0b001,Land (Nothing else but land),0b0,No,0b0,No,0b00000000000000000000000000000000,0b00000000000000000000000000000000,"Good data, use with confidence"
City,Cuenca,-2.9001,-79.0059,2017-11-17,h10v09,1392.0,525.0,0.2819,2120.0,1.0,0b0000100001001000,0b00,VI produced with good quality,0b0010,Decreasing quality,0b01,Low,0b0,No,0b0,No,0b0,No,0b001,Land (Nothing else but land),0b0,No,0b0,No,0b00000000000000000000000000000001,0b00000000000000000000000000000001,"Marginal data, Useful, but look at other QA information"
City,Cuenca,-2.9001,-79.0059,2017-12-03,h10v09,1392.0,525.0,0.2777,2189.0,1.0,0b0000100010001101,0b01,"VI produced, but check other QA",0b0011,Decreasing quality,0b10,Average,0b0,No,0b0,No,0b0,No,0b001,Land (Nothing else but land),0b0,No,0b0,No,0b00000000000000000000000000000001,0b00000000000000000000000000000001,"Marginal data, Useful, but look at other QA information"
City,Cuenca,-2.9001,-79.0059,2017-12-19,h10v09,1392.0,525.0,0.2256,35152.0,1.0,0b1000100101010000,0b00,VI produced with good quality,0b0100,Decreasing quality,0b01,Low,0b1,Yes,0b0,No,0b0,No,0b001,Land (Nothing else but land),0b0,No,0b1,Yes,0b00000000000000000000000000000001,0b00000000000000000000000000000001,"Marginal data, Useful, but look at other QA information"
City,Cuenca,-2.9001,-79.0059,2018-01-01,h10v09,1392.0,525.0,0.2568,2116.0,0.0,0b0000100001000100,0b00,VI produced with good quality,0b0001,Lower quality,0b01,Low,0b0,No,0b0,No,0b0,No,0b001,Land (Nothing else but land),0b0,No,0b0,No,0b00000000000000000000000000000000,0b00000000000000000000000000000000,"Good data, use with confidence"
City,Cuenca,-2.9001,-79.0059,2018-01-17,h10v09,1392.0,525.0,0.3269,35225.0,1.0,0b1000100110011001,0b01,"VI produced, but check other QA",0b0110,Decreasing quality,0b10,Average,0b1,Yes,0b0,No,0b0,No,0b001,Land (Nothing else but land),0b0,No,0b1,Yes,0b00000000000000000000000000000001,0b00000000000000000000000000000001,"Marginal data, Useful, but look at other QA information"
City,Cuenca,-2.9001,-79.0059,2018-02-02,h10v09,1392.0,525.0,0.0923,2062.0,3.0,0b0000100000001110,0b10,"Pixel produced, but most probably cloudy",0b0011,Decreasing quality,0b00,Climatology,0b0,No,0b0,No,0b0,No,0b001,Land (Nothing else but land),0b0,No,0b0,No,0b00000000000000000000000000000011,0b00000000000000000000000000000011,"Cloudy data, Target not visible, covered with cloud"
City,Cuenca,-2.9001,-79.0059,2018-02-18,h10v09,1392.0,525.0,0.2921,2376.0,1.0,0b0000100101001000,0b00,VI produced with good quality,0b0010,Decreasing quality,0b01,Low,0b1,Yes,0b0,No,0b0,No,0b001,Land (Nothing else but land),0b0,No,0b0,No,0b00000000000000000000000000000001,0b00000000000000000000000000000001,"Marginal data, Useful, but look at other QA information"
City,Cuenca,-2.9001,-79.0059,2018-03-06,h10v09,1392.0,525.0,0.2952,2062.0,3.0,0b0000100000001110,0b10,"Pixel produced, but most probably cloudy",0b0011,Decreasing quality,0b00,Climatology,0b0,No,0b0,No,0b0,No,0b001,Land (Nothing else but land),0b0,No,0b0,No,0b00000000000000000000000000000011,0b00000000000000000000000000000011,"Cloudy data, Target not visible, covered with cloud"
City,Cuenca,-2.9001,-79.0059,2018-03-22,h10v09,1392.0,525.0,0.291,2062.0,3.0,0b0000100000001110,0b10,"Pixel produced, but most probably cloudy",0b0011,Decreasing quality,0b00,Climatology,0b0,No,0b0,No,0b0,No,0b001,Land (Nothing else but land),0b0,No,0b0,No,0b00000000000000000000000000000011,0b00000000000000000000000000000011,"Cloudy data, Target not visible, covered with cloud"
City,Cuenca,-2.9001,-79.0059,2018-04-07,h10v09,1392.0,525.0,0.2635,2120.0,1.0,0b0000100001001000,0b00,VI produced with good quality,0b0010,Decreasing quality,0b01,Low,0b0,No,0b0,No,0b0,No,0b001,Land (Nothing else but land),0b0,No,0b0,No,0b00000000000000000000000000000001,0b00000000000000000000000000000001,"Marginal data, Useful, but look at other QA information"
City,Cuenca,-2.9001,-79.0059,2018-04-23,h10v09,1392.0,525.0,0.1066,2062.0,3.0,0b0000100000001110,0b10,"Pixel produced, but most probably cloudy",0b0011,Decreasing quality,0b00,Climatology,0b0,No,0b0,No,0b0,No,0b001,Land (Nothing else but land),0b0,No,0b0,No,0b00000000000000000000000000000011,0b00000000000000000000000000000011,"Cloudy data, Target not visible, covered with cloud"
City,Cuenca,-2.9001,-79.0059,2018-05-09,h10v09,1392.0,525.0,0.1951,2376.0,1.0,0b0000100101001000,0b00,VI produced with good quality,0b0010,Decreasing quality,0b01,Low,0b1,Yes,0b0,No,0b0,No,0b001,Land (Nothing else but land),0b0,No,0b0,No,0b00000000000000000000000000000001,0b00000000000000000000000000000001,"Marginal data, Useful, but look at other QA information"
City,Cuenca,-2.9001,-79.0059,2018-05-25,h10v09,1392.0,525.0,0.2954,2120.0,1.0,0b0000100001001000,0b00,VI produced with good quality,0b0010,Decreasing quality,0b01,Low,0b0,No,0b0,No,0b0,No,0b001,Land (Nothing else but land),0b0,No,0b0,No,0b00000000000000000000000000000001,0b00000000000000000000000000000001,"Marginal data, Useful, but look at other QA information"
City,Cuenca,-2.9001,-79.0059,2018-06-10,h10v09,1392.0,525.0,0.2715,2376.0,1.0,0b0000100101001000,0b00,VI produced with good quality,0b0010,Decreasing quality,0b01,Low,0b1,Yes,0b0,No,0b0,No,0b001,Land (Nothing else but land),0b0,No,0b0,No,0b00000000000000000000000000000001,0b00000000000000000000000000000001,"Marginal data, Useful, but look at other QA information"
City,Cuenca,-2.9001,-79.0059,2018-06-26,h10v09,1392.0,525.0,0.2773,2120.0,0.0,0b0000100001001000,0b00,VI produced with good quality,0b0010,Decreasing quality,0b01,Low,0b0,No,0b0,No,0b0,No,0b001,Land (Nothing else but land),0b0,No,0b0,No,0b00000000000000000000000000000000,0b00000000000000000000000000000000,"Good data, use with confidence"
City,Cuenca,-2.9001,-79.0059,2018-07-12,h10v09,1392.0,525.0,0.1454,2062.0,3.0,0b0000100000001110,0b10,"Pixel produced, but most probably cloudy",0b0011,Decreasing quality,0b00,Climatology,0b0,No,0b0,No,0b0,No,0b001,Land (Nothing else but land),0b0,No,0b0,No,0b00000000000000000000000000000011,0b00000000000000000000000000000011,"Cloudy data, Target not visible, covered with cloud"
City,Cuenca,-2.9001,-79.0059,2018-07-28,h10v09,1392.0,525.0,0.2717,35152.0,1.0,0b1000100101010000,0b00,VI produced with good quality,0b0100,Decreasing quality,0b01,Low,0b1,Yes,0b0,No,0b0,No,0b001,Land (Nothing else but land),0b0,No,0b1,Yes,0b00000000000000000000000000000001,0b00000000000000000000000000000001,"Marginal data, Useful, but look at other QA information"
City,Cuenca,-2.9001,-79.0059,2018-08-13,h10v09,1392.0,525.0,0.1407,3098.0,3.0,0b0000110000011010,0b10,"Pixel produced, but most probably cloudy",0b0110,Decreasing quality,0b00,Climatology,0b0,No,0b0,No,0b1,Yes,0b001,Land (Nothing else but land),0b0,No,0b0,No,0b00000000000000000000000000000011,0b00000000000000000000000000000011,"Cloudy data, Target not visible, covered with cloud"
City,Cuenca,-2.9001,-79.0059,2018-08-29,h10v09,1392.0,525.0,0.1665,2376.0,1.0,0b0000100101001000,0b00,VI produced with good quality,0b0010,Decreasing quality,0b01,Low,0b1,Yes,0b0,No,0b0,No,0b001,Land (Nothing else but land),0b0,No,0b0,No,0b00000000000000000000000000000001,0b00000000000000000000000000000001,"Marginal data, Useful, but look at other QA information"
City,Cuenca,-2.9001,-79.0059,2018-09-14,h10v09,1392.0,525.0,0.242,35225.0,1.0,0b1000100110011001,0b01,"VI produced, but check other QA",0b0110,Decreasing quality,0b10,Average,0b1,Yes,0b0,No,0b0,No,0b001,Land (Nothing else but land),0b0,No,0b1,Yes,0b00000000000000000000000000000001,0b00000000000000000000000000000001,"Marginal data, Useful, but look at other QA information"
City,Cuenca,-2.9001,-79.0059,2018-09-30,h10v09,1392.0,525.0,0.2738,2120.0,1.0,0b0000100001001000,0b00,VI produced with good quality,0b0010,Decreasing quality,0b01,Low,0b0,No,0b0,No,0b0,No,0b001,Land (Nothing else but land),0b0,No,0b0,No,0b00000000000000000000000000000001,0b00000000000000000000000000000001,"Marginal data, Useful, but look at other QA information"
City,Cuenca,-2.9001,-79.0059,2018-10-16,h10v09,1392.0,525.0,0.2111,2116.0,0.0,0b0000100001000100,0b00,VI produced with good quality,0b0001,Lower quality,0b01,Low,0b0,No,0b0,No,0b0,No,0b001,Land (Nothing else but land),0b0,No,0b0,No,0b00000000000000000000000000000000,0b00000000000000000000000000000000,"Good data, use with confidence"
City,Cuenca,-2.9001,-79.0059,2018-11-01,h10v09,1392.0,525.0,0.2529,2449.0,1.0,0b0000100110010001,0b01,"VI produced, but check other QA",0b0100,Decreasing quality,0b10,Average,0b1,Yes,0b0,No,0b0,No,0b001,Land (Nothing else but land),0b0,No,0b0,No,0b00000000000000000000000000000001,0b00000000000000000000000000000001,"Marginal data, Useful, but look at other QA information"
City,Cuenca,-2.9001,-79.0059,2018-11-17,h10v09,1392.0,525.0,0.2745,2116.0,0.0,0b0000100001000100,0b00,VI produced with good quality,0b0001,Lower quality,0b01,Low,0b0,No,0b0,No,0b0,No,0b001,Land (Nothing else but land),0b0,No,0b0,No,0b00000000000000000000000000000000,0b00000000000000000000000000000000,"Good data, use with confidence"
City,Cuenca,-2.9001,-79.0059,2018-12-03,h10v09,1392.0,525.0,0.2351,2116.0,0.0,0b0000100001000100,0b00,VI produced with good quality,0b0001,Lower quality,0b01,Low,0b0,No,0b0,No,0b0,No,0b001,Land (Nothing else but land),0b0,No,0b0,No,0b00000000000000000000000000000000,0b00000000000000000000000000000000,"Good data, use with confidence"
City,Cuenca,-2.9001,-79.0059,2018-12-19,h10v09,1392.0,525.0,0.2198,2376.0,1.0,0b0000100101001000,0b00,VI produced with good quality,0b0010,Decreasing quality,0b01,Low,0b1,Yes,0b0,No,0b0,No,0b001,Land (Nothing else but land),0b0,No,0b0,No,0b00000000000000000000000000000001,0b00000000000000000000000000000001,"Marginal data, Useful, but look at other QA information"
City,Cuenca,-2.9001,-79.0059,2019-01-01,h10v09,1392.0,525.0,0.1888,2380.0,1.0,0b0000100101001100,0b00,VI produced with good quality,0b0011,Decreasing quality,0b01,Low,0b1,Yes,0b0,No,0b0,No,0b001,Land (Nothing else but land),0b0,No,0b0,No,0b00000000000000000000000000000001,0b00000000000000000000000000000001,"Marginal data, Useful, but look at other QA information"
City,Cuenca,-2.9001,-79.0059,2019-01-17,h10v09,1392.0,525.0,0.3208,35222.0,3.0,0b1000100110010110,0b10,"Pixel produced, but most probably cloudy",0b0101,Decreasing quality,0b10,Average,0b1,Yes,0b0,No,0b0,No,0b001,Land (Nothing else but land),0b0,No,0b1,Yes,0b00000000000000000000000000000011,0b00000000000000000000000000000011,"Cloudy data, Target not visible, covered with cloud"
City,Cuenca,-2.9001,-79.0059,2019-02-02,h10v09,1392.0,525.0,0.1417,2445.0,1.0,0b0000100110001101,0b01,"VI produced, but check other QA",0b0011,Decreasing quality,0b10,Average,0b1,Yes,0b0,No,0b0,No,0b001,Land (Nothing else but land),0b0,No,0b0,No,0b00000000000000000000000000000001,0b00000000000000000000000000000001,"Marginal data, Useful, but look at other QA information"
City,Cuenca,-2.9001,-79.0059,2019-02-18,h10v09,1392.0,525.0,0.2115,35221.0,1.0,0b1000100110010101,0b01,"VI produced, but check other QA",0b0101,Decreasing quality,0b10,Average,0b1,Yes,0b0,No,0b0,No,0b001,Land (Nothing else but land),0b0,No,0b1,Yes,0b00000000000000000000000000000001,0b00000000000000000000000000000001,"Marginal data, Useful, but look at other QA information"
City,Cuenca,-2.9001,-79.0059,2019-03-06,h10v09,1392.0,525.0,0.2708,2445.0,1.0,0b0000100110001101,0b01,"VI produced, but check other QA",0b0011,Decreasing quality,0b10,Average,0b1,Yes,0b0,No,0b0,No,0b001,Land (Nothing else but land),0b0,No,0b0,No,0b00000000000000000000000000000001,0b00000000000000000000000000000001,"Marginal data, Useful, but look at other QA information"
City,Cuenca,-2.9001,-79.0059,2019-03-22,h10v09,1392.0,525.0,0.3077,2445.0,1.0,0b0000100110001101,0b01,"VI produced, but check other QA",0b0011,Decreasing quality,0b10,Average,0b1,Yes,0b0,No,0b0,No,0b001,Land (Nothing else but land),0b0,No,0b0,No,0b00000000000000000000000000000001,0b00000000000000000000000000000001,"Marginal data, Useful, but look at other QA information"
City,Cuenca,-2.9001,-79.0059,2019-04-07,h10v09,1392.0,525.0,0.2795,35152.0,1.0,0b1000100101010000,0b00,VI produced with good quality,0b0100,Decreasing quality,0b01,Low,0b1,Yes,0b0,No,0b0,No,0b001,Land (Nothing else but land),0b0,No,0b1,Yes,0b00000000000000000000000000000001,0b00000000000000000000000000000001,"Marginal data, Useful, but look at other QA information"
City,Cuenca,-2.9001,-79.0059,2019-04-23,h10v09,1392.0,525.0,0.2834,36330.0,3.0,0b1000110111101010,0b10,"Pixel produced, but most probably cloudy",0b1010,Decreasing quality,0b11,High,0b1,Yes,0b0,No,0b1,Yes,0b001,Land (Nothing else but land),0b0,No,0b1,Yes,0b00000000000000000000000000000011,0b00000000000000000000000000000011,"Cloudy data, Target not visible, covered with cloud"
City,Cuenca,-2.9001,-79.0059,2019-05-09,h10v09,1392.0,525.0,0.1731,2116.0,0.0,0b0000100001000100,0b00,VI produced with good quality,0b0001,Lower quality,0b01,Low,0b0,No,0b0,No,0b0,No,0b001,Land (Nothing else but land),0b0,No,0b0,No,0b00000000000000000000000000000000,0b00000000000000000000000000000000,"Good data, use with confidence"
City,Cuenca,-2.9001,-79.0059,2019-05-25,h10v09,1392.0,525.0,0.2349,2116.0,0.0,0b0000100001000100,0b00,VI produced with good quality,0b0001,Lower quality,0b01,Low,0b0,No,0b0,No,0b0,No,0b001,Land (Nothing else but land),0b0,No,0b0,No,0b00000000000000000000000000000000,0b00000000000000000000000000000000,"Good data, use with confidence"
City,Cuenca,-2.9001,-79.0059,2019-06-10,h10v09,1392.0,525.0,0.2095,2116.0,0.0,0b0000100001000100,0b00,VI produced with good quality,0b0001,Lower quality,0b01,Low,0b0,No,0b0,No,0b0,No,0b001,Land (Nothing else but land),0b0,No,0b0,No,0b00000000000000000000000000000000,0b00000000000000000000000000000000,"Good data, use with confidence"
City,Cuenca,-2.9001,-79.0059,2019-06-26,h10v09,1392.0,525.0,0.2524,2120.0,1.0,0b0000100001001000,0b00,VI produced with good quality,0b0010,Decreasing quality,0b01,Low,0b0,No,0b0,No,0b0,No,0b001,Land (Nothing else but land),0b0,No,0b0,No,0b00000000000000000000000000000001,0b00000000000000000000000000000001,"Marginal data, Useful, but look at other QA information"
City,Cuenca,-2.9001,-79.0059,2019-07-12,h10v09,1392.0,525.0,0.304,2376.0,1.0,0b0000100101001000,0b00,VI produced with good quality,0b0010,Decreasing quality,0b01,Low,0b1,Yes,0b0,No,0b0,No,0b001,Land (Nothing else but land),0b0,No,0b0,No,0b00000000000000000000000000000001,0b00000000000000000000000000000001,"Marginal data, Useful, but look at other QA information"
City,Cuenca,-2.9001,-79.0059,2019-07-28,h10v09,1392.0,525.0,0.2037,2116.0,0.0,0b0000100001000100,0b00,VI produced with good quality,0b0001,Lower quality,0b01,Low,0b0,No,0b0,No,0b0,No,0b001,Land (Nothing else but land),0b0,No,0b0,No,0b00000000000000000000000000000000,0b00000000000000000000000000000000,"Good data, use with confidence"
City,Cuenca,-2.9001,-79.0059,2019-08-13,h10v09,1392.0,525.0,0.232,2116.0,0.0,0b0000100001000100,0b00,VI produced with good quality,0b0001,Lower quality,0b01,Low,0b0,No,0b0,No,0b0,No,0b001,Land (Nothing else but land),0b0,No,0b0,No,0b00000000000000000000000000000000,0b00000000000000000000000000000000,"Good data, use with confidence"
City,Cuenca,-2.9001,-79.0059,2019-08-29,h10v09,1392.0,525.0,0.2314,2120.0,1.0,0b0000100001001000,0b00,VI produced with good quality,0b0010,Decreasing quality,0b01,Low,0b0,No,0b0,No,0b0,No,0b001,Land (Nothing else but land),0b0,No,0b0,No,0b00000000000000000000000000000001,0b00000000000000000000000000000001,"Marginal data, Useful, but look at other QA information"
City,Cuenca,-2.9001,-79.0059,2019-09-14,h10v09,1392.0,525.0,0.1407,2376.0,1.0,0b0000100101001000,0b00,VI produced with good quality,0b0010,Decreasing quality,0b01,Low,0b1,Yes,0b0,No,0b0,No,0b001,Land (Nothing else but land),0b0,No,0b0,No,0b00000000000000000000000000000001,0b00000000000000000000000000000001,"Marginal data, Useful, but look at other QA information"
City,Cuenca,-2.9001,-79.0059,2019-09-30,h10v09,1392.0,525.0,0.2812,2189.0,1.0,0b0000100010001101,0b01,"VI produced, but check other QA",0b0011,Decreasing quality,0b10,Average,0b0,No,0b0,No,0b0,No,0b001,Land (Nothing else but land),0b0,No,0b0,No,0b00000000000000000000000000000001,0b00000000000000000000000000000001,"Marginal data, Useful, but look at other QA information"
City,Cuenca,-2.9001,-79.0059,2019-10-16,h10v09,1392.0,525.0,0.1557,2062.0,3.0,0b0000100000001110,0b10,"Pixel produced, but most probably cloudy",0b0011,Decreasing quality,0b00,Climatology,0b0,No,0b0,No,0b0,No,0b001,Land (Nothing else but land),0b0,No,0b0,No,0b00000000000000000000000000000011,0b00000000000000000000000000000011,"Cloudy data, Target not visible, covered with cloud"
City,Cuenca,-2.9001,-79.0059,2019-11-01,h10v09,1392.0,525.0,0.174,2062.0,3.0,0b0000100000001110,0b10,"Pixel produced, but most probably cloudy",0b0011,Decreasing quality,0b00,Climatology,0b0,No,0b0,No,0b0,No,0b001,Land (Nothing else but land),0b0,No,0b0,No,0b00000000000000000000000000000011,0b00000000000000000000000000000011,"Cloudy data, Target not visible, covered with cloud"
City,Cuenca,-2.9001,-79.0059,2019-11-17,h10v09,1392.0,525.0,0.2402,2120.0,1.0,0b0000100001001000,0b00,VI produced with good quality,0b0010,Decreasing quality,0b01,Low,0b0,No,0b0,No,0b0,No,0b001,Land (Nothing else but land),0b0,No,0b0,No,0b00000000000000000000000000000001,0b00000000000000000000000000000001,"Marginal data, Useful, but look at other QA information"
City,Cuenca,-2.9001,-79.0059,2019-12-03,h10v09,1392.0,525.0,0.1546,2116.0,0.0,0b0000100001000100,0b00,VI produced with good quality,0b0001,Lower quality,0b01,Low,0b0,No,0b0,No,0b0,No,0b001,Land (Nothing else but land),0b0,No,0b0,No,0b00000000000000000000000000000000,0b00000000000000000000000000000000,"Good data, use with confidence"
City,Cuenca,-2.9001,-79.0059,2019-12-19,h10v09,1392.0,525.0,0.1595,2062.0,3.0,0b0000100000001110,0b10,"Pixel produced, but most probably cloudy",0b0011,Decreasing quality,0b00,Climatology,0b0,No,0b0,No,0b0,No,0b001,Land (Nothing else but land),0b0,No,0b0,No,0b00000000000000000000000000000011,0b00000000000000000000000000000011,"Cloudy data, Target not visible, covered with cloud"
City,Cuenca,-2.9001,-79.0059,2020-01-01,h10v09,1392.0,525.0,0.248,2116.0,0.0,0b0000100001000100,0b00,VI produced with good quality,0b0001,Lower quality,0b01,Low,0b0,No,0b0,No,0b0,No,0b001,Land (Nothing else but land),0b0,No,0b0,No,0b00000000000000000000000000000000,0b00000000000000000000000000000000,"Good data, use with confidence"
City,Cuenca,-2.9001,-79.0059,2020-01-17,h10v09,1392.0,525.0,0.2828,2449.0,1.0,0b0000100110010001,0b01,"VI produced, but check other QA",0b0100,Decreasing quality,0b10,Average,0b1,Yes,0b0,No,0b0,No,0b001,Land (Nothing else but land),0b0,No,0b0,No,0b00000000000000000000000000000001,0b00000000000000000000000000000001,"Marginal data, Useful, but look at other QA information"
City,Cuenca,-2.9001,-79.0059,2020-02-02,h10v09,1392.0,525.0,0.2938,2116.0,0.0,0b0000100001000100,0b00,VI produced with good quality,0b0001,Lower quality,0b01,Low,0b0,No,0b0,No,0b0,No,0b001,Land (Nothing else but land),0b0,No,0b0,No,0b00000000000000000000000000000000,0b00000000000000000000000000000000,"Good data, use with confidence"
City,Cuenca,-2.9001,-79.0059,2020-02-18,h10v09,1392.0,525.0,0.3128,35293.0,1.0,0b1000100111011101,0b01,"VI produced, but check other QA",0b0111,Decreasing quality,0b11,High,0b1,Yes,0b0,No,0b0,No,0b001,Land (Nothing else but land),0b0,No,0b1,Yes,0b00000000000000000000000000000001,0b00000000000000000000000000000001,"Marginal data, Useful, but look at other QA information"
City,Cuenca,-2.9001,-79.0059,2020-03-05,h10v09,1392.0,525.0,0.1898,2116.0,0.0,0b0000100001000100,0b00,VI produced with good quality,0b0001,Lower quality,0b01,Low,0b0,No,0b0,No,0b0,No,0b001,Land (Nothing else but land),0b0,No,0b0,No,0b00000000000000000000000000000000,0b00000000000000000000000000000000,"Good data, use with confidence"
City,Cuenca,-2.9001,-79.0059,2020-03-21,h10v09,1392.0,525.0,0.1658,2116.0,0.0,0b0000100001000100,0b00,VI produced with good quality,0b0001,Lower quality,0b01,Low,0b0,No,0b0,No,0b0,No,0b001,Land (Nothing else but land),0b0,No,0b0,No,0b00000000000000000000000000000000,0b00000000000000000000000000000000,"Good data, use with confidence"
City,Cuenca,-2.9001,-79.0059,2020-04-06,h10v09,1392.0,525.0,0.267,35221.0,1.0,0b1000100110010101,0b01,"VI produced, but check other QA",0b0101,Decreasing quality,0b10,Average,0b1,Yes,0b0,No,0b0,No,0b001,Land (Nothing else but land),0b0,No,0b1,Yes,0b00000000000000000000000000000001,0b00000000000000000000000000000001,"Marginal data, Useful, but look at other QA information"
City,Cuenca,-2.9001,-79.0059,2020-04-22,h10v09,1392.0,525.0,0.2813,35293.0,1.0,0b1000100111011101,0b01,"VI produced, but check other QA",0b0111,Decreasing quality,0b11,High,0b1,Yes,0b0,No,0b0,No,0b001,Land (Nothing else but land),0b0,No,0b1,Yes,0b00000000000000000000000000000001,0b00000000000000000000000000000001,"Marginal data, Useful, but look at other QA information"
City,Cuenca,-2.9001,-79.0059,2020-05-08,h10v09,1392.0,525.0,0.3288,2189.0,1.0,0b0000100010001101,0b01,"VI produced, but check other QA",0b0011,Decreasing quality,0b10,Average,0b0,No,0b0,No,0b0,No,0b001,Land (Nothing else but land),0b0,No,0b0,No,0b00000000000000000000000000000001,0b00000000000000000000000000000001,"Marginal data, Useful, but look at other QA information"
City,Cuenca,-2.9001,-79.0059,2020-05-24,h10v09,1392.0,525.0,0.3145,2116.0,0.0,0b0000100001000100,0b00,VI produced with good quality,0b0001,Lower quality,0b01,Low,0b0,No,0b0,No,0b0,No,0b001,Land (Nothing else but land),0b0,No,0b0,No,0b00000000000000000000000000000000,0b00000000000000000000000000000000,"Good data, use with confidence"
City,Cuenca,-2.9001,-79.0059,2020-06-09,h10v09,1392.0,525.0,0.1909,2116.0,0.0,0b0000100001000100,0b00,VI produced with good quality,0b0001,Lower quality,0b01,Low,0b0,No,0b0,No,0b0,No,0b001,Land (Nothing else but land),0b0,No,0b0,No,0b00000000000000000000000000000000,0b00000000000000000000000000000000,"Good data, use with confidence"
City,Cuenca,-2.9001,-79.0059,2020-06-25,h10v09,1392.0,525.0,0.2453,2376.0,1.0,0b0000100101001000,0b00,VI produced with good quality,0b0010,Decreasing quality,0b01,Low,0b1,Yes,0b0,No,0b0,No,0b001,Land (Nothing else but land),0b0,No,0b0,No,0b00000000000000000000000000000001,0b00000000000000000000000000000001,"Marginal data, Useful, but look at other QA information"
City,Cuenca,-2.9001,-79.0059,2020-07-11,h10v09,1392.0,525.0,0.2583,35152.0,1.0,0b1000100101010000,0b00,VI produced with good quality,0b0100,Decreasing quality,0b01,Low,0b1,Yes,0b0,No,0b0,No,0b001,Land (Nothing else but land),0b0,No,0b1,Yes,0b00000000000000000000000000000001,0b00000000000000000000000000000001,"Marginal data, Useful, but look at other QA information"
City,Cuenca,-2.9001,-79.0059,2020-07-27,h10v09,1392.0,525.0,0.4292,2517.0,1.0,0b0000100111010101,0b01,"VI produced, but check other QA",0b0101,Decreasing quality,0b11,High,0b1,Yes,0b0,No,0b0,No,0b001,Land (Nothing else but land),0b0,No,0b0,No,0b00000000000000000000000000000001,0b00000000000000000000000000000001,"Marginal data, Useful, but look at other QA information"
City,Cuenca,-2.9001,-79.0059,2020-08-12,h10v09,1392.0,525.0,0.163,2116.0,0.0,0b0000100001000100,0b00,VI produced with good quality,0b0001,Lower quality,0b01,Low,0b0,No,0b0,No,0b0,No,0b001,Land (Nothing else but land),0b0,No,0b0,No,0b00000000000000000000000000000000,0b00000000000000000000000000000000,"Good data, use with confidence"
City,Cuenca,-2.9001,-79.0059,2020-08-28,h10v09,1392.0,525.0,0.1456,2116.0,0.0,0b0000100001000100,0b00,VI produced with good quality,0b0001,Lower quality,0b01,Low,0b0,No,0b0,No,0b0,No,0b001,Land (Nothing else but land),0b0,No,0b0,No,0b00000000000000000000000000000000,0b00000000000000000000000000000000,"Good data, use with confidence"
City,Cuenca,-2.9001,-79.0059,2020-09-13,h10v09,1392.0,525.0,0.2826,2120.0,1.0,0b0000100001001000,0b00,VI produced with good quality,0b0010,Decreasing quality,0b01,Low,0b0,No,0b0,No,0b0,No,0b001,Land (Nothing else but land),0b0,No,0b0,No,0b00000000000000000000000000000001,0b00000000000000000000000000000001,"Marginal data, Useful, but look at other QA information"
City,Cuenca,-2.9001,-79.0059,2020-09-29,h10v09,1392.0,525.0,0.2541,35152.0,1.0,0b1000100101010000,0b00,VI produced with good quality,0b0100,Decreasing quality,0b01,Low,0b1,Yes,0b0,No,0b0,No,0b001,Land (Nothing else but land),0b0,No,0b1,Yes,0b00000000000000000000000000000001,0b00000000000000000000000000000001,"Marginal data, Useful, but look at other QA information"
City,Cuenca,-2.9001,-79.0059,2020-10-15,h10v09,1392.0,525.0,0.1529,2116.0,0.0,0b0000100001000100,0b00,VI produced with good quality,0b0001,Lower quality,0b01,Low,0b0,No,0b0,No,0b0,No,0b001,Land (Nothing else but land),0b0,No,0b0,No,0b00000000000000000000000000000000,0b00000000000000000000000000000000,"Good data, use with confidence"
City,Cuenca,-2.9001,-79.0059,2020-10-31,h10v09,1392.0,525.0,0.2317,2120.0,1.0,0b0000100001001000,0b00,VI produced with good quality,0b0010,Decreasing quality,0b01,Low,0b0,No,0b0,No,0b0,No,0b001,Land (Nothing else but land),0b0,No,0b0,No,0b00000000000000000000000000000001,0b00000000000000000000000000000001,"Marginal data, Useful, but look at other QA information"
City,Cuenca,-2.9001,-79.0059,2020-11-16,h10v09,1392.0,525.0,0.2963,2376.0,1.0,0b0000100101001000,0b00,VI produced with good quality,0b0010,Decreasing quality,0b01,Low,0b1,Yes,0b0,No,0b0,No,0b001,Land (Nothing else but land),0b0,No,0b0,No,0b00000000000000000000000000000001,0b00000000000000000000000000000001,"Marginal data, Useful, but look at other QA information"
City,Cuenca,-2.9001,-79.0059,2020-12-02,h10v09,1392.0,525.0,0.2806,2445.0,1.0,0b0000100110001101,0b01,"VI produced, but check other QA",0b0011,Decreasing quality,0b10,Average,0b1,Yes,0b0,No,0b0,No,0b001,Land (Nothing else but land),0b0,No,0b0,No,0b00000000000000000000000000000001,0b00000000000000000000000000000001,"Marginal data, Useful, but look at other QA information"
City,Cuenca,-2.9001,-79.0059,2020-12-18,h10v09,1392.0,525.0,0.2791,2380.0,1.0,0b0000100101001100,0b00,VI produced with good quality,0b0011,Decreasing quality,0b01,Low,0b1,Yes,0b0,No,0b0,No,0b001,Land (Nothing else but land),0b0,No,0b0,No,0b00000000000000000000000000000001,0b00000000000000000000000000000001,"Marginal data, Useful, but look at other QA information"
City,Cuenca,-2.9001,-79.0059,2021-01-01,h10v09,1392.0,525.0,0.1926,2066.0,3.0,0b0000100000010010,0b10,"Pixel produced, but most probably cloudy",0b0100,Decreasing quality,0b00,Climatology,0b0,No,0b0,No,0b0,No,0b001,Land (Nothing else but land),0b0,No,0b0,No,0b00000000000000000000000000000011,0b00000000000000000000000000000011,"Cloudy data, Target not visible, covered with cloud"
City,Cuenca,-2.9001,-79.0059,2021-01-17,h10v09,1392.0,525.0,0.3024,35221.0,1.0,0b1000100110010101,0b01,"VI produced, but check other QA",0b0101,Decreasing quality,0b10,Average,0b1,Yes,0b0,No,0b0,No,0b001,Land (Nothing else but land),0b0,No,0b1,Yes,0b00000000000000000000000000000001,0b00000000000000000000000000000001,"Marginal data, Useful, but look at other QA information"
City,Cuenca,-2.9001,-79.0059,2021-02-02,h10v09,1392.0,525.0,0.1433,2376.0,1.0,0b0000100101001000,0b00,VI produced with good quality,0b0010,Decreasing quality,0b01,Low,0b1,Yes,0b0,No,0b0,No,0b001,Land (Nothing else but land),0b0,No,0b0,No,0b00000000000000000000000000000001,0b00000000000000000000000000000001,"Marginal data, Useful, but look at other QA information"
City,Cuenca,-2.9001,-79.0059,2021-02-18,h10v09,1392.0,525.0,0.2238,35221.0,1.0,0b1000100110010101,0b01,"VI produced, but check other QA",0b0101,Decreasing quality,0b10,Average,0b1,Yes,0b0,No,0b0,No,0b001,Land (Nothing else but land),0b0,No,0b1,Yes,0b00000000000000000000000000000001,0b00000000000000000000000000000001,"Marginal data, Useful, but look at other QA information"
City,Cuenca,-2.9001,-79.0059,2021-03-06,h10v09,1392.0,525.0,0.1745,2185.0,1.0,0b0000100010001001,0b01,"VI produced, but check other QA",0b0010,Decreasing quality,0b10,Average,0b0,No,0b0,No,0b0,No,0b001,Land (Nothing else but land),0b0,No,0b0,No,0b00000000000000000000000000000001,0b00000000000000000000000000000001,"Marginal data, Useful, but look at other QA information"
City,Cuenca,-2.9001,-79.0059,2021-03-22,h10v09,1392.0,525.0,0.1772,2376.0,1.0,0b0000100101001000,0b00,VI produced with good quality,0b0010,Decreasing quality,0b01,Low,0b1,Yes,0b0,No,0b0,No,0b001,Land (Nothing else but land),0b0,No,0b0,No,0b00000000000000000000000000000001,0b00000000000000000000000000000001,"Marginal data, Useful, but look at other QA information"
City,Cuenca,-2.9001,-79.0059,2021-04-07,h10v09,1392.0,525.0,0.1778,2445.0,1.0,0b0000100110001101,0b01,"VI produced, but check other QA",0b0011,Decreasing quality,0b10,Average,0b1,Yes,0b0,No,0b0,No,0b001,Land (Nothing else but land),0b0,No,0b0,No,0b00000000000000000000000000000001,0b00000000000000000000000000000001,"Marginal data, Useful, but look at other QA information"
City,Cuenca,-2.9001,-79.0059,2021-04-23,h10v09,1392.0,525.0,0.1806,2376.0,1.0,0b0000100101001000,0b00,VI produced with good quality,0b0010,Decreasing quality,0b01,Low,0b1,Yes,0b0,No,0b0,No,0b001,Land (Nothing else but land),0b0,No,0b0,No,0b00000000000000000000000000000001,0b00000000000000000000000000000001,"Marginal data, Useful, but look at other QA information"
City,Cuenca,-2.9001,-79.0059,2021-05-09,h10v09,1392.0,525.0,0.125,2066.0,3.0,0b0000100000010010,0b10,"Pixel produced, but most probably cloudy",0b0100,Decreasing quality,0b00,Climatology,0b0,No,0b0,No,0b0,No,0b001,Land (Nothing else but land),0b0,No,0b0,No,0b00000000000000000000000000000011,0b00000000000000000000000000000011,"Cloudy data, Target not visible, covered with cloud"
City,Cuenca,-2.9001,-79.0059,2021-05-25,h10v09,1392.0,525.0,0.3048,2116.0,0.0,0b0000100001000100,0b00,VI produced with good quality,0b0001,Lower quality,0b01,Low,0b0,No,0b0,No,0b0,No,0b001,Land (Nothing else but land),0b0,No,0b0,No,0b00000000000000000000000000000000,0b00000000000000000000000000000000,"Good data, use with confidence"
City,Cuenca,-2.9001,-79.0059,2021-06-10,h10v09,1392.0,525.0,0.3207,2376.0,1.0,0b0000100101001000,0b00,VI produced with good quality,0b0010,Decreasing quality,0b01,Low,0b1,Yes,0b0,No,0b0,No,0b001,Land (Nothing else but land),0b0,No,0b0,No,0b00000000000000000000000000000001,0b00000000000000000000000000000001,"Marginal data, Useful, but look at other QA information"
City,Cuenca,-2.9001,-79.0059,2021-06-26,h10v09,1392.0,525.0,0.248,2116.0,0.0,0b0000100001000100,0b00,VI produced with good quality,0b0001,Lower quality,0b01,Low,0b0,No,0b0,No,0b0,No,0b001,Land (Nothing else but land),0b0,No,0b0,No,0b00000000000000000000000000000000,0b00000000000000000000000000000000,"Good data, use with confidence"
City,Cuenca,-2.9001,-79.0059,2021-07-12,h10v09,1392.0,525.0,0.2337,2066.0,3.0,0b0000100000010010,0b10,"Pixel produced, but most probably cloudy",0b0100,Decreasing quality,0b00,Climatology,0b0,No,0b0,No,0b0,No,0b001,Land (Nothing else but land),0b0,No,0b0,No,0b00000000000000000000000000000011,0b00000000000000000000000000000011,"Cloudy data, Target not visible, covered with cloud"
City,Cuenca,-2.9001,-79.0059,2021-07-28,h10v09,1392.0,525.0,0.2115,2116.0,0.0,0b0000100001000100,0b00,VI produced with good quality,0b0001,Lower quality,0b01,Low,0b0,No,0b0,No,0b0,No,0b001,Land (Nothing else but land),0b0,No,0b0,No,0b00000000000000000000000000000000,0b00000000000000000000000000000000,"Good data, use with confidence"
City,Cuenca,-2.9001,-79.0059,2021-08-13,h10v09,1392.0,525.0,0.2468,2116.0,0.0,0b0000100001000100,0b00,VI produced with good quality,0b0001,Lower quality,0b01,Low,0b0,No,0b0,No,0b0,No,0b001,Land (Nothing else but land),0b0,No,0b0,No,0b00000000000000000000000000000000,0b00000000000000000000000000000000,"Good data, use with confidence"
City,Cuenca,-2.9001,-79.0059,2021-08-29,h10v09,1392.0,525.0,0.2232,2120.0,1.0,0b0000100001001000,0b00,VI produced with good quality,0b0010,Decreasing quality,0b01,Low,0b0,No,0b0,No,0b0,No,0b001,Land (Nothing else but land),0b0,No,0b0,No,0b00000000000000000000000000000001,0b00000000000000000000000000000001,"Marginal data, Useful, but look at other QA information"
City,Cuenca,-2.9001,-79.0059,2021-09-14,h10v09,1392.0,525.0,0.1989,35152.0,1.0,0b1000100101010000,0b00,VI produced with good quality,0b0100,Decreasing quality,0b01,Low,0b1,Yes,0b0,No,0b0,No,0b001,Land (Nothing else but land),0b0,No,0b1,Yes,0b00000000000000000000000000000001,0b00000000000000000000000000000001,"Marginal data, Useful, but look at other QA information"
City,Cuenca,-2.9001,-79.0059,2021-09-30,h10v09,1392.0,525.0,0.2263,2445.0,1.0,0b0000100110001101,0b01,"VI produced, but check other QA",0b0011,Decreasing quality,0b10,Average,0b1,Yes,0b0,No,0b0,No,0b001,Land (Nothing else but land),0b0,No,0b0,No,0b00000000000000000000000000000001,0b00000000000000000000000000000001,"Marginal data, Useful, but look at other QA information"
City,Cuenca,-2.9001,-79.0059,2021-10-16,h10v09,1392.0,525.0,0.2445,2376.0,1.0,0b0000100101001000,0b00,VI produced with good quality,0b0010,Decreasing quality,0b01,Low,0b1,Yes,0b0,No,0b0,No,0b001,Land (Nothing else but land),0b0,No,0b0,No,0b00000000000000000000000000000001,0b00000000000000000000000000000001,"Marginal data, Useful, but look at other QA information"
City,Cuenca,-2.9001,-79.0059,2021-11-01,h10v09,1392.0,525.0,0.1909,34961.0,1.0,0b1000100010010001,0b01,"VI produced, but check other QA",0b0100,Decreasing quality,0b10,Average,0b0,No,0b0,No,0b0,No,0b001,Land (Nothing else but land),0b0,No,0b1,Yes,0b00000000000000000000000000000001,0b00000000000000000000000000000001,"Marginal data, Useful, but look at other QA information"
City,Cuenca,-2.9001,-79.0059,2021-11-17,h10v09,1392.0,525.0,0.3417,2185.0,1.0,0b0000100010001001,0b01,"VI produced, but check other QA",0b0010,Decreasing quality,0b10,Average,0b0,No,0b0,No,0b0,No,0b001,Land (Nothing else but land),0b0,No,0b0,No,0b00000000000000000000000000000001,0b00000000000000000000000000000001,"Marginal data, Useful, but look at other QA information"
City,Cuenca,-2.9001,-79.0059,2021-12-03,h10v09,1392.0,525.0,0.2589,2449.0,1.0,0b0000100110010001,0b01,"VI produced, but check other QA",0b0100,Decreasing quality,0b10,Average,0b1,Yes,0b0,No,0b0,No,0b001,Land (Nothing else but land),0b0,No,0b0,No,0b00000000000000000000000000000001,0b00000000000000000000000000000001,"Marginal data, Useful, but look at other QA information"
City,Cuenca,-2.9001,-79.0059,2021-12-19,h10v09,1392.0,525.0,0.3053,2376.0,1.0,0b0000100101001000,0b00,VI produced with good quality,0b0010,Decreasing quality,0b01,Low,0b1,Yes,0b0,No,0b0,No,0b001,Land (Nothing else but land),0b0,No,0b0,No,0b00000000000000000000000000000001,0b00000000000000000000000000000001,"Marginal data, Useful, but look at other QA information"
City,Cuenca,-2.9001,-79.0059,2022-01-01,h10v09,1392.0,525.0,0.273,2185.0,1.0,0b0000100010001001,0b01,"VI produced, but check other QA",0b0010,Decreasing quality,0b10,Average,0b0,No,0b0,No,0b0,No,0b001,Land (Nothing else but land),0b0,No,0b0,No,0b00000000000000000000000000000001,0b00000000000000000000000000000001,"Marginal data, Useful, but look at other QA information"
City,Cuenca,-2.9001,-79.0059,2022-01-17,h10v09,1392.0,525.0,0.1804,2449.0,1.0,0b0000100110010001,0b01,"VI produced, but check other QA",0b0100,Decreasing quality,0b10,Average,0b1,Yes,0b0,No,0b0,No,0b001,Land (Nothing else but land),0b0,No,0b0,No,0b00000000000000000000000000000001,0b00000000000000000000000000000001,"Marginal data, Useful, but look at other QA information"
City,Cuenca,-2.9001,-79.0059,2022-02-02,h10v09,1392.0,525.0,0.2524,2185.0,1.0,0b0000100010001001,0b01,"VI produced, but check other QA",0b0010,Decreasing quality,0b10,Average,0b0,No,0b0,No,0b0,No,0b001,Land (Nothing else but land),0b0,No,0b0,No,0b00000000000000000000000000000001,0b00000000000000000000000000000001,"Marginal data, Useful, but look at other QA information"
City,Cuenca,-2.9001,-79.0059,2022-02-18,h10v09,1392.0,525.0,0.2999,2376.0,1.0,0b0000100101001000,0b00,VI produced with good quality,0b0010,Decreasing quality,0b01,Low,0b1,Yes,0b0,No,0b0,No,0b001,Land (Nothing else but land),0b0,No,0b0,No,0b00000000000000000000000000000001,0b00000000000000000000000000000001,"Marginal data, Useful, but look at other QA information"
City,Cuenca,-2.9001,-79.0059,2022-03-06,h10v09,1392.0,525.0,0.2947,2185.0,1.0,0b0000100010001001,0b01,"VI produced, but check other QA",0b0010,Decreasing quality,0b10,Average,0b0,No,0b0,No,0b0,No,0b001,Land (Nothing else but land),0b0,No,0b0,No,0b00000000000000000000000000000001,0b00000000000000000000000000000001,"Marginal data, Useful, but look at other QA information"
City,Cuenca,-2.9001,-79.0059,2022-03-22,h10v09,1392.0,525.0,0.1264,35293.0,1.0,0b1000100111011101,0b01,"VI produced, but check other QA",0b0111,Decreasing quality,0b11,High,0b1,Yes,0b0,No,0b0,No,0b001,Land (Nothing else but land),0b0,No,0b1,Yes,0b00000000000000000000000000000001,0b00000000000000000000000000000001,"Marginal data, Useful, but look at other QA information"
City,Cuenca,-2.9001,-79.0059,2022-04-07,h10v09,1392.0,525.0,0.2019,2517.0,1.0,0b0000100111010101,0b01,"VI produced, but check other QA",0b0101,Decreasing quality,0b11,High,0b1,Yes,0b0,No,0b0,No,0b001,Land (Nothing else but land),0b0,No,0b0,No,0b00000000000000000000000000000001,0b00000000000000000000000000000001,"Marginal data, Useful, but look at other QA information"
City,Cuenca,-2.9001,-79.0059,2022-04-23,h10v09,1392.0,525.0,0.1952,2380.0,1.0,0b0000100101001100,0b00,VI produced with good quality,0b0011,Decreasing quality,0b01,Low,0b1,Yes,0b0,No,0b0,No,0b001,Land (Nothing else but land),0b0,No,0b0,No,0b00000000000000000000000000000001,0b00000000000000000000000000000001,"Marginal data, Useful, but look at other QA information"
City,Cuenca,-2.9001,-79.0059,2022-05-09,h10v09,1392.0,525.0,0.3279,2116.0,0.0,0b0000100001000100,0b00,VI produced with good quality,0b0001,Lower quality,0b01,Low,0b0,No,0b0,No,0b0,No,0b001,Land (Nothing else but land),0b0,No,0b0,No,0b00000000000000000000000000000000,0b00000000000000000000000000000000,"Good data, use with confidence"
City,Cuenca,-2.9001,-79.0059,2022-05-25,h10v09,1392.0,525.0,0.2605,2116.0,0.0,0b0000100001000100,0b00,VI produced with good quality,0b0001,Lower quality,0b01,Low,0b0,No,0b0,No,0b0,No,0b001,Land (Nothing else but land),0b0,No,0b0,No,0b00000000000000000000000000000000,0b00000000000000000000000000000000,"Good data, use with confidence"
City,Cuenca,-2.9001,-79.0059,2022-06-10,h10v09,1392.0,525.0,0.2915,2116.0,0.0,0b0000100001000100,0b00,VI produced with good quality,0b0001,Lower quality,0b01,Low,0b0,No,0b0,No,0b0,No,0b001,Land (Nothing else but land),0b0,No,0b0,No,0b00000000000000000000000000000000,0b00000000000000000000000000000000,"Good data, use with confidence"
City,Cuenca,-2.9001,-79.0059,2022-06-26,h10v09,1392.0,525.0,0.3163,2116.0,0.0,0b0000100001000100,0b00,VI produced with good quality,0b0001,Lower quality,0b01,Low,0b0,No,0b0,No,0b0,No,0b001,Land (Nothing else but land),0b0,No,0b0,No,0b00000000000000000000000000000000,0b00000000000000000000000000000000,"Good data, use with confidence"
City,Cuenca,-2.9001,-79.0059,2022-07-12,h10v09,1392.0,525.0,0.257,35152.0,1.0,0b1000100101010000,0b00,VI produced with good quality,0b0100,Decreasing quality,0b01,Low,0b1,Yes,0b0,No,0b0,No,0b001,Land (Nothing else but land),0b0,No,0b1,Yes,0b00000000000000000000000000000001,0b00000000000000000000000000000001,"Marginal data, Useful, but look at other QA information"
City,Cuenca,-2.9001,-79.0059,2022-07-28,h10v09,1392.0,525.0,0.2406,2376.0,1.0,0b0000100101001000,0b00,VI produced with good quality,0b0010,Decreasing quality,0b01,Low,0b1,Yes,0b0,No,0b0,No,0b001,Land (Nothing else but land),0b0,No,0b0,No,0b00000000000000000000000000000001,0b00000000000000000000000000000001,"Marginal data, Useful, but look at other QA information"
City,Cuenca,-2.9001,-79.0059,2022-08-13,h10v09,1392.0,525.0,0.1604,2116.0,0.0,0b0000100001000100,0b00,VI produced with good quality,0b0001,Lower quality,0b01,Low,0b0,No,0b0,No,0b0,No,0b001,Land (Nothing else but land),0b0,No,0b0,No,0b00000000000000000000000000000000,0b00000000000000000000000000000000,"Good data, use with confidence"
City,Cuenca,-2.9001,-79.0059,2022-08-29,h10v09,1392.0,525.0,0.2275,2116.0,0.0,0b0000100001000100,0b00,VI produced with good quality,0b0001,Lower quality,0b01,Low,0b0,No,0b0,No,0b0,No,0b001,Land (Nothing else but land),0b0,No,0b0,No,0b00000000000000000000000000000000,0b00000000000000000000000000000000,"Good data, use with confidence"
City,Cuenca,-2.9001,-79.0059,2022-09-14,h10v09,1392.0,525.0,0.228,2116.0,0.0,0b0000100001000100,0b00,VI produced with good quality,0b0001,Lower quality,0b01,Low,0b0,No,0b0,No,0b0,No,0b001,Land (Nothing else but land),0b0,No,0b0,No,0b00000000000000000000000000000000,0b00000000000000000000000000000000,"Good data, use with confidence"
City,Cuenca,-2.9001,-79.0059,2022-09-30,h10v09,1392.0,525.0,0.1526,2376.0,1.0,0b0000100101001000,0b00,VI produced with good quality,0b0010,Decreasing quality,0b01,Low,0b1,Yes,0b0,No,0b0,No,0b001,Land (Nothing else but land),0b0,No,0b0,No,0b00000000000000000000000000000001,0b00000000000000000000000000000001,"Marginal data, Useful, but look at other QA information"
City,Cuenca,-2.9001,-79.0059,2022-10-16,h10v09,1392.0,525.0,0.1957,2116.0,0.0,0b0000100001000100,0b00,VI produced with good quality,0b0001,Lower quality,0b01,Low,0b0,No,0b0,No,0b0,No,0b001,Land (Nothing else but land),0b0,No,0b0,No,0b00000000000000000000000000000000,0b00000000000000000000000000000000,"Good data, use with confidence"
City,Cuenca,-2.9001,-79.0059,2022-11-01,h10v09,1392.0,525.0,0.1578,2116.0,0.0,0b0000100001000100,0b00,VI produced with good quality,0b0001,Lower quality,0b01,Low,0b0,No,0b0,No,0b0,No,0b001,Land (Nothing else but land),0b0,No,0b0,No,0b00000000000000000000000000000000,0b00000000000000000000000000000000,"Good data, use with confidence"
City,Cuenca,-2.9001,-79.0059,2022-11-17,h10v09,1392.0,525.0,0.2676,2116.0,0.0,0b0000100001000100,0b00,VI produced with good quality,0b0001,Lower quality,0b01,Low,0b0,No,0b0,No,0b0,No,0b001,Land (Nothing else but land),0b0,No,0b0,No,0b00000000000000000000000000000000,0b00000000000000000000000000000000,"Good data, use with confidence"
City,Cuenca,-2.9001,-79.0059,2022-12-03,h10v09,1392.0,525.0,0.2667,2116.0,0.0,0b0000100001000100,0b00,VI produced with good quality,0b0001,Lower quality,0b01,Low,0b0,No,0b0,No,0b0,No,0b001,Land (Nothing else but land),0b0,No,0b0,No,0b00000000000000000000000000000000,0b00000000000000000000000000000000,"Good data, use with confidence"
City,Cuenca,-2.9001,-79.0059,2022-12-19,h10v09,1392.0,525.0,0.3115,2116.0,0.0,0b0000100001000100,0b00,VI produced with good quality,0b0001,Lower quality,0b01,Low,0b0,No,0b0,No,0b0,No,0b001,Land (Nothing else but land),0b0,No,0b0,No,0b00000000000000000000000000000000,0b00000000000000000000000000000000,"Good data, use with confidence"
City,Cuenca,-2.9001,-79.0059,2023-01-01,h10v09,1392.0,525.0,0.2802,2116.0,0.0,0b0000100001000100,0b00,VI produced with good quality,0b0001,Lower quality,0b01,Low,0b0,No,0b0,No,0b0,No,0b001,Land (Nothing else but land),0b0,No,0b0,No,0b00000000000000000000000000000000,0b00000000000000000000000000000000,"Good data, use with confidence"
City,Cuenca,-2.9001,-79.0059,2023-01-17,h10v09,1392.0,525.0,0.2156,2376.0,1.0,0b0000100101001000,0b00,VI produced with good quality,0b0010,Decreasing quality,0b01,Low,0b1,Yes,0b0,No,0b0,No,0b001,Land (Nothing else but land),0b0,No,0b0,No,0b00000000000000000000000000000001,0b00000000000000000000000000000001,"Marginal data, Useful, but look at other QA information"
City,Cuenca,-2.9001,-79.0059,2023-02-02,h10v09,1392.0,525.0,0.231,2376.0,1.0,0b0000100101001000,0b00,VI produced with good quality,0b0010,Decreasing quality,0b01,Low,0b1,Yes,0b0,No,0b0,No,0b001,Land (Nothing else but land),0b0,No,0b0,No,0b00000000000000000000000000000001,0b00000000000000000000000000000001,"Marginal data, Useful, but look at other QA information"
City,Cuenca,-2.9001,-79.0059,2023-02-18,h10v09,1392.0,525.0,0.1187,2062.0,3.0,0b0000100000001110,0b10,"Pixel produced, but most probably cloudy",0b0011,Decreasing quality,0b00,Climatology,0b0,No,0b0,No,0b0,No,0b001,Land (Nothing else but land),0b0,No,0b0,No,0b00000000000000000000000000000011,0b00000000000000000000000000000011,"Cloudy data, Target not visible, covered with cloud"
City,Cuenca,-2.9001,-79.0059,2023-03-06,h10v09,1392.0,525.0,0.2511,2116.0,0.0,0b0000100001000100,0b00,VI produced with good quality,0b0001,Lower quality,0b01,Low,0b0,No,0b0,No,0b0,No,0b001,Land (Nothing else but land),0b0,No,0b0,No,0b00000000000000000000000000000000,0b00000000000000000000000000000000,"Good data, use with confidence"
City,Cuenca,-2.9001,-79.0059,2023-03-22,h10v09,1392.0,525.0,0.3029,35221.0,1.0,0b1000100110010101,0b01,"VI produced, but check other QA",0b0101,Decreasing quality,0b10,Average,0b1,Yes,0b0,No,0b0,No,0b001,Land (Nothing else but land),0b0,No,0b1,Yes,0b00000000000000000000000000000001,0b00000000000000000000000000000001,"Marginal data, Useful, but look at other QA information"
City,Cuenca,-2.9001,-79.0059,2023-04-07,h10v09,1392.0,525.0,0.1801,2062.0,3.0,0b0000100000001110,0b10,"Pixel produced, but most probably cloudy",0b0011,Decreasing quality,0b00,Climatology,0b0,No,0b0,No,0b0,No,0b001,Land (Nothing else but land),0b0,No,0b0,No,0b00000000000000000000000000000011,0b00000000000000000000000000000011,"Cloudy data, Target not visible, covered with cloud"
City,Cuenca,-2.9001,-79.0059,2023-04-23,h10v09,1392.0,525.0,0.4229,2261.0,1.0,0b0000100011010101,0b01,"VI produced, but check other QA",0b0101,Decreasing quality,0b11,High,0b0,No,0b0,No,0b0,No,0b001,Land (Nothing else but land),0b0,No,0b0,No,0b00000000000000000000000000000001,0b00000000000000000000000000000001,"Marginal data, Useful, but look at other QA information"
City,Cuenca,-2.9001,-79.0059,2023-05-09,h10v09,1392.0,525.0,0.3095,2116.0,0.0,0b0000100001000100,0b00,VI produced with good quality,0b0001,Lower quality,0b01,Low,0b0,No,0b0,No,0b0,No,0b001,Land (Nothing else but land),0b0,No,0b0,No,0b00000000000000000000000000000000,0b00000000000000000000000000000000,"Good data, use with confidence"
City,Cuenca,-2.9001,-79.0059,2023-05-25,h10v09,1392.0,525.0,0.313,2261.0,1.0,0b0000100011010101,0b01,"VI produced, but check other QA",0b0101,Decreasing quality,0b11,High,0b0,No,0b0,No,0b0,No,0b001,Land (Nothing else but land),0b0,No,0b0,No,0b00000000000000000000000000000001,0b00000000000000000000000000000001,"Marginal data, Useful, but look at other QA information"
City,Cuenca,-2.9001,-79.0059,2023-06-10,h10v09,1392.0,525.0,0.2997,2120.0,1.0,0b0000100001001000,0b00,VI produced with good quality,0b0010,Decreasing quality,0b01,Low,0b0,No,0b0,No,0b0,No,0b001,Land (Nothing else but land),0b0,No,0b0,No,0b00000000000000000000000000000001,0b00000000000000000000000000000001,"Marginal data, Useful, but look at other QA information"
City,Cuenca,-2.9001,-79.0059,2023-06-26,h10v09,1392.0,525.0,0.1585,2062.0,3.0,0b0000100000001110,0b10,"Pixel produced, but most probably cloudy",0b0011,Decreasing quality,0b00,Climatology,0b0,No,0b0,No,0b0,No,0b001,Land (Nothing else but land),0b0,No,0b0,No,0b00000000000000000000000000000011,0b00000000000000000000000000000011,"Cloudy data, Target not visible, covered with cloud"
City,Cuenca,-2.9001,-79.0059,2023-07-12,h10v09,1392.0,525.0,0.2463,2116.0,0.0,0b0000100001000100,0b00,VI produced with good quality,0b0001,Lower quality,0b01,Low,0b0,No,0b0,No,0b0,No,0b001,Land (Nothing else but land),0b0,No,0b0,No,0b00000000000000000000000000000000,0b00000000000000000000000000000000,"Good data, use with confidence"
City,Cuenca,-2.9001,-79.0059,2023-07-28,h10v09,1392.0,525.0,0.1301,2062.0,3.0,0b0000100000001110,0b10,"Pixel produced, but most probably cloudy",0b0011,Decreasing quality,0b00,Climatology,0b0,No,0b0,No,0b0,No,0b001,Land (Nothing else but land),0b0,No,0b0,No,0b00000000000000000000000000000011,0b00000000000000000000000000000011,"Cloudy data, Target not visible, covered with cloud"
City,Cuenca,-2.9001,-79.0059,2023-08-13,h10v09,1392.0,525.0,0.2945,2116.0,0.0,0b0000100001000100,0b00,VI produced with good quality,0b0001,Lower quality,0b01,Low,0b0,No,0b0,No,0b0,No,0b001,Land (Nothing else but land),0b0,No,0b0,No,0b00000000000000000000000000000000,0b00000000000000000000000000000000,"Good data, use with confidence"
City,Cuenca,-2.9001,-79.0059,2023-08-29,h10v09,1392.0,525.0,0.2216,2116.0,0.0,0b0000100001000100,0b00,VI produced with good quality,0b0001,Lower quality,0b01,Low,0b0,No,0b0,No,0b0,No,0b001,Land (Nothing else but land),0b0,No,0b0,No,0b00000000000000000000000000000000,0b00000000000000000000000000000000,"Good data, use with confidence"
City,Cuenca,-2.9001,-79.0059,2023-09-14,h10v09,1392.0,525.0,0.1862,2189.0,1.0,0b0000100010001101,0b01,"VI produced, but check other QA",0b0011,Decreasing quality,0b10,Average,0b0,No,0b0,No,0b0,No,0b001,Land (Nothing else but land),0b0,No,0b0,No,0b00000000000000000000000000000001,0b00000000000000000000000000000001,"Marginal data, Useful, but look at other QA information"
City,Cuenca,-2.9001,-79.0059,2023-09-30,h10v09,1392.0,525.0,0.2664,2376.0,1.0,0b0000100101001000,0b00,VI produced with good quality,0b0010,Decreasing quality,0b01,Low,0b1,Yes,0b0,No,0b0,No,0b001,Land (Nothing else but land),0b0,No,0b0,No,0b00000000000000000000000000000001,0b00000000000000000000000000000001,"Marginal data, Useful, but look at other QA information"
City,Cuenca,-2.9001,-79.0059,2023-10-16,h10v09,1392.0,525.0,0.2011,2376.0,1.0,0b0000100101001000,0b00,VI produced with good quality,0b0010,Decreasing quality,0b01,Low,0b1,Yes,0b0,No,0b0,No,0b001,Land (Nothing else but land),0b0,No,0b0,No,0b00000000000000000000000000000001,0b00000000000000000000000000000001,"Marginal data, Useful, but look at other QA information"
City,Cuenca,-2.9001,-79.0059,2023-11-01,h10v09,1392.0,525.0,0.1928,2120.0,1.0,0b0000100001001000,0b00,VI produced with good quality,0b0010,Decreasing quality,0b01,Low,0b0,No,0b0,No,0b0,No,0b001,Land (Nothing else but land),0b0,No,0b0,No,0b00000000000000000000000000000001,0b00000000000000000000000000000001,"Marginal data, Useful, but look at other QA information"
City,Cuenca,-2.9001,-79.0059,2023-11-17,h10v09,1392.0,525.0,0.3047,2189.0,1.0,0b0000100010001101,0b01,"VI produced, but check other QA",0b0011,Decreasing quality,0b10,Average,0b0,No,0b0,No,0b0,No,0b001,Land (Nothing else but land),0b0,No,0b0,No,0b00000000000000000000000000000001,0b00000000000000000000000000000001,"Marginal data, Useful, but look at other QA information"
City,Cuenca,-2.9001,-79.0059,2023-12-03,h10v09,1392.0,525.0,0.2765,2261.0,1.0,0b0000100011010101,0b01,"VI produced, but check other QA",0b0101,Decreasing quality,0b11,High,0b0,No,0b0,No,0b0,No,0b001,Land (Nothing else but land),0b0,No,0b0,No,0b00000000000000000000000000000001,0b00000000000000000000000000000001,"Marginal data, Useful, but look at other QA information"
City,Cuenca,-2.9001,-79.0059,2023-12-19,h10v09,1392.0,525.0,0.1571,2066.0,3.0,0b0000100000010010,0b10,"Pixel produced, but most probably cloudy",0b0100,Decreasing quality,0b00,Climatology,0b0,No,0b0,No,0b0,No,0b001,Land (Nothing else but land),0b0,No,0b0,No,0b00000000000000000000000000000011,0b00000000000000000000000000000011,"Cloudy data, Target not visible, covered with cloud"
City,Cuenca,-2.9001,-79.0059,2024-01-01,h10v09,1392.0,525.0,0.2723,2376.0,1.0,0b0000100101001000,0b00,VI produced with good quality,0b0010,Decreasing quality,0b01,Low,0b1,Yes,0b0,No,0b0,No,0b001,Land (Nothing else but land),0b0,No,0b0,No,0b00000000000000000000000000000001,0b00000000000000000000000000000001,"Marginal data, Useful, but look at other QA information"
City,Cuenca,-2.9001,-79.0059,2024-01-17,h10v09,1392.0,525.0,0.2711,2116.0,0.0,0b0000100001000100,0b00,VI produced with good quality,0b0001,Lower quality,0b01,Low,0b0,No,0b0,No,0b0,No,0b001,Land (Nothing else but land),0b0,No,0b0,No,0b00000000000000000000000000000000,0b00000000000000000000000000000000,"Good data, use with confidence"
City,Cuenca,-2.9001,-79.0059,2024-02-02,h10v09,1392.0,525.0,0.2797,34892.0,1.0,0b1000100001001100,0b00,VI produced with good quality,0b0011,Decreasing quality,0b01,Low,0b0,No,0b0,No,0b0,No,0b001,Land (Nothing else but land),0b0,No,0b1,Yes,0b00000000000000000000000000000001,0b00000000000000000000000000000001,"Marginal data, Useful, but look at other QA information"
City,Cuenca,-2.9001,-79.0059,2024-02-18,h10v09,1392.0,525.0,0.3053,35152.0,1.0,0b1000100101010000,0b00,VI produced with good quality,0b0100,Decreasing quality,0b01,Low,0b1,Yes,0b0,No,0b0,No,0b001,Land (Nothing else but land),0b0,No,0b1,Yes,0b00000000000000000000000000000001,0b00000000000000000000000000000001,"Marginal data, Useful, but look at other QA information"
City,Cuenca,-2.9001,-79.0059,2024-03-05,h10v09,1392.0,525.0,0.2234,3098.0,3.0,0b0000110000011010,0b10,"Pixel produced, but most probably cloudy",0b0110,Decreasing quality,0b00,Climatology,0b0,No,0b0,No,0b1,Yes,0b001,Land (Nothing else but land),0b0,No,0b0,No,0b00000000000000000000000000000011,0b00000000000000000000000000000011,"Cloudy data, Target not visible, covered with cloud"
City,Cuenca,-2.9001,-79.0059,2024-03-21,h10v09,1392.0,525.0,0.1678,2376.0,1.0,0b0000100101001000,0b00,VI produced with good quality,0b0010,Decreasing quality,0b01,Low,0b1,Yes,0b0,No,0b0,No,0b001,Land (Nothing else but land),0b0,No,0b0,No,0b00000000000000000000000000000001,0b00000000000000000000000000000001,"Marginal data, Useful, but look at other QA information"
City,Cuenca,-2.9001,-79.0059,2024-04-06,h10v09,1392.0,525.0,0.3064,2189.0,1.0,0b0000100010001101,0b01,"VI produced, but check other QA",0b0011,Decreasing quality,0b10,Average,0b0,No,0b0,No,0b0,No,0b001,Land (Nothing else but land),0b0,No,0b0,No,0b00000000000000000000000000000001,0b00000000000000000000000000000001,"Marginal data, Useful, but look at other QA information"
City,Cuenca,-2.9001,-79.0059,2024-04-22,h10v09,1392.0,525.0,0.2876,2376.0,1.0,0b0000100101001000,0b00,VI produced with good quality,0b0010,Decreasing quality,0b01,Low,0b1,Yes,0b0,No,0b0,No,0b001,Land (Nothing else but land),0b0,No,0b0,No,0b00000000000000000000000000000001,0b00000000000000000000000000000001,"Marginal data, Useful, but look at other QA information"
City,Cuenca,-2.9001,-79.0059,2024-05-08,h10v09,1392.0,525.0,0.3636,2189.0,1.0,0b0000100010001101,0b01,"VI produced, but check other QA",0b0011,Decreasing quality,0b10,Average,0b0,No,0b0,No,0b0,No,0b001,Land (Nothing else but land),0b0,No,0b0,No,0b00000000000000000000000000000001,0b00000000000000000000000000000001,"Marginal data, Useful, but look at other QA information"
City,Cuenca,-2.9001,-79.0059,2024-05-24,h10v09,1392.0,525.0,0.2805,2116.0,0.0,0b0000100001000100,0b00,VI produced with good quality,0b0001,Lower quality,0b01,Low,0b0,No,0b0,No,0b0,No,0b001,Land (Nothing else but land),0b0,No,0b0,No,0b00000000000000000000000000000000,0b00000000000000000000000000000000,"Good data, use with confidence"
City,Cuenca,-2.9001,-79.0059,2024-06-09,h10v09,1392.0,525.0,0.303,2116.0,0.0,0b0000100001000100,0b00,VI produced with good quality,0b0001,Lower quality,0b01,Low,0b0,No,0b0,No,0b0,No,0b001,Land (Nothing else but land),0b0,No,0b0,No,0b00000000000000000000000000000000,0b00000000000000000000000000000000,"Good data, use with confidence"
City,Cuenca,-2.9001,-79.0059,2024-06-25,h10v09,1392.0,525.0,0.2853,35225.0,1.0,0b1000100110011001,0b01,"VI produced, but check other QA",0b0110,Decreasing quality,0b10,Average,0b1,Yes,0b0,No,0b0,No,0b001,Land (Nothing else but land),0b0,No,0b1,Yes,0b00000000000000000000000000000001,0b00000000000000000000000000000001,"Marginal data, Useful, but look at other QA information"
City,Cuenca,-2.9001,-79.0059,2024-07-11,h10v09,1392.0,525.0,0.283,2189.0,1.0,0b0000100010001101,0b01,"VI produced, but check other QA",0b0011,Decreasing quality,0b10,Average,0b0,No,0b0,No,0b0,No,0b001,Land (Nothing else but land),0b0,No,0b0,No,0b00000000000000000000000000000001,0b00000000000000000000000000000001,"Marginal data, Useful, but look at other QA information"
City,Cuenca,-2.9001,-79.0059,2024-07-27,h10v09,1392.0,525.0,0.2249,2116.0,0.0,0b0000100001000100,0b00,VI produced with good quality,0b0001,Lower quality,0b01,Low,0b0,No,0b0,No,0b0,No,0b001,Land (Nothing else but land),0b0,No,0b0,No,0b00000000000000000000000000000000,0b00000000000000000000000000000000,"Good data, use with confidence"
City,Cuenca,-2.9001,-79.0059,2024-08-12,h10v09,1392.0,525.0,0.159,2116.0,0.0,0b0000100001000100,0b00,VI produced with good quality,0b0001,Lower quality,0b01,Low,0b0,No,0b0,No,0b0,No,0b001,Land (Nothing else but land),0b0,No,0b0,No,0b00000000000000000000000000000000,0b00000000000000000000000000000000,"Good data, use with confidence"
City,Cuenca,-2.9001,-79.0059,2024-08-28,h10v09,1392.0,525.0,0.1777,2116.0,0.0,0b0000100001000100,0b00,VI produced with good quality,0b0001,Lower quality,0b01,Low,0b0,No,0b0,No,0b0,No,0b001,Land (Nothing else but land),0b0,No,0b0,No,0b00000000000000000000000000000000,0b00000000000000000000000000000000,"Good data, use with confidence"
City,Cuenca,-2.9001,-79.0059,2024-09-13,h10v09,1392.0,525.0,0.2388,2116.0,0.0,0b0000100001000100,0b00,VI produced with good quality,0b0001,Lower quality,0b01,Low,0b0,No,0b0,No,0b0,No,0b001,Land (Nothing else but land),0b0,No,0b0,No,0b00000000000000000000000000000000,0b00000000000000000000000000000000,"Good data, use with confidence"
City,Cuenca,-2.9001,-79.0059,2024-09-29,h10v09,1392.0,525.0,0.2071,2062.0,3.0,0b0000100000001110,0b10,"Pixel produced, but most probably cloudy",0b0011,Decreasing quality,0b00,Climatology,0b0,No,0b0,No,0b0,No,0b001,Land (Nothing else but land),0b0,No,0b0,No,0b00000000000000000000000000000011,0b00000000000000000000000000000011,"Cloudy data, Target not visible, covered with cloud"
City,Cuenca,-2.9001,-79.0059,2024-10-15,h10v09,1392.0,525.0,0.1914,2116.0,0.0,0b0000100001000100,0b00,VI produced with good quality,0b0001,Lower quality,0b01,Low,0b0,No,0b0,No,0b0,No,0b001,Land (Nothing else but land),0b0,No,0b0,No,0b00000000000000000000000000000000,0b00000000000000000000000000000000,"Good data, use with confidence"
City,Cuenca,-2.9001,-79.0059,2024-10-31,h10v09,1392.0,525.0,0.1953,2120.0,1.0,0b0000100001001000,0b00,VI produced with good quality,0b0010,Decreasing quality,0b01,Low,0b0,No,0b0,No,0b0,No,0b001,Land (Nothing else but land),0b0,No,0b0,No,0b00000000000000000000000000000001,0b00000000000000000000000000000001,"Marginal data, Useful, but look at other QA information"
City,Cuenca,-2.9001,-79.0059,2024-11-16,h10v09,1392.0,525.0,0.2799,2185.0,1.0,0b0000100010001001,0b01,"VI produced, but check other QA",0b0010,Decreasing quality,0b10,Average,0b0,No,0b0,No,0b0,No,0b001,Land (Nothing else but land),0b0,No,0b0,No,0b00000000000000000000000000000001,0b00000000000000000000000000000001,"Marginal data, Useful, but look at other QA information"
City,Cuenca,-2.9001,-79.0059,2024-12-02,h10v09,1392.0,525.0,0.299,2120.0,1.0,0b0000100001001000,0b00,VI produced with good quality,0b0010,Decreasing quality,0b01,Low,0b0,No,0b0,No,0b0,No,0b001,Land (Nothing else but land),0b0,No,0b0,No,0b00000000000000000000000000000001,0b00000000000000000000000000000001,"Marginal data, Useful, but look at other QA information"
City,Cuenca,-2.9001,-79.0059,2024-12-18,h10v09,1392.0,525.0,0.2485,35221.0,1.0,0b1000100110010101,0b01,"VI produced, but check other QA",0b0101,Decreasing quality,0b10,Average,0b1,Yes,0b0,No,0b0,No,0b001,Land (Nothing else but land),0b0,No,0b1,Yes,0b00000000000000000000000000000001,0b00000000000000000000000000000001,"Marginal data, Useful, but look at other QA information"
City,Cuenca,-2.9001,-79.0059,2025-01-01,h10v09,1392.0,525.0,0.1901,2062.0,3.0,0b0000100000001110,0b10,"Pixel produced, but most probably cloudy",0b0011,Decreasing quality,0b00,Climatology,0b0,No,0b0,No,0b0,No,0b001,Land (Nothing else but land),0b0,No,0b0,No,0b00000000000000000000000000000011,0b00000000000000000000000000000011,"Cloudy data, Target not visible, covered with cloud"
City,Cuenca,-2.9001,-79.0059,2025-01-17,h10v09,1392.0,525.0,0.2709,35152.0,1.0,0b1000100101010000,0b00,VI produced with good quality,0b0100,Decreasing quality,0b01,Low,0b1,Yes,0b0,No,0b0,No,0b001,Land (Nothing else but land),0b0,No,0b1,Yes,0b00000000000000000000000000000001,0b00000000000000000000000000000001,"Marginal data, Useful, but look at other QA information"
City,Cuenca,-2.9001,-79.0059,2025-02-02,h10v09,1392.0,525.0,0.3307,2521.0,1.0,0b0000100111011001,0b01,"VI produced, but check other QA",0b0110,Decreasing quality,0b11,High,0b1,Yes,0b0,No,0b0,No,0b001,Land (Nothing else but land),0b0,No,0b0,No,0b00000000000000000000000000000001,0b00000000000000000000000000000001,"Marginal data, Useful, but look at other QA information"
City,Cuenca,-2.9001,-79.0059,2025-02-18,h10v09,1392.0,525.0,0.1748,2066.0,3.0,0b0000100000010010,0b10,"Pixel produced, but most probably cloudy",0b0100,Decreasing quality,0b00,Climatology,0b0,No,0b0,No,0b0,No,0b001,Land (Nothing else but land),0b0,No,0b0,No,0b00000000000000000000000000000011,0b00000000000000000000000000000011,"Cloudy data, Target not visible, covered with cloud"
City,Cuenca,-2.9001,-79.0059,2025-03-06,h10v09,1392.0,525.0,0.3024,35152.0,1.0,0b1000100101010000,0b00,VI produced with good quality,0b0100,Decreasing quality,0b01,Low,0b1,Yes,0b0,No,0b0,No,0b001,Land (Nothing else but land),0b0,No,0b1,Yes,0b00000000000000000000000000000001,0b00000000000000000000000000000001,"Marginal data, Useful, but look at other QA information"
City,Cuenca,-2.9001,-79.0059,2025-03-22,h10v09,1392.0,525.0,0.2153,35221.0,1.0,0b1000100110010101,0b01,"VI produced, but check other QA",0b0101,Decreasing quality,0b10,Average,0b1,Yes,0b0,No,0b0,No,0b001,Land (Nothing else but land),0b0,No,0b1,Yes,0b00000000000000000000000000000001,0b00000000000000000000000000000001,"Marginal data, Useful, but look at other QA information"
City,Cuenca,-2.9001,-79.0059,2025-04-07,h10v09,1392.0,525.0,0.296,2116.0,0.0,0b0000100001000100,0b00,VI produced with good quality,0b0001,Lower quality,0b01,Low,0b0,No,0b0,No,0b0,No,0b001,Land (Nothing else but land),0b0,No,0b0,No,0b00000000000000000000000000000000,0b00000000000000000000000000000000,"Good data, use with confidence"
City,Cuenca,-2.9001,-79.0059,2025-04-23,h10v09,1392.0,525.0,0.2007,35101.0,1.0,0b1000100100011101,0b01,"VI produced, but check other QA",0b0111,Decreasing quality,0b00,Climatology,0b1,Yes,0b0,No,0b0,No,0b001,Land (Nothing else but land),0b0,No,0b1,Yes,0b00000000000000000000000000000001,0b00000000000000000000000000000001,"Marginal data, Useful, but look at other QA information"
City,Cuenca,-2.9001,-79.0059,2025-05-09,h10v09,1392.0,525.0,0.0784,2062.0,3.0,0b0000100000001110,0b10,"Pixel produced, but most probably cloudy",0b0011,Decreasing quality,0b00,Climatology,0b0,No,0b0,No,0b0,No,0b001,Land (Nothing else but land),0b0,No,0b0,No,0b00000000000000000000000000000011,0b00000000000000000000000000000011,"Cloudy data, Target not visible, covered with cloud"
City,Cuenca,-2.9001,-79.0059,2025-05-25,h10v09,1392.0,525.0,0.2494,2116.0,0.0,0b0000100001000100,0b00,VI produced with good quality,0b0001,Lower quality,0b01,Low,0b0,No,0b0,No,0b0,No,0b001,Land (Nothing else but land),0b0,No,0b0,No,0b00000000000000000000000000000000,0b00000000000000000000000000000000,"Good data, use with confidence"
City,Cuenca,-2.9001,-79.0059,2025-06-10,h10v09,1392.0,525.0,0.1841,2116.0,0.0,0b0000100001000100,0b00,VI produced with good quality,0b0001,Lower quality,0b01,Low,0b0,No,0b0,No,0b0,No,0b001,Land (Nothing else but land),0b0,No,0b0,No,0b00000000000000000000000000000000,0b00000000000000000000000000000000,"Good data, use with confidence"
City,Cuenca,-2.9001,-79.0059,2025-06-26,h10v09,1392.0,525.0,0.2743,2517.0,1.0,0b0000100111010101,0b01,"VI produced, but check other QA",0b0101,Decreasing quality,0b11,High,0b1,Yes,0b0,No,0b0,No,0b001,Land (Nothing else but land),0b0,No,0b0,No,0b00000000000000000000000000000001,0b00000000000000000000000000000001,"Marginal data, Useful, but look at other QA information"
City,Cuenca,-2.9001,-79.0059,2025-07-12,h10v09,1392.0,525.0,0.0653,2062.0,3.0,0b0000100000001110,0b10,"Pixel produced, but most probably cloudy",0b0011,Decreasing quality,0b00,Climatology,0b0,No,0b0,No,0b0,No,0b001,Land (Nothing else but land),0b0,No,0b0,No,0b00000000000000000000000000000011,0b00000000000000000000000000000011,"Cloudy data, Target not visible, covered with cloud"
City,Cuenca,-2.9001,-79.0059,2025-07-28,h10v09,1392.0,525.0,0.2881,2116.0,0.0,0b0000100001000100,0b00,VI produced with good quality,0b0001,Lower quality,0b01,Low,0b0,No,0b0,No,0b0,No,0b001,Land (Nothing else but land),0b0,No,0b0,No,0b00000000000000000000000000000000,0b00000000000000000000000000000000,"Good data, use with confidence"
City,Cuenca,-2.9001,-79.0059,2025-08-13,h10v09,1392.0,525.0,0.2365,2120.0,0.0,0b0000100001001000,0b00,VI produced with good quality,0b0010,Decreasing quality,0b01,Low,0b0,No,0b0,No,0b0,No,0b001,Land (Nothing else but land),0b0,No,0b0,No,0b00000000000000000000000000000000,0b00000000000000000000000000000000,"Good data, use with confidence"
City,Cuenca,-2.9001,-79.0059,2025-08-29,h10v09,1392.0,525.0,0.2028,2376.0,1.0,0b0000100101001000,0b00,VI produced with good quality,0b0010,Decreasing quality,0b01,Low,0b1,Yes,0b0,No,0b0,No,0b001,Land (Nothing else but land),0b0,No,0b0,No,0b00000000000000000000000000000001,0b00000000000000000000000000000001,"Marginal data, Useful, but look at other QA information"
City,Cuenca,-2.9001,-79.0059,2025-09-14,h10v09,1392.0,525.0,0.183,2376.0,1.0,0b0000100101001000,0b00,VI produced with good quality,0b0010,Decreasing quality,0b01,Low,0b1,Yes,0b0,No,0b0,No,0b001,Land (Nothing else but land),0b0,No,0b0,No,0b00000000000000000000000000000001,0b00000000000000000000000000000001,"Marginal data, Useful, but look at other QA information"
City,Cuenca,-2.9001,-79.0059,2025-09-30,h10v09,1392.0,525.0,0.1622,2116.0,0.0,0b0000100001000100,0b00,VI produced with good quality,0b0001,Lower quality,0b01,Low,0b0,No,0b0,No,0b0,No,0b001,Land (Nothing else but land),0b0,No,0b0,No,0b00000000000000000000000000000000,0b00000000000000000000000000000000,"Good data, use with confidence"
City,Cuenca,-2.9001,-79.0059,2025-10-16,h10v09,1392.0,525.0,0.1412,35221.0,1.0,0b1000100110010101,0b01,"VI produced, but check other QA",0b0101,Decreasing quality,0b10,Average,0b1,Yes,0b0,No,0b0,No,0b001,Land (Nothing else but land),0b0,No,0b1,Yes,0b00000000000000000000000000000001,0b00000000000000000000000000000001,"Marginal data, Useful, but look at other QA information"
City,Cuenca,-2.9001,-79.0059,2025-11-01,h10v09,1392.0,525.0,0.291,2189.0,1.0,0b0000100010001101,0b01,"VI produced, but check other QA",0b0011,Decreasing quality,0b10,Average,0b0,No,0b0,No,0b0,No,0b001,Land (Nothing else but land),0b0,No,0b0,No,0b00000000000000000000000000000001,0b00000000000000000000000000000001,"Marginal data, Useful, but look at other QA information"
City,Cuenca,-2.9001,-79.0059,2025-11-17,h10v09,1392.0,525.0,0.3055,2116.0,0.0,0b0000100001000100,0b00,VI produced with good quality,0b0001,Lower quality,0b01,Low,0b0,No,0b0,No,0b0,No,0b001,Land (Nothing else but land),0b0,No,0b0,No,0b00000000000000000000000000000000,0b00000000000000000000000000000000,"Good data, use with confidence"
City,Cuenca,-2.9001,-79.0059,2025-12-03,h10v09,1392.0,525.0,0.1898,2116.0,0.0,0b0000100001000100,0b00,VI produced with good quality,0b0001,Lower quality,0b01,Low,0b0,No,0b0,No,0b0,No,0b001,Land (Nothing else but land),0b0,No,0b0,No,0b00000000000000000000000000000000,0b00000000000000000000000000000000,"Good data, use with confidence"
City,Cuenca,-2.9001,-79.0059,2025-12-19,h10v09,1392.0,525.0,0.2789,2376.0,1.0,0b0000100101001000,0b00,VI produced with good quality,0b0010,Decreasing quality,0b01,Low,0b1,Yes,0b0,No,0b0,No,0b001,Land (Nothing else but land),0b0,No,0b0,No,0b00000000000000000000000000000001,0b00000000000000000000000000000001,"Marginal data, Useful, but look at other QA information"
City,Cuenca,-2.9001,-79.0059,2026-01-01,h10v09,1392.0,525.0,0.0694,2066.0,3.0,0b0000100000010010,0b10,"Pixel produced, but most probably cloudy",0b0100,Decreasing quality,0b00,Climatology,0b0,No,0b0,No,0b0,No,0b001,Land (Nothing else but land),0b0,No,0b0,No,0b00000000000000000000000000000011,0b00000000000000000000000000000011,"Cloudy data, Target not visible, covered with cloud"
City,Cuenca,-2.9001,-79.0059,2026-01-17,h10v09,1392.0,525.0,0.2587,35293.0,1.0,0b1000100111011101,0b01,"VI produced, but check other QA",0b0111,Decreasing quality,0b11,High,0b1,Yes,0b0,No,0b0,No,0b001,Land (Nothing else but land),0b0,No,0b1,Yes,0b00000000000000000000000000000001,0b00000000000000000000000000000001,"Marginal data, Useful, but look at other QA information"
City,Cuenca,-2.9001,-79.0059,2026-02-02,h10v09,1392.0,525.0,0.1878,2062.0,3.0,0b0000100000001110,0b10,"Pixel produced, but most probably cloudy",0b0011,Decreasing quality,0b00,Climatology,0b0,No,0b0,No,0b0,No,0b001,Land (Nothing else but land),0b0,No,0b0,No,0b00000000000000000000000000000011,0b00000000000000000000000000000011,"Cloudy data, Target not visible, covered with cloud"
City,Cuenca,-2.9001,-79.0059,2026-02-18,h10v09,1392.0,525.0,0.2942,35152.0,1.0,0b1000100101010000,0b00,VI produced with good quality,0b0100,Decreasing quality,0b01,Low,0b1,Yes,0b0,No,0b0,No,0b001,Land (Nothing else but land),0b0,No,0b1,Yes,0b00000000000000000000000000000001,0b00000000000000000000000000000001,"Marginal data, Useful, but look at other QA information"
City,Cuenca,-2.9001,-79.0059,2026-03-06,h10v09,1392.0,525.0,0.1722,2116.0,0.0,0b0000100001000100,0b00,VI produced with good quality,0b0001,Lower quality,0b01,Low,0b0,No,0b0,No,0b0,No,0b001,Land (Nothing else but land),0b0,No,0b0,No,0b00000000000000000000000000000000,0b00000000000000000000000000000000,"Good data, use with confidence"
City,Cuenca,-2.9001,-79.0059,2026-03-22,h10v09,1392.0,525.0,0.3228,2189.0,1.0,0b0000100010001101,0b01,"VI produced, but check other QA",0b0011,Decreasing quality,0b10,Average,0b0,No,0b0,No,0b0,No,0b001,Land (Nothing else but land),0b0,No,0b0,No,0b00000000000000000000000000000001,0b00000000000000000000000000000001,"Marginal data, Useful, but look at other QA information"
City,Cuenca,-2.9001,-79.0059,2026-04-07,h10v09,1392.0,525.0,0.3386,35297.0,1.0,0b1000100111100001,0b01,"VI produced, but check other QA",0b1000,Decreasing quality,0b11,High,0b1,Yes,0b0,No,0b0,No,0b001,Land (Nothing else but land),0b0,No,0b1,Yes,0b00000000000000000000000000000001,0b00000000000000000000000000000001,"Marginal data, Useful, but look at other QA information"
City,Cuenca,-2.9001,-79.0059,2026-04-23,h10v09,1392.0,525.0,0.2403,35221.0,1.0,0b1000100110010101,0b01,"VI produced, but check other QA",0b0101,Decreasing quality,0b10,Average,0b1,Yes,0b0,No,0b0,No,0b001,Land (Nothing else but land),0b0,No,0b1,Yes,0b00000000000000000000000000000001,0b00000000000000000000000000000001,"Marginal data, Useful, but look at other QA information"
City,Cuenca,-2.9001,-79.0059,2026-05-09,h10v09,1392.0,525.0,0.2011,2066.0,3.0,0b0000100000010010,0b10,"Pixel produced, but most probably cloudy",0b0100,Decreasing quality,0b00,Climatology,0b0,No,0b0,No,0b0,No,0b001,Land (Nothing else but land),0b0,No,0b0,No,0b00000000000000000000000000000011,0b00000000000000000000000000000011,"Cloudy data, Target not visible, covered with cloud"
City,Guayaquil,-2.1894,-79.889,2011-12-19,h10v09,1050.0,81.0,0.1036,4110.0,3.0,0b0001000000001110,0b10,"Pixel produced, but most probably cloudy",0b0011,Decreasing quality,0b00,Climatology,0b0,No,0b0,No,0b0,No,0b010,Ocean coastlines and lake shorelines,0b0,No,0b0,No,0b00000000000000000000000000000011,0b00000000000000000000000000000011,"Cloudy data, Target not visible, covered with cloud"
City,Guayaquil,-2.1894,-79.889,2012-01-01,h10v09,1050.0,81.0,0.1147,4114.0,3.0,0b0001000000010010,0b10,"Pixel produced, but most probably cloudy",0b0100,Decreasing quality,0b00,Climatology,0b0,No,0b0,No,0b0,No,0b010,Ocean coastlines and lake shorelines,0b0,No,0b0,No,0b00000000000000000000000000000011,0b00000000000000000000000000000011,"Cloudy data, Target not visible, covered with cloud"
City,Guayaquil,-2.1894,-79.889,2012-01-17,h10v09,1050.0,81.0,0.0838,4110.0,3.0,0b0001000000001110,0b10,"Pixel produced, but most probably cloudy",0b0011,Decreasing quality,0b00,Climatology,0b0,No,0b0,No,0b0,No,0b010,Ocean coastlines and lake shorelines,0b0,No,0b0,No,0b00000000000000000000000000000011,0b00000000000000000000000000000011,"Cloudy data, Target not visible, covered with cloud"
City,Guayaquil,-2.1894,-79.889,2012-02-02,h10v09,1050.0,81.0,0.0862,4114.0,3.0,0b0001000000010010,0b10,"Pixel produced, but most probably cloudy",0b0100,Decreasing quality,0b00,Climatology,0b0,No,0b0,No,0b0,No,0b010,Ocean coastlines and lake shorelines,0b0,No,0b0,No,0b00000000000000000000000000000011,0b00000000000000000000000000000011,"Cloudy data, Target not visible, covered with cloud"
City,Guayaquil,-2.1894,-79.889,2012-02-18,h10v09,1050.0,81.0,0.1957,4110.0,3.0,0b0001000000001110,0b10,"Pixel produced, but most probably cloudy",0b0011,Decreasing quality,0b00,Climatology,0b0,No,0b0,No,0b0,No,0b010,Ocean coastlines and lake shorelines,0b0,No,0b0,No,0b00000000000000000000000000000011,0b00000000000000000000000000000011,"Cloudy data, Target not visible, covered with cloud"
City,Guayaquil,-2.1894,-79.889,2012-03-05,h10v09,1050.0,81.0,0.0754,5150.0,3.0,0b0001010000011110,0b10,"Pixel produced, but most probably cloudy",0b0111,Decreasing quality,0b00,Climatology,0b0,No,0b0,No,0b1,Yes,0b010,Ocean coastlines and lake shorelines,0b0,No,0b0,No,0b00000000000000000000000000000011,0b00000000000000000000000000000011,"Cloudy data, Target not visible, covered with cloud"
City,Guayaquil,-2.1894,-79.889,2012-03-21,h10v09,1050.0,81.0,0.1903,5410.0,3.0,0b0001010100100010,0b10,"Pixel produced, but most probably cloudy",0b1000,Decreasing quality,0b00,Climatology,0b1,Yes,0b0,No,0b1,Yes,0b010,Ocean coastlines and lake shorelines,0b0,No,0b0,No,0b00000000000000000000000000000011,0b00000000000000000000000000000011,"Cloudy data, Target not visible, covered with cloud"
City,Guayaquil,-2.1894,-79.889,2012-04-06,h10v09,1050.0,81.0,0.109,4110.0,3.0,0b0001000000001110,0b10,"Pixel produced, but most probably cloudy",0b0011,Decreasing quality,0b00,Climatology,0b0,No,0b0,No,0b0,No,0b010,Ocean coastlines and lake shorelines,0b0,No,0b0,No,0b00000000000000000000000000000011,0b00000000000000000000000000000011,"Cloudy data, Target not visible, covered with cloud"
City,Guayaquil,-2.1894,-79.889,2012-04-22,h10v09,1050.0,81.0,0.2423,38182.0,3.0,0b1001010100100110,0b10,"Pixel produced, but most probably cloudy",0b1001,Decreasing quality,0b00,Climatology,0b1,Yes,0b0,No,0b1,Yes,0b010,Ocean coastlines and lake shorelines,0b0,No,0b1,Yes,0b00000000000000000000000000000011,0b00000000000000000000000000000011,"Cloudy data, Target not visible, covered with cloud"
City,Guayaquil,-2.1894,-79.889,2012-05-08,h10v09,1050.0,81.0,0.1453,4114.0,3.0,0b0001000000010010,0b10,"Pixel produced, but most probably cloudy",0b0100,Decreasing quality,0b00,Climatology,0b0,No,0b0,No,0b0,No,0b010,Ocean coastlines and lake shorelines,0b0,No,0b0,No,0b00000000000000000000000000000011,0b00000000000000000000000000000011,"Cloudy data, Target not visible, covered with cloud"
City,Guayaquil,-2.1894,-79.889,2012-05-24,h10v09,1050.0,81.0,0.3095,4369.0,1.0,0b0001000100010001,0b01,"VI produced, but check other QA",0b0100,Decreasing quality,0b00,Climatology,0b1,Yes,0b0,No,0b0,No,0b010,Ocean coastlines and lake shorelines,0b0,No,0b0,No,0b00000000000000000000000000000001,0b00000000000000000000000000000001,"Marginal data, Useful, but look at other QA information"
City,Guayaquil,-2.1894,-79.889,2012-06-09,h10v09,1050.0,81.0,0.1969,38186.0,3.0,0b1001010100101010,0b10,"Pixel produced, but most probably cloudy",0b1010,Decreasing quality,0b00,Climatology,0b1,Yes,0b0,No,0b1,Yes,0b010,Ocean coastlines and lake shorelines,0b0,No,0b1,Yes,0b00000000000000000000000000000011,0b00000000000000000000000000000011,"Cloudy data, Target not visible, covered with cloud"
City,Guayaquil,-2.1894,-79.889,2012-06-25,h10v09,1050.0,81.0,0.1428,4114.0,3.0,0b0001000000010010,0b10,"Pixel produced, but most probably cloudy",0b0100,Decreasing quality,0b00,Climatology,0b0,No,0b0,No,0b0,No,0b010,Ocean coastlines and lake shorelines,0b0,No,0b0,No,0b00000000000000000000000000000011,0b00000000000000000000000000000011,"Cloudy data, Target not visible, covered with cloud"
City,Guayaquil,-2.1894,-79.889,2012-07-11,h10v09,1050.0,81.0,0.1234,5146.0,3.0,0b0001010000011010,0b10,"Pixel produced, but most probably cloudy",0b0110,Decreasing quality,0b00,Climatology,0b0,No,0b0,No,0b1,Yes,0b010,Ocean coastlines and lake shorelines,0b0,No,0b0,No,0b00000000000000000000000000000011,0b00000000000000000000000000000011,"Cloudy data, Target not visible, covered with cloud"
City,Guayaquil,-2.1894,-79.889,2012-07-27,h10v09,1050.0,81.0,0.1102,5146.0,3.0,0b0001010000011010,0b10,"Pixel produced, but most probably cloudy",0b0110,Decreasing quality,0b00,Climatology,0b0,No,0b0,No,0b1,Yes,0b010,Ocean coastlines and lake shorelines,0b0,No,0b0,No,0b00000000000000000000000000000011,0b00000000000000000000000000000011,"Cloudy data, Target not visible, covered with cloud"
City,Guayaquil,-2.1894,-79.889,2012-08-12,h10v09,1050.0,81.0,0.0513,4110.0,3.0,0b0001000000001110,0b10,"Pixel produced, but most probably cloudy",0b0011,Decreasing quality,0b00,Climatology,0b0,No,0b0,No,0b0,No,0b010,Ocean coastlines and lake shorelines,0b0,No,0b0,No,0b00000000000000000000000000000011,0b00000000000000000000000000000011,"Cloudy data, Target not visible, covered with cloud"
City,Guayaquil,-2.1894,-79.889,2012-08-28,h10v09,1050.0,81.0,0.0931,4114.0,3.0,0b0001000000010010,0b10,"Pixel produced, but most probably cloudy",0b0100,Decreasing quality,0b00,Climatology,0b0,No,0b0,No,0b0,No,0b010,Ocean coastlines and lake shorelines,0b0,No,0b0,No,0b00000000000000000000000000000011,0b00000000000000000000000000000011,"Cloudy data, Target not visible, covered with cloud"
City,Guayaquil,-2.1894,-79.889,2012-09-13,h10v09,1050.0,81.0,0.1288,4369.0,1.0,0b0001000100010001,0b01,"VI produced, but check other QA",0b0100,Decreasing quality,0b00,Climatology,0b1,Yes,0b0,No,0b0,No,0b010,Ocean coastlines and lake shorelines,0b0,No,0b0,No,0b00000000000000000000000000000001,0b00000000000000000000000000000001,"Marginal data, Useful, but look at other QA information"
City,Guayaquil,-2.1894,-79.889,2012-09-29,h10v09,1050.0,81.0,0.1072,4110.0,3.0,0b0001000000001110,0b10,"Pixel produced, but most probably cloudy",0b0011,Decreasing quality,0b00,Climatology,0b0,No,0b0,No,0b0,No,0b010,Ocean coastlines and lake shorelines,0b0,No,0b0,No,0b00000000000000000000000000000011,0b00000000000000000000000000000011,"Cloudy data, Target not visible, covered with cloud"
City,Guayaquil,-2.1894,-79.889,2012-10-15,h10v09,1050.0,81.0,0.0714,4110.0,3.0,0b0001000000001110,0b10,"Pixel produced, but most probably cloudy",0b0011,Decreasing quality,0b00,Climatology,0b0,No,0b0,No,0b0,No,0b010,Ocean coastlines and lake shorelines,0b0,No,0b0,No,0b00000000000000000000000000000011,0b00000000000000000000000000000011,"Cloudy data, Target not visible, covered with cloud"
City,Guayaquil,-2.1894,-79.889,2012-10-31,h10v09,1050.0,81.0,0.0851,4114.0,3.0,0b0001000000010010,0b10,"Pixel produced, but most probably cloudy",0b0100,Decreasing quality,0b00,Climatology,0b0,No,0b0,No,0b0,No,0b010,Ocean coastlines and lake shorelines,0b0,No,0b0,No,0b00000000000000000000000000000011,0b00000000000000000000000000000011,"Cloudy data, Target not visible, covered with cloud"
City,Guayaquil,-2.1894,-79.889,2012-11-16,h10v09,1050.0,81.0,0.0967,4110.0,3.0,0b0001000000001110,0b10,"Pixel produced, but most probably cloudy",0b0011,Decreasing quality,0b00,Climatology,0b0,No,0b0,No,0b0,No,0b010,Ocean coastlines and lake shorelines,0b0,No,0b0,No,0b00000000000000000000000000000011,0b00000000000000000000000000000011,"Cloudy data, Target not visible, covered with cloud"
City,Guayaquil,-2.1894,-79.889,2012-12-02,h10v09,1050.0,81.0,0.1224,4369.0,1.0,0b0001000100010001,0b01,"VI produced, but check other QA",0b0100,Decreasing quality,0b00,Climatology,0b1,Yes,0b0,No,0b0,No,0b010,Ocean coastlines and lake shorelines,0b0,No,0b0,No,0b00000000000000000000000000000001,0b00000000000000000000000000000001,"Marginal data, Useful, but look at other QA information"
City,Guayaquil,-2.1894,-79.889,2012-12-18,h10v09,1050.0,81.0,0.1286,5410.0,3.0,0b0001010100100010,0b10,"Pixel produced, but most probably cloudy",0b1000,Decreasing quality,0b00,Climatology,0b1,Yes,0b0,No,0b1,Yes,0b010,Ocean coastlines and lake shorelines,0b0,No,0b0,No,0b00000000000000000000000000000011,0b00000000000000000000000000000011,"Cloudy data, Target not visible, covered with cloud"
City,Guayaquil,-2.1894,-79.889,2013-01-01,h10v09,1050.0,81.0,0.1306,4110.0,3.0,0b0001000000001110,0b10,"Pixel produced, but most probably cloudy",0b0011,Decreasing quality,0b00,Climatology,0b0,No,0b0,No,0b0,No,0b010,Ocean coastlines and lake shorelines,0b0,No,0b0,No,0b00000000000000000000000000000011,0b00000000000000000000000000000011,"Cloudy data, Target not visible, covered with cloud"
City,Guayaquil,-2.1894,-79.889,2013-01-17,h10v09,1050.0,81.0,0.1114,5146.0,3.0,0b0001010000011010,0b10,"Pixel produced, but most probably cloudy",0b0110,Decreasing quality,0b00,Climatology,0b0,No,0b0,No,0b1,Yes,0b010,Ocean coastlines and lake shorelines,0b0,No,0b0,No,0b00000000000000000000000000000011,0b00000000000000000000000000000011,"Cloudy data, Target not visible, covered with cloud"
City,Guayaquil,-2.1894,-79.889,2013-02-02,h10v09,1050.0,81.0,0.1108,4110.0,3.0,0b0001000000001110,0b10,"Pixel produced, but most probably cloudy",0b0011,Decreasing quality,0b00,Climatology,0b0,No,0b0,No,0b0,No,0b010,Ocean coastlines and lake shorelines,0b0,No,0b0,No,0b00000000000000000000000000000011,0b00000000000000000000000000000011,"Cloudy data, Target not visible, covered with cloud"
City,Guayaquil,-2.1894,-79.889,2013-02-18,h10v09,1050.0,81.0,0.1741,5146.0,3.0,0b0001010000011010,0b10,"Pixel produced, but most probably cloudy",0b0110,Decreasing quality,0b00,Climatology,0b0,No,0b0,No,0b1,Yes,0b010,Ocean coastlines and lake shorelines,0b0,No,0b0,No,0b00000000000000000000000000000011,0b00000000000000000000000000000011,"Cloudy data, Target not visible, covered with cloud"
City,Guayaquil,-2.1894,-79.889,2013-03-06,h10v09,1050.0,81.0,0.1457,4114.0,3.0,0b0001000000010010,0b10,"Pixel produced, but most probably cloudy",0b0100,Decreasing quality,0b00,Climatology,0b0,No,0b0,No,0b0,No,0b010,Ocean coastlines and lake shorelines,0b0,No,0b0,No,0b00000000000000000000000000000011,0b00000000000000000000000000000011,"Cloudy data, Target not visible, covered with cloud"
City,Guayaquil,-2.1894,-79.889,2013-03-22,h10v09,1050.0,81.0,0.0808,4110.0,3.0,0b0001000000001110,0b10,"Pixel produced, but most probably cloudy",0b0011,Decreasing quality,0b00,Climatology,0b0,No,0b0,No,0b0,No,0b010,Ocean coastlines and lake shorelines,0b0,No,0b0,No,0b00000000000000000000000000000011,0b00000000000000000000000000000011,"Cloudy data, Target not visible, covered with cloud"
City,Guayaquil,-2.1894,-79.889,2013-04-07,h10v09,1050.0,81.0,0.1776,4369.0,1.0,0b0001000100010001,0b01,"VI produced, but check other QA",0b0100,Decreasing quality,0b00,Climatology,0b1,Yes,0b0,No,0b0,No,0b010,Ocean coastlines and lake shorelines,0b0,No,0b0,No,0b00000000000000000000000000000001,0b00000000000000000000000000000001,"Marginal data, Useful, but look at other QA information"
City,Guayaquil,-2.1894,-79.889,2013-04-23,h10v09,1050.0,81.0,0.1676,4110.0,3.0,0b0001000000001110,0b10,"Pixel produced, but most probably cloudy",0b0011,Decreasing quality,0b00,Climatology,0b0,No,0b0,No,0b0,No,0b010,Ocean coastlines and lake shorelines,0b0,No,0b0,No,0b00000000000000000000000000000011,0b00000000000000000000000000000011,"Cloudy data, Target not visible, covered with cloud"
City,Guayaquil,-2.1894,-79.889,2013-05-09,h10v09,1050.0,81.0,0.1471,5146.0,3.0,0b0001010000011010,0b10,"Pixel produced, but most probably cloudy",0b0110,Decreasing quality,0b00,Climatology,0b0,No,0b0,No,0b1,Yes,0b010,Ocean coastlines and lake shorelines,0b0,No,0b0,No,0b00000000000000000000000000000011,0b00000000000000000000000000000011,"Cloudy data, Target not visible, covered with cloud"
City,Guayaquil,-2.1894,-79.889,2013-05-25,h10v09,1050.0,81.0,0.1368,4110.0,3.0,0b0001000000001110,0b10,"Pixel produced, but most probably cloudy",0b0011,Decreasing quality,0b00,Climatology,0b0,No,0b0,No,0b0,No,0b010,Ocean coastlines and lake shorelines,0b0,No,0b0,No,0b00000000000000000000000000000011,0b00000000000000000000000000000011,"Cloudy data, Target not visible, covered with cloud"
City,Guayaquil,-2.1894,-79.889,2013-06-10,h10v09,1050.0,81.0,0.0752,5150.0,3.0,0b0001010000011110,0b10,"Pixel produced, but most probably cloudy",0b0111,Decreasing quality,0b00,Climatology,0b0,No,0b0,No,0b1,Yes,0b010,Ocean coastlines and lake shorelines,0b0,No,0b0,No,0b00000000000000000000000000000011,0b00000000000000000000000000000011,"Cloudy data, Target not visible, covered with cloud"
City,Guayaquil,-2.1894,-79.889,2013-06-26,h10v09,1050.0,81.0,0.1152,4110.0,3.0,0b0001000000001110,0b10,"Pixel produced, but most probably cloudy",0b0011,Decreasing quality,0b00,Climatology,0b0,No,0b0,No,0b0,No,0b010,Ocean coastlines and lake shorelines,0b0,No,0b0,No,0b00000000000000000000000000000011,0b00000000000000000000000000000011,"Cloudy data, Target not visible, covered with cloud"
City,Guayaquil,-2.1894,-79.889,2013-07-12,h10v09,1050.0,81.0,0.1516,4110.0,3.0,0b0001000000001110,0b10,"Pixel produced, but most probably cloudy",0b0011,Decreasing quality,0b00,Climatology,0b0,No,0b0,No,0b0,No,0b010,Ocean coastlines and lake shorelines,0b0,No,0b0,No,0b00000000000000000000000000000011,0b00000000000000000000000000000011,"Cloudy data, Target not visible, covered with cloud"
City,Guayaquil,-2.1894,-79.889,2013-07-28,h10v09,1050.0,81.0,0.0458,4114.0,3.0,0b0001000000010010,0b10,"Pixel produced, but most probably cloudy",0b0100,Decreasing quality,0b00,Climatology,0b0,No,0b0,No,0b0,No,0b010,Ocean coastlines and lake shorelines,0b0,No,0b0,No,0b00000000000000000000000000000011,0b00000000000000000000000000000011,"Cloudy data, Target not visible, covered with cloud"
City,Guayaquil,-2.1894,-79.889,2013-08-13,h10v09,1050.0,81.0,0.1293,4110.0,3.0,0b0001000000001110,0b10,"Pixel produced, but most probably cloudy",0b0011,Decreasing quality,0b00,Climatology,0b0,No,0b0,No,0b0,No,0b010,Ocean coastlines and lake shorelines,0b0,No,0b0,No,0b00000000000000000000000000000011,0b00000000000000000000000000000011,"Cloudy data, Target not visible, covered with cloud"
City,Guayaquil,-2.1894,-79.889,2013-08-29,h10v09,1050.0,81.0,0.1153,4110.0,3.0,0b0001000000001110,0b10,"Pixel produced, but most probably cloudy",0b0011,Decreasing quality,0b00,Climatology,0b0,No,0b0,No,0b0,No,0b010,Ocean coastlines and lake shorelines,0b0,No,0b0,No,0b00000000000000000000000000000011,0b00000000000000000000000000000011,"Cloudy data, Target not visible, covered with cloud"
City,Guayaquil,-2.1894,-79.889,2013-09-14,h10v09,1050.0,81.0,0.1234,4110.0,3.0,0b0001000000001110,0b10,"Pixel produced, but most probably cloudy",0b0011,Decreasing quality,0b00,Climatology,0b0,No,0b0,No,0b0,No,0b010,Ocean coastlines and lake shorelines,0b0,No,0b0,No,0b00000000000000000000000000000011,0b00000000000000000000000000000011,"Cloudy data, Target not visible, covered with cloud"
City,Guayaquil,-2.1894,-79.889,2013-09-30,h10v09,1050.0,81.0,0.096,4114.0,3.0,0b0001000000010010,0b10,"Pixel produced, but most probably cloudy",0b0100,Decreasing quality,0b00,Climatology,0b0,No,0b0,No,0b0,No,0b010,Ocean coastlines and lake shorelines,0b0,No,0b0,No,0b00000000000000000000000000000011,0b00000000000000000000000000000011,"Cloudy data, Target not visible, covered with cloud"
City,Guayaquil,-2.1894,-79.889,2013-10-16,h10v09,1050.0,81.0,0.0904,5150.0,3.0,0b0001010000011110,0b10,"Pixel produced, but most probably cloudy",0b0111,Decreasing quality,0b00,Climatology,0b0,No,0b0,No,0b1,Yes,0b010,Ocean coastlines and lake shorelines,0b0,No,0b0,No,0b00000000000000000000000000000011,0b00000000000000000000000000000011,"Cloudy data, Target not visible, covered with cloud"
City,Guayaquil,-2.1894,-79.889,2013-11-01,h10v09,1050.0,81.0,0.0957,4110.0,3.0,0b0001000000001110,0b10,"Pixel produced, but most probably cloudy",0b0011,Decreasing quality,0b00,Climatology,0b0,No,0b0,No,0b0,No,0b010,Ocean coastlines and lake shorelines,0b0,No,0b0,No,0b00000000000000000000000000000011,0b00000000000000000000000000000011,"Cloudy data, Target not visible, covered with cloud"
City,Guayaquil,-2.1894,-79.889,2013-11-17,h10v09,1050.0,81.0,0.1731,4110.0,3.0,0b0001000000001110,0b10,"Pixel produced, but most probably cloudy",0b0011,Decreasing quality,0b00,Climatology,0b0,No,0b0,No,0b0,No,0b010,Ocean coastlines and lake shorelines,0b0,No,0b0,No,0b00000000000000000000000000000011,0b00000000000000000000000000000011,"Cloudy data, Target not visible, covered with cloud"
City,Guayaquil,-2.1894,-79.889,2013-12-03,h10v09,1050.0,81.0,0.131,4110.0,3.0,0b0001000000001110,0b10,"Pixel produced, but most probably cloudy",0b0011,Decreasing quality,0b00,Climatology,0b0,No,0b0,No,0b0,No,0b010,Ocean coastlines and lake shorelines,0b0,No,0b0,No,0b00000000000000000000000000000011,0b00000000000000000000000000000011,"Cloudy data, Target not visible, covered with cloud"
City,Guayaquil,-2.1894,-79.889,2013-12-19,h10v09,1050.0,81.0,0.1071,2062.0,3.0,0b0000100000001110,0b10,"Pixel produced, but most probably cloudy",0b0011,Decreasing quality,0b00,Climatology,0b0,No,0b0,No,0b0,No,0b001,Land (Nothing else but land),0b0,No,0b0,No,0b00000000000000000000000000000011,0b00000000000000000000000000000011,"Cloudy data, Target not visible, covered with cloud"
City,Guayaquil,-2.1894,-79.889,2014-01-01,h10v09,1050.0,81.0,0.0468,4114.0,3.0,0b0001000000010010,0b10,"Pixel produced, but most probably cloudy",0b0100,Decreasing quality,0b00,Climatology,0b0,No,0b0,No,0b0,No,0b010,Ocean coastlines and lake shorelines,0b0,No,0b0,No,0b00000000000000000000000000000011,0b00000000000000000000000000000011,"Cloudy data, Target not visible, covered with cloud"
City,Guayaquil,-2.1894,-79.889,2014-01-17,h10v09,1050.0,81.0,0.0981,4110.0,3.0,0b0001000000001110,0b10,"Pixel produced, but most probably cloudy",0b0011,Decreasing quality,0b00,Climatology,0b0,No,0b0,No,0b0,No,0b010,Ocean coastlines and lake shorelines,0b0,No,0b0,No,0b00000000000000000000000000000011,0b00000000000000000000000000000011,"Cloudy data, Target not visible, covered with cloud"
City,Guayaquil,-2.1894,-79.889,2014-02-02,h10v09,1050.0,81.0,0.135,4110.0,3.0,0b0001000000001110,0b10,"Pixel produced, but most probably cloudy",0b0011,Decreasing quality,0b00,Climatology,0b0,No,0b0,No,0b0,No,0b010,Ocean coastlines and lake shorelines,0b0,No,0b0,No,0b00000000000000000000000000000011,0b00000000000000000000000000000011,"Cloudy data, Target not visible, covered with cloud"
City,Guayaquil,-2.1894,-79.889,2014-02-18,h10v09,1050.0,81.0,0.1225,4110.0,3.0,0b0001000000001110,0b10,"Pixel produced, but most probably cloudy",0b0011,Decreasing quality,0b00,Climatology,0b0,No,0b0,No,0b0,No,0b010,Ocean coastlines and lake shorelines,0b0,No,0b0,No,0b00000000000000000000000000000011,0b00000000000000000000000000000011,"Cloudy data, Target not visible, covered with cloud"
City,Guayaquil,-2.1894,-79.889,2014-03-06,h10v09,1050.0,81.0,0.134,4110.0,3.0,0b0001000000001110,0b10,"Pixel produced, but most probably cloudy",0b0011,Decreasing quality,0b00,Climatology,0b0,No,0b0,No,0b0,No,0b010,Ocean coastlines and lake shorelines,0b0,No,0b0,No,0b00000000000000000000000000000011,0b00000000000000000000000000000011,"Cloudy data, Target not visible, covered with cloud"
City,Guayaquil,-2.1894,-79.889,2014-03-22,h10v09,1050.0,81.0,0.1299,4110.0,3.0,0b0001000000001110,0b10,"Pixel produced, but most probably cloudy",0b0011,Decreasing quality,0b00,Climatology,0b0,No,0b0,No,0b0,No,0b010,Ocean coastlines and lake shorelines,0b0,No,0b0,No,0b00000000000000000000000000000011,0b00000000000000000000000000000011,"Cloudy data, Target not visible, covered with cloud"
City,Guayaquil,-2.1894,-79.889,2014-04-07,h10v09,1050.0,81.0,0.1651,4114.0,3.0,0b0001000000010010,0b10,"Pixel produced, but most probably cloudy",0b0100,Decreasing quality,0b00,Climatology,0b0,No,0b0,No,0b0,No,0b010,Ocean coastlines and lake shorelines,0b0,No,0b0,No,0b00000000000000000000000000000011,0b00000000000000000000000000000011,"Cloudy data, Target not visible, covered with cloud"
City,Guayaquil,-2.1894,-79.889,2014-04-23,h10v09,1050.0,81.0,0.1642,4110.0,3.0,0b0001000000001110,0b10,"Pixel produced, but most probably cloudy",0b0011,Decreasing quality,0b00,Climatology,0b0,No,0b0,No,0b0,No,0b010,Ocean coastlines and lake shorelines,0b0,No,0b0,No,0b00000000000000000000000000000011,0b00000000000000000000000000000011,"Cloudy data, Target not visible, covered with cloud"
City,Guayaquil,-2.1894,-79.889,2014-05-09,h10v09,1050.0,81.0,0.176,5146.0,3.0,0b0001010000011010,0b10,"Pixel produced, but most probably cloudy",0b0110,Decreasing quality,0b00,Climatology,0b0,No,0b0,No,0b1,Yes,0b010,Ocean coastlines and lake shorelines,0b0,No,0b0,No,0b00000000000000000000000000000011,0b00000000000000000000000000000011,"Cloudy data, Target not visible, covered with cloud"
City,Guayaquil,-2.1894,-79.889,2014-05-25,h10v09,1050.0,81.0,0.1068,4369.0,1.0,0b0001000100010001,0b01,"VI produced, but check other QA",0b0100,Decreasing quality,0b00,Climatology,0b1,Yes,0b0,No,0b0,No,0b010,Ocean coastlines and lake shorelines,0b0,No,0b0,No,0b00000000000000000000000000000001,0b00000000000000000000000000000001,"Marginal data, Useful, but look at other QA information"
City,Guayaquil,-2.1894,-79.889,2014-06-10,h10v09,1050.0,81.0,0.1357,4369.0,1.0,0b0001000100010001,0b01,"VI produced, but check other QA",0b0100,Decreasing quality,0b00,Climatology,0b1,Yes,0b0,No,0b0,No,0b010,Ocean coastlines and lake shorelines,0b0,No,0b0,No,0b00000000000000000000000000000001,0b00000000000000000000000000000001,"Marginal data, Useful, but look at other QA information"
City,Guayaquil,-2.1894,-79.889,2014-06-26,h10v09,1050.0,81.0,0.1446,4110.0,3.0,0b0001000000001110,0b10,"Pixel produced, but most probably cloudy",0b0011,Decreasing quality,0b00,Climatology,0b0,No,0b0,No,0b0,No,0b010,Ocean coastlines and lake shorelines,0b0,No,0b0,No,0b00000000000000000000000000000011,0b00000000000000000000000000000011,"Cloudy data, Target not visible, covered with cloud"
City,Guayaquil,-2.1894,-79.889,2014-07-12,h10v09,1050.0,81.0,0.1183,5150.0,3.0,0b0001010000011110,0b10,"Pixel produced, but most probably cloudy",0b0111,Decreasing quality,0b00,Climatology,0b0,No,0b0,No,0b1,Yes,0b010,Ocean coastlines and lake shorelines,0b0,No,0b0,No,0b00000000000000000000000000000011,0b00000000000000000000000000000011,"Cloudy data, Target not visible, covered with cloud"
City,Guayaquil,-2.1894,-79.889,2014-07-28,h10v09,1050.0,81.0,0.1225,5150.0,3.0,0b0001010000011110,0b10,"Pixel produced, but most probably cloudy",0b0111,Decreasing quality,0b00,Climatology,0b0,No,0b0,No,0b1,Yes,0b010,Ocean coastlines and lake shorelines,0b0,No,0b0,No,0b00000000000000000000000000000011,0b00000000000000000000000000000011,"Cloudy data, Target not visible, covered with cloud"
City,Guayaquil,-2.1894,-79.889,2014-08-13,h10v09,1050.0,81.0,0.0658,4110.0,3.0,0b0001000000001110,0b10,"Pixel produced, but most probably cloudy",0b0011,Decreasing quality,0b00,Climatology,0b0,No,0b0,No,0b0,No,0b010,Ocean coastlines and lake shorelines,0b0,No,0b0,No,0b00000000000000000000000000000011,0b00000000000000000000000000000011,"Cloudy data, Target not visible, covered with cloud"
City,Guayaquil,-2.1894,-79.889,2014-08-29,h10v09,1050.0,81.0,0.1006,4110.0,3.0,0b0001000000001110,0b10,"Pixel produced, but most probably cloudy",0b0011,Decreasing quality,0b00,Climatology,0b0,No,0b0,No,0b0,No,0b010,Ocean coastlines and lake shorelines,0b0,No,0b0,No,0b00000000000000000000000000000011,0b00000000000000000000000000000011,"Cloudy data, Target not visible, covered with cloud"
City,Guayaquil,-2.1894,-79.889,2014-09-14,h10v09,1050.0,81.0,0.1269,5150.0,3.0,0b0001010000011110,0b10,"Pixel produced, but most probably cloudy",0b0111,Decreasing quality,0b00,Climatology,0b0,No,0b0,No,0b1,Yes,0b010,Ocean coastlines and lake shorelines,0b0,No,0b0,No,0b00000000000000000000000000000011,0b00000000000000000000000000000011,"Cloudy data, Target not visible, covered with cloud"
City,Guayaquil,-2.1894,-79.889,2014-09-30,h10v09,1050.0,81.0,0.0606,4110.0,3.0,0b0001000000001110,0b10,"Pixel produced, but most probably cloudy",0b0011,Decreasing quality,0b00,Climatology,0b0,No,0b0,No,0b0,No,0b010,Ocean coastlines and lake shorelines,0b0,No,0b0,No,0b00000000000000000000000000000011,0b00000000000000000000000000000011,"Cloudy data, Target not visible, covered with cloud"
City,Guayaquil,-2.1894,-79.889,2014-10-16,h10v09,1050.0,81.0,0.1674,5150.0,3.0,0b0001010000011110,0b10,"Pixel produced, but most probably cloudy",0b0111,Decreasing quality,0b00,Climatology,0b0,No,0b0,No,0b1,Yes,0b010,Ocean coastlines and lake shorelines,0b0,No,0b0,No,0b00000000000000000000000000000011,0b00000000000000000000000000000011,"Cloudy data, Target not visible, covered with cloud"
City,Guayaquil,-2.1894,-79.889,2014-11-01,h10v09,1050.0,81.0,0.1342,4110.0,3.0,0b0001000000001110,0b10,"Pixel produced, but most probably cloudy",0b0011,Decreasing quality,0b00,Climatology,0b0,No,0b0,No,0b0,No,0b010,Ocean coastlines and lake shorelines,0b0,No,0b0,No,0b00000000000000000000000000000011,0b00000000000000000000000000000011,"Cloudy data, Target not visible, covered with cloud"
City,Guayaquil,-2.1894,-79.889,2014-11-17,h10v09,1050.0,81.0,0.055,4110.0,3.0,0b0001000000001110,0b10,"Pixel produced, but most probably cloudy",0b0011,Decreasing quality,0b00,Climatology,0b0,No,0b0,No,0b0,No,0b010,Ocean coastlines and lake shorelines,0b0,No,0b0,No,0b00000000000000000000000000000011,0b00000000000000000000000000000011,"Cloudy data, Target not visible, covered with cloud"
City,Guayaquil,-2.1894,-79.889,2014-12-03,h10v09,1050.0,81.0,0.0866,5150.0,3.0,0b0001010000011110,0b10,"Pixel produced, but most probably cloudy",0b0111,Decreasing quality,0b00,Climatology,0b0,No,0b0,No,0b1,Yes,0b010,Ocean coastlines and lake shorelines,0b0,No,0b0,No,0b00000000000000000000000000000011,0b00000000000000000000000000000011,"Cloudy data, Target not visible, covered with cloud"
City,Guayaquil,-2.1894,-79.889,2014-12-19,h10v09,1050.0,81.0,0.0484,4374.0,3.0,0b0001000100010110,0b10,"Pixel produced, but most probably cloudy",0b0101,Decreasing quality,0b00,Climatology,0b1,Yes,0b0,No,0b0,No,0b010,Ocean coastlines and lake shorelines,0b0,No,0b0,No,0b00000000000000000000000000000011,0b00000000000000000000000000000011,"Cloudy data, Target not visible, covered with cloud"
City,Guayaquil,-2.1894,-79.889,2015-01-01,h10v09,1050.0,81.0,0.0678,4110.0,3.0,0b0001000000001110,0b10,"Pixel produced, but most probably cloudy",0b0011,Decreasing quality,0b00,Climatology,0b0,No,0b0,No,0b0,No,0b010,Ocean coastlines and lake shorelines,0b0,No,0b0,No,0b00000000000000000000000000000011,0b00000000000000000000000000000011,"Cloudy data, Target not visible, covered with cloud"
City,Guayaquil,-2.1894,-79.889,2015-01-17,h10v09,1050.0,81.0,0.0846,4110.0,3.0,0b0001000000001110,0b10,"Pixel produced, but most probably cloudy",0b0011,Decreasing quality,0b00,Climatology,0b0,No,0b0,No,0b0,No,0b010,Ocean coastlines and lake shorelines,0b0,No,0b0,No,0b00000000000000000000000000000011,0b00000000000000000000000000000011,"Cloudy data, Target not visible, covered with cloud"
City,Guayaquil,-2.1894,-79.889,2015-02-02,h10v09,1050.0,81.0,0.1163,4110.0,3.0,0b0001000000001110,0b10,"Pixel produced, but most probably cloudy",0b0011,Decreasing quality,0b00,Climatology,0b0,No,0b0,No,0b0,No,0b010,Ocean coastlines and lake shorelines,0b0,No,0b0,No,0b00000000000000000000000000000011,0b00000000000000000000000000000011,"Cloudy data, Target not visible, covered with cloud"
City,Guayaquil,-2.1894,-79.889,2015-02-18,h10v09,1050.0,81.0,0.1582,5150.0,3.0,0b0001010000011110,0b10,"Pixel produced, but most probably cloudy",0b0111,Decreasing quality,0b00,Climatology,0b0,No,0b0,No,0b1,Yes,0b010,Ocean coastlines and lake shorelines,0b0,No,0b0,No,0b00000000000000000000000000000011,0b00000000000000000000000000000011,"Cloudy data, Target not visible, covered with cloud"
City,Guayaquil,-2.1894,-79.889,2015-03-06,h10v09,1050.0,81.0,0.2085,4114.0,3.0,0b0001000000010010,0b10,"Pixel produced, but most probably cloudy",0b0100,Decreasing quality,0b00,Climatology,0b0,No,0b0,No,0b0,No,0b010,Ocean coastlines and lake shorelines,0b0,No,0b0,No,0b00000000000000000000000000000011,0b00000000000000000000000000000011,"Cloudy data, Target not visible, covered with cloud"
City,Guayaquil,-2.1894,-79.889,2015-03-22,h10v09,1050.0,81.0,0.0668,4110.0,3.0,0b0001000000001110,0b10,"Pixel produced, but most probably cloudy",0b0011,Decreasing quality,0b00,Climatology,0b0,No,0b0,No,0b0,No,0b010,Ocean coastlines and lake shorelines,0b0,No,0b0,No,0b00000000000000000000000000000011,0b00000000000000000000000000000011,"Cloudy data, Target not visible, covered with cloud"
City,Guayaquil,-2.1894,-79.889,2015-04-07,h10v09,1050.0,81.0,0.1231,4110.0,3.0,0b0001000000001110,0b10,"Pixel produced, but most probably cloudy",0b0011,Decreasing quality,0b00,Climatology,0b0,No,0b0,No,0b0,No,0b010,Ocean coastlines and lake shorelines,0b0,No,0b0,No,0b00000000000000000000000000000011,0b00000000000000000000000000000011,"Cloudy data, Target not visible, covered with cloud"
City,Guayaquil,-2.1894,-79.889,2015-04-23,h10v09,1050.0,81.0,0.121,4110.0,3.0,0b0001000000001110,0b10,"Pixel produced, but most probably cloudy",0b0011,Decreasing quality,0b00,Climatology,0b0,No,0b0,No,0b0,No,0b010,Ocean coastlines and lake shorelines,0b0,No,0b0,No,0b00000000000000000000000000000011,0b00000000000000000000000000000011,"Cloudy data, Target not visible, covered with cloud"
City,Guayaquil,-2.1894,-79.889,2015-05-09,h10v09,1050.0,81.0,0.0797,4110.0,3.0,0b0001000000001110,0b10,"Pixel produced, but most probably cloudy",0b0011,Decreasing quality,0b00,Climatology,0b0,No,0b0,No,0b0,No,0b010,Ocean coastlines and lake shorelines,0b0,No,0b0,No,0b00000000000000000000000000000011,0b00000000000000000000000000000011,"Cloudy data, Target not visible, covered with cloud"
City,Guayaquil,-2.1894,-79.889,2015-05-25,h10v09,1050.0,81.0,0.0809,4110.0,3.0,0b0001000000001110,0b10,"Pixel produced, but most probably cloudy",0b0011,Decreasing quality,0b00,Climatology,0b0,No,0b0,No,0b0,No,0b010,Ocean coastlines and lake shorelines,0b0,No,0b0,No,0b00000000000000000000000000000011,0b00000000000000000000000000000011,"Cloudy data, Target not visible, covered with cloud"
City,Guayaquil,-2.1894,-79.889,2015-06-10,h10v09,1050.0,81.0,0.1193,4110.0,3.0,0b0001000000001110,0b10,"Pixel produced, but most probably cloudy",0b0011,Decreasing quality,0b00,Climatology,0b0,No,0b0,No,0b0,No,0b010,Ocean coastlines and lake shorelines,0b0,No,0b0,No,0b00000000000000000000000000000011,0b00000000000000000000000000000011,"Cloudy data, Target not visible, covered with cloud"
City,Guayaquil,-2.1894,-79.889,2015-06-26,h10v09,1050.0,81.0,0.1424,4369.0,1.0,0b0001000100010001,0b01,"VI produced, but check other QA",0b0100,Decreasing quality,0b00,Climatology,0b1,Yes,0b0,No,0b0,No,0b010,Ocean coastlines and lake shorelines,0b0,No,0b0,No,0b00000000000000000000000000000001,0b00000000000000000000000000000001,"Marginal data, Useful, but look at other QA information"
City,Guayaquil,-2.1894,-79.889,2015-07-12,h10v09,1050.0,81.0,0.1152,5150.0,3.0,0b0001010000011110,0b10,"Pixel produced, but most probably cloudy",0b0111,Decreasing quality,0b00,Climatology,0b0,No,0b0,No,0b1,Yes,0b010,Ocean coastlines and lake shorelines,0b0,No,0b0,No,0b00000000000000000000000000000011,0b00000000000000000000000000000011,"Cloudy data, Target not visible, covered with cloud"
City,Guayaquil,-2.1894,-79.889,2015-07-28,h10v09,1050.0,81.0,0.0734,4114.0,3.0,0b0001000000010010,0b10,"Pixel produced, but most probably cloudy",0b0100,Decreasing quality,0b00,Climatology,0b0,No,0b0,No,0b0,No,0b010,Ocean coastlines and lake shorelines,0b0,No,0b0,No,0b00000000000000000000000000000011,0b00000000000000000000000000000011,"Cloudy data, Target not visible, covered with cloud"
City,Guayaquil,-2.1894,-79.889,2015-08-13,h10v09,1050.0,81.0,0.1185,4114.0,3.0,0b0001000000010010,0b10,"Pixel produced, but most probably cloudy",0b0100,Decreasing quality,0b00,Climatology,0b0,No,0b0,No,0b0,No,0b010,Ocean coastlines and lake shorelines,0b0,No,0b0,No,0b00000000000000000000000000000011,0b00000000000000000000000000000011,"Cloudy data, Target not visible, covered with cloud"
City,Guayaquil,-2.1894,-79.889,2015-08-29,h10v09,1050.0,81.0,0.2201,4369.0,1.0,0b0001000100010001,0b01,"VI produced, but check other QA",0b0100,Decreasing quality,0b00,Climatology,0b1,Yes,0b0,No,0b0,No,0b010,Ocean coastlines and lake shorelines,0b0,No,0b0,No,0b00000000000000000000000000000001,0b00000000000000000000000000000001,"Marginal data, Useful, but look at other QA information"
City,Guayaquil,-2.1894,-79.889,2015-09-14,h10v09,1050.0,81.0,0.1219,5150.0,3.0,0b0001010000011110,0b10,"Pixel produced, but most probably cloudy",0b0111,Decreasing quality,0b00,Climatology,0b0,No,0b0,No,0b1,Yes,0b010,Ocean coastlines and lake shorelines,0b0,No,0b0,No,0b00000000000000000000000000000011,0b00000000000000000000000000000011,"Cloudy data, Target not visible, covered with cloud"
City,Guayaquil,-2.1894,-79.889,2015-09-30,h10v09,1050.0,81.0,0.0356,4114.0,3.0,0b0001000000010010,0b10,"Pixel produced, but most probably cloudy",0b0100,Decreasing quality,0b00,Climatology,0b0,No,0b0,No,0b0,No,0b010,Ocean coastlines and lake shorelines,0b0,No,0b0,No,0b00000000000000000000000000000011,0b00000000000000000000000000000011,"Cloudy data, Target not visible, covered with cloud"
City,Guayaquil,-2.1894,-79.889,2015-10-16,h10v09,1050.0,81.0,0.1138,4114.0,3.0,0b0001000000010010,0b10,"Pixel produced, but most probably cloudy",0b0100,Decreasing quality,0b00,Climatology,0b0,No,0b0,No,0b0,No,0b010,Ocean coastlines and lake shorelines,0b0,No,0b0,No,0b00000000000000000000000000000011,0b00000000000000000000000000000011,"Cloudy data, Target not visible, covered with cloud"
City,Guayaquil,-2.1894,-79.889,2015-11-01,h10v09,1050.0,81.0,0.1515,5146.0,3.0,0b0001010000011010,0b10,"Pixel produced, but most probably cloudy",0b0110,Decreasing quality,0b00,Climatology,0b0,No,0b0,No,0b1,Yes,0b010,Ocean coastlines and lake shorelines,0b0,No,0b0,No,0b00000000000000000000000000000011,0b00000000000000000000000000000011,"Cloudy data, Target not visible, covered with cloud"
City,Guayaquil,-2.1894,-79.889,2015-11-17,h10v09,1050.0,81.0,0.0772,4110.0,3.0,0b0001000000001110,0b10,"Pixel produced, but most probably cloudy",0b0011,Decreasing quality,0b00,Climatology,0b0,No,0b0,No,0b0,No,0b010,Ocean coastlines and lake shorelines,0b0,No,0b0,No,0b00000000000000000000000000000011,0b00000000000000000000000000000011,"Cloudy data, Target not visible, covered with cloud"
City,Guayaquil,-2.1894,-79.889,2015-12-03,h10v09,1050.0,81.0,0.0926,4110.0,3.0,0b0001000000001110,0b10,"Pixel produced, but most probably cloudy",0b0011,Decreasing quality,0b00,Climatology,0b0,No,0b0,No,0b0,No,0b010,Ocean coastlines and lake shorelines,0b0,No,0b0,No,0b00000000000000000000000000000011,0b00000000000000000000000000000011,"Cloudy data, Target not visible, covered with cloud"
City,Guayaquil,-2.1894,-79.889,2015-12-19,h10v09,1050.0,81.0,0.1098,4114.0,3.0,0b0001000000010010,0b10,"Pixel produced, but most probably cloudy",0b0100,Decreasing quality,0b00,Climatology,0b0,No,0b0,No,0b0,No,0b010,Ocean coastlines and lake shorelines,0b0,No,0b0,No,0b00000000000000000000000000000011,0b00000000000000000000000000000011,"Cloudy data, Target not visible, covered with cloud"
City,Guayaquil,-2.1894,-79.889,2016-01-01,h10v09,1050.0,81.0,0.1152,4110.0,3.0,0b0001000000001110,0b10,"Pixel produced, but most probably cloudy",0b0011,Decreasing quality,0b00,Climatology,0b0,No,0b0,No,0b0,No,0b010,Ocean coastlines and lake shorelines,0b0,No,0b0,No,0b00000000000000000000000000000011,0b00000000000000000000000000000011,"Cloudy data, Target not visible, covered with cloud"
City,Guayaquil,-2.1894,-79.889,2016-01-17,h10v09,1050.0,81.0,0.1322,5146.0,3.0,0b0001010000011010,0b10,"Pixel produced, but most probably cloudy",0b0110,Decreasing quality,0b00,Climatology,0b0,No,0b0,No,0b1,Yes,0b010,Ocean coastlines and lake shorelines,0b0,No,0b0,No,0b00000000000000000000000000000011,0b00000000000000000000000000000011,"Cloudy data, Target not visible, covered with cloud"
City,Guayaquil,-2.1894,-79.889,2016-02-02,h10v09,1050.0,81.0,0.0672,4110.0,3.0,0b0001000000001110,0b10,"Pixel produced, but most probably cloudy",0b0011,Decreasing quality,0b00,Climatology,0b0,No,0b0,No,0b0,No,0b010,Ocean coastlines and lake shorelines,0b0,No,0b0,No,0b00000000000000000000000000000011,0b00000000000000000000000000000011,"Cloudy data, Target not visible, covered with cloud"
City,Guayaquil,-2.1894,-79.889,2016-02-18,h10v09,1050.0,81.0,0.1295,4114.0,3.0,0b0001000000010010,0b10,"Pixel produced, but most probably cloudy",0b0100,Decreasing quality,0b00,Climatology,0b0,No,0b0,No,0b0,No,0b010,Ocean coastlines and lake shorelines,0b0,No,0b0,No,0b00000000000000000000000000000011,0b00000000000000000000000000000011,"Cloudy data, Target not visible, covered with cloud"
City,Guayaquil,-2.1894,-79.889,2016-03-05,h10v09,1050.0,81.0,0.1596,5150.0,3.0,0b0001010000011110,0b10,"Pixel produced, but most probably cloudy",0b0111,Decreasing quality,0b00,Climatology,0b0,No,0b0,No,0b1,Yes,0b010,Ocean coastlines and lake shorelines,0b0,No,0b0,No,0b00000000000000000000000000000011,0b00000000000000000000000000000011,"Cloudy data, Target not visible, covered with cloud"
City,Guayaquil,-2.1894,-79.889,2016-03-21,h10v09,1050.0,81.0,0.139,4110.0,3.0,0b0001000000001110,0b10,"Pixel produced, but most probably cloudy",0b0011,Decreasing quality,0b00,Climatology,0b0,No,0b0,No,0b0,No,0b010,Ocean coastlines and lake shorelines,0b0,No,0b0,No,0b00000000000000000000000000000011,0b00000000000000000000000000000011,"Cloudy data, Target not visible, covered with cloud"
City,Guayaquil,-2.1894,-79.889,2016-04-06,h10v09,1050.0,81.0,0.1409,5146.0,3.0,0b0001010000011010,0b10,"Pixel produced, but most probably cloudy",0b0110,Decreasing quality,0b00,Climatology,0b0,No,0b0,No,0b1,Yes,0b010,Ocean coastlines and lake shorelines,0b0,No,0b0,No,0b00000000000000000000000000000011,0b00000000000000000000000000000011,"Cloudy data, Target not visible, covered with cloud"
City,Guayaquil,-2.1894,-79.889,2016-04-22,h10v09,1050.0,81.0,0.1784,2445.0,1.0,0b0000100110001101,0b01,"VI produced, but check other QA",0b0011,Decreasing quality,0b10,Average,0b1,Yes,0b0,No,0b0,No,0b001,Land (Nothing else but land),0b0,No,0b0,No,0b00000000000000000000000000000001,0b00000000000000000000000000000001,"Marginal data, Useful, but look at other QA information"
City,Guayaquil,-2.1894,-79.889,2016-05-08,h10v09,1050.0,81.0,0.1159,4110.0,3.0,0b0001000000001110,0b10,"Pixel produced, but most probably cloudy",0b0011,Decreasing quality,0b00,Climatology,0b0,No,0b0,No,0b0,No,0b010,Ocean coastlines and lake shorelines,0b0,No,0b0,No,0b00000000000000000000000000000011,0b00000000000000000000000000000011,"Cloudy data, Target not visible, covered with cloud"
City,Guayaquil,-2.1894,-79.889,2016-05-24,h10v09,1050.0,81.0,0.1317,4110.0,3.0,0b0001000000001110,0b10,"Pixel produced, but most probably cloudy",0b0011,Decreasing quality,0b00,Climatology,0b0,No,0b0,No,0b0,No,0b010,Ocean coastlines and lake shorelines,0b0,No,0b0,No,0b00000000000000000000000000000011,0b00000000000000000000000000000011,"Cloudy data, Target not visible, covered with cloud"
City,Guayaquil,-2.1894,-79.889,2016-06-09,h10v09,1050.0,81.0,0.0481,4114.0,3.0,0b0001000000010010,0b10,"Pixel produced, but most probably cloudy",0b0100,Decreasing quality,0b00,Climatology,0b0,No,0b0,No,0b0,No,0b010,Ocean coastlines and lake shorelines,0b0,No,0b0,No,0b00000000000000000000000000000011,0b00000000000000000000000000000011,"Cloudy data, Target not visible, covered with cloud"
City,Guayaquil,-2.1894,-79.889,2016-06-25,h10v09,1050.0,81.0,0.2445,4110.0,3.0,0b0001000000001110,0b10,"Pixel produced, but most probably cloudy",0b0011,Decreasing quality,0b00,Climatology,0b0,No,0b0,No,0b0,No,0b010,Ocean coastlines and lake shorelines,0b0,No,0b0,No,0b00000000000000000000000000000011,0b00000000000000000000000000000011,"Cloudy data, Target not visible, covered with cloud"
City,Guayaquil,-2.1894,-79.889,2016-07-11,h10v09,1050.0,81.0,0.3387,4110.0,3.0,0b0001000000001110,0b10,"Pixel produced, but most probably cloudy",0b0011,Decreasing quality,0b00,Climatology,0b0,No,0b0,No,0b0,No,0b010,Ocean coastlines and lake shorelines,0b0,No,0b0,No,0b00000000000000000000000000000011,0b00000000000000000000000000000011,"Cloudy data, Target not visible, covered with cloud"
City,Guayaquil,-2.1894,-79.889,2016-07-27,h10v09,1050.0,81.0,0.1363,5150.0,3.0,0b0001010000011110,0b10,"Pixel produced, but most probably cloudy",0b0111,Decreasing quality,0b00,Climatology,0b0,No,0b0,No,0b1,Yes,0b010,Ocean coastlines and lake shorelines,0b0,No,0b0,No,0b00000000000000000000000000000011,0b00000000000000000000000000000011,"Cloudy data, Target not visible, covered with cloud"
City,Guayaquil,-2.1894,-79.889,2016-08-12,h10v09,1050.0,81.0,0.2245,4110.0,3.0,0b0001000000001110,0b10,"Pixel produced, but most probably cloudy",0b0011,Decreasing quality,0b00,Climatology,0b0,No,0b0,No,0b0,No,0b010,Ocean coastlines and lake shorelines,0b0,No,0b0,No,0b00000000000000000000000000000011,0b00000000000000000000000000000011,"Cloudy data, Target not visible, covered with cloud"
City,Guayaquil,-2.1894,-79.889,2016-08-28,h10v09,1050.0,81.0,0.0906,4114.0,3.0,0b0001000000010010,0b10,"Pixel produced, but most probably cloudy",0b0100,Decreasing quality,0b00,Climatology,0b0,No,0b0,No,0b0,No,0b010,Ocean coastlines and lake shorelines,0b0,No,0b0,No,0b00000000000000000000000000000011,0b00000000000000000000000000000011,"Cloudy data, Target not visible, covered with cloud"
City,Guayaquil,-2.1894,-79.889,2016-09-13,h10v09,1050.0,81.0,0.1455,4110.0,3.0,0b0001000000001110,0b10,"Pixel produced, but most probably cloudy",0b0011,Decreasing quality,0b00,Climatology,0b0,No,0b0,No,0b0,No,0b010,Ocean coastlines and lake shorelines,0b0,No,0b0,No,0b00000000000000000000000000000011,0b00000000000000000000000000000011,"Cloudy data, Target not visible, covered with cloud"
City,Guayaquil,-2.1894,-79.889,2016-09-29,h10v09,1050.0,81.0,0.0928,4110.0,3.0,0b0001000000001110,0b10,"Pixel produced, but most probably cloudy",0b0011,Decreasing quality,0b00,Climatology,0b0,No,0b0,No,0b0,No,0b010,Ocean coastlines and lake shorelines,0b0,No,0b0,No,0b00000000000000000000000000000011,0b00000000000000000000000000000011,"Cloudy data, Target not visible, covered with cloud"
City,Guayaquil,-2.1894,-79.889,2016-10-15,h10v09,1050.0,81.0,0.0795,4114.0,3.0,0b0001000000010010,0b10,"Pixel produced, but most probably cloudy",0b0100,Decreasing quality,0b00,Climatology,0b0,No,0b0,No,0b0,No,0b010,Ocean coastlines and lake shorelines,0b0,No,0b0,No,0b00000000000000000000000000000011,0b00000000000000000000000000000011,"Cloudy data, Target not visible, covered with cloud"
City,Guayaquil,-2.1894,-79.889,2016-10-31,h10v09,1050.0,81.0,0.136,4110.0,3.0,0b0001000000001110,0b10,"Pixel produced, but most probably cloudy",0b0011,Decreasing quality,0b00,Climatology,0b0,No,0b0,No,0b0,No,0b010,Ocean coastlines and lake shorelines,0b0,No,0b0,No,0b00000000000000000000000000000011,0b00000000000000000000000000000011,"Cloudy data, Target not visible, covered with cloud"
City,Guayaquil,-2.1894,-79.889,2016-11-16,h10v09,1050.0,81.0,0.1062,4114.0,3.0,0b0001000000010010,0b10,"Pixel produced, but most probably cloudy",0b0100,Decreasing quality,0b00,Climatology,0b0,No,0b0,No,0b0,No,0b010,Ocean coastlines and lake shorelines,0b0,No,0b0,No,0b00000000000000000000000000000011,0b00000000000000000000000000000011,"Cloudy data, Target not visible, covered with cloud"
City,Guayaquil,-2.1894,-79.889,2016-12-02,h10v09,1050.0,81.0,0.0895,4114.0,3.0,0b0001000000010010,0b10,"Pixel produced, but most probably cloudy",0b0100,Decreasing quality,0b00,Climatology,0b0,No,0b0,No,0b0,No,0b010,Ocean coastlines and lake shorelines,0b0,No,0b0,No,0b00000000000000000000000000000011,0b00000000000000000000000000000011,"Cloudy data, Target not visible, covered with cloud"
City,Guayaquil,-2.1894,-79.889,2016-12-18,h10v09,1050.0,81.0,0.1053,4114.0,3.0,0b0001000000010010,0b10,"Pixel produced, but most probably cloudy",0b0100,Decreasing quality,0b00,Climatology,0b0,No,0b0,No,0b0,No,0b010,Ocean coastlines and lake shorelines,0b0,No,0b0,No,0b00000000000000000000000000000011,0b00000000000000000000000000000011,"Cloudy data, Target not visible, covered with cloud"
City,Guayaquil,-2.1894,-79.889,2017-01-01,h10v09,1050.0,81.0,0.0965,4114.0,3.0,0b0001000000010010,0b10,"Pixel produced, but most probably cloudy",0b0100,Decreasing quality,0b00,Climatology,0b0,No,0b0,No,0b0,No,0b010,Ocean coastlines and lake shorelines,0b0,No,0b0,No,0b00000000000000000000000000000011,0b00000000000000000000000000000011,"Cloudy data, Target not visible, covered with cloud"
City,Guayaquil,-2.1894,-79.889,2017-01-17,h10v09,1050.0,81.0,0.0177,5146.0,3.0,0b0001010000011010,0b10,"Pixel produced, but most probably cloudy",0b0110,Decreasing quality,0b00,Climatology,0b0,No,0b0,No,0b1,Yes,0b010,Ocean coastlines and lake shorelines,0b0,No,0b0,No,0b00000000000000000000000000000011,0b00000000000000000000000000000011,"Cloudy data, Target not visible, covered with cloud"
City,Guayaquil,-2.1894,-79.889,2017-02-02,h10v09,1050.0,81.0,0.0427,4114.0,3.0,0b0001000000010010,0b10,"Pixel produced, but most probably cloudy",0b0100,Decreasing quality,0b00,Climatology,0b0,No,0b0,No,0b0,No,0b010,Ocean coastlines and lake shorelines,0b0,No,0b0,No,0b00000000000000000000000000000011,0b00000000000000000000000000000011,"Cloudy data, Target not visible, covered with cloud"
City,Guayaquil,-2.1894,-79.889,2017-02-18,h10v09,1050.0,81.0,0.1074,4114.0,3.0,0b0001000000010010,0b10,"Pixel produced, but most probably cloudy",0b0100,Decreasing quality,0b00,Climatology,0b0,No,0b0,No,0b0,No,0b010,Ocean coastlines and lake shorelines,0b0,No,0b0,No,0b00000000000000000000000000000011,0b00000000000000000000000000000011,"Cloudy data, Target not visible, covered with cloud"
City,Guayaquil,-2.1894,-79.889,2017-03-06,h10v09,1050.0,81.0,0.0955,4114.0,3.0,0b0001000000010010,0b10,"Pixel produced, but most probably cloudy",0b0100,Decreasing quality,0b00,Climatology,0b0,No,0b0,No,0b0,No,0b010,Ocean coastlines and lake shorelines,0b0,No,0b0,No,0b00000000000000000000000000000011,0b00000000000000000000000000000011,"Cloudy data, Target not visible, covered with cloud"
City,Guayaquil,-2.1894,-79.889,2017-03-22,h10v09,1050.0,81.0,0.1218,4110.0,3.0,0b0001000000001110,0b10,"Pixel produced, but most probably cloudy",0b0011,Decreasing quality,0b00,Climatology,0b0,No,0b0,No,0b0,No,0b010,Ocean coastlines and lake shorelines,0b0,No,0b0,No,0b00000000000000000000000000000011,0b00000000000000000000000000000011,"Cloudy data, Target not visible, covered with cloud"
City,Guayaquil,-2.1894,-79.889,2017-04-07,h10v09,1050.0,81.0,0.0389,4114.0,3.0,0b0001000000010010,0b10,"Pixel produced, but most probably cloudy",0b0100,Decreasing quality,0b00,Climatology,0b0,No,0b0,No,0b0,No,0b010,Ocean coastlines and lake shorelines,0b0,No,0b0,No,0b00000000000000000000000000000011,0b00000000000000000000000000000011,"Cloudy data, Target not visible, covered with cloud"
City,Guayaquil,-2.1894,-79.889,2017-04-23,h10v09,1050.0,81.0,0.1648,5410.0,3.0,0b0001010100100010,0b10,"Pixel produced, but most probably cloudy",0b1000,Decreasing quality,0b00,Climatology,0b1,Yes,0b0,No,0b1,Yes,0b010,Ocean coastlines and lake shorelines,0b0,No,0b0,No,0b00000000000000000000000000000011,0b00000000000000000000000000000011,"Cloudy data, Target not visible, covered with cloud"
City,Guayaquil,-2.1894,-79.889,2017-05-09,h10v09,1050.0,81.0,0.1689,4369.0,1.0,0b0001000100010001,0b01,"VI produced, but check other QA",0b0100,Decreasing quality,0b00,Climatology,0b1,Yes,0b0,No,0b0,No,0b010,Ocean coastlines and lake shorelines,0b0,No,0b0,No,0b00000000000000000000000000000001,0b00000000000000000000000000000001,"Marginal data, Useful, but look at other QA information"
City,Guayaquil,-2.1894,-79.889,2017-05-25,h10v09,1050.0,81.0,0.1472,5150.0,3.0,0b0001010000011110,0b10,"Pixel produced, but most probably cloudy",0b0111,Decreasing quality,0b00,Climatology,0b0,No,0b0,No,0b1,Yes,0b010,Ocean coastlines and lake shorelines,0b0,No,0b0,No,0b00000000000000000000000000000011,0b00000000000000000000000000000011,"Cloudy data, Target not visible, covered with cloud"
City,Guayaquil,-2.1894,-79.889,2017-06-10,h10v09,1050.0,81.0,0.0265,4110.0,3.0,0b0001000000001110,0b10,"Pixel produced, but most probably cloudy",0b0011,Decreasing quality,0b00,Climatology,0b0,No,0b0,No,0b0,No,0b010,Ocean coastlines and lake shorelines,0b0,No,0b0,No,0b00000000000000000000000000000011,0b00000000000000000000000000000011,"Cloudy data, Target not visible, covered with cloud"
City,Guayaquil,-2.1894,-79.889,2017-06-26,h10v09,1050.0,81.0,0.0826,4110.0,3.0,0b0001000000001110,0b10,"Pixel produced, but most probably cloudy",0b0011,Decreasing quality,0b00,Climatology,0b0,No,0b0,No,0b0,No,0b010,Ocean coastlines and lake shorelines,0b0,No,0b0,No,0b00000000000000000000000000000011,0b00000000000000000000000000000011,"Cloudy data, Target not visible, covered with cloud"
City,Guayaquil,-2.1894,-79.889,2017-07-12,h10v09,1050.0,81.0,0.222,5406.0,3.0,0b0001010100011110,0b10,"Pixel produced, but most probably cloudy",0b0111,Decreasing quality,0b00,Climatology,0b1,Yes,0b0,No,0b1,Yes,0b010,Ocean coastlines and lake shorelines,0b0,No,0b0,No,0b00000000000000000000000000000011,0b00000000000000000000000000000011,"Cloudy data, Target not visible, covered with cloud"
City,Guayaquil,-2.1894,-79.889,2017-07-28,h10v09,1050.0,81.0,0.151,5150.0,3.0,0b0001010000011110,0b10,"Pixel produced, but most probably cloudy",0b0111,Decreasing quality,0b00,Climatology,0b0,No,0b0,No,0b1,Yes,0b010,Ocean coastlines and lake shorelines,0b0,No,0b0,No,0b00000000000000000000000000000011,0b00000000000000000000000000000011,"Cloudy data, Target not visible, covered with cloud"
City,Guayaquil,-2.1894,-79.889,2017-08-13,h10v09,1050.0,81.0,0.0904,4110.0,3.0,0b0001000000001110,0b10,"Pixel produced, but most probably cloudy",0b0011,Decreasing quality,0b00,Climatology,0b0,No,0b0,No,0b0,No,0b010,Ocean coastlines and lake shorelines,0b0,No,0b0,No,0b00000000000000000000000000000011,0b00000000000000000000000000000011,"Cloudy data, Target not visible, covered with cloud"
City,Guayaquil,-2.1894,-79.889,2017-08-29,h10v09,1050.0,81.0,0.0937,4110.0,3.0,0b0001000000001110,0b10,"Pixel produced, but most probably cloudy",0b0011,Decreasing quality,0b00,Climatology,0b0,No,0b0,No,0b0,No,0b010,Ocean coastlines and lake shorelines,0b0,No,0b0,No,0b00000000000000000000000000000011,0b00000000000000000000000000000011,"Cloudy data, Target not visible, covered with cloud"
City,Guayaquil,-2.1894,-79.889,2017-09-14,h10v09,1050.0,81.0,0.0934,4110.0,3.0,0b0001000000001110,0b10,"Pixel produced, but most probably cloudy",0b0011,Decreasing quality,0b00,Climatology,0b0,No,0b0,No,0b0,No,0b010,Ocean coastlines and lake shorelines,0b0,No,0b0,No,0b00000000000000000000000000000011,0b00000000000000000000000000000011,"Cloudy data, Target not visible, covered with cloud"
City,Guayaquil,-2.1894,-79.889,2017-09-30,h10v09,1050.0,81.0,0.1701,38186.0,3.0,0b1001010100101010,0b10,"Pixel produced, but most probably cloudy",0b1010,Decreasing quality,0b00,Climatology,0b1,Yes,0b0,No,0b1,Yes,0b010,Ocean coastlines and lake shorelines,0b0,No,0b1,Yes,0b00000000000000000000000000000011,0b00000000000000000000000000000011,"Cloudy data, Target not visible, covered with cloud"
City,Guayaquil,-2.1894,-79.889,2017-10-16,h10v09,1050.0,81.0,0.1218,4114.0,3.0,0b0001000000010010,0b10,"Pixel produced, but most probably cloudy",0b0100,Decreasing quality,0b00,Climatology,0b0,No,0b0,No,0b0,No,0b010,Ocean coastlines and lake shorelines,0b0,No,0b0,No,0b00000000000000000000000000000011,0b00000000000000000000000000000011,"Cloudy data, Target not visible, covered with cloud"
City,Guayaquil,-2.1894,-79.889,2017-11-01,h10v09,1050.0,81.0,0.0418,4110.0,3.0,0b0001000000001110,0b10,"Pixel produced, but most probably cloudy",0b0011,Decreasing quality,0b00,Climatology,0b0,No,0b0,No,0b0,No,0b010,Ocean coastlines and lake shorelines,0b0,No,0b0,No,0b00000000000000000000000000000011,0b00000000000000000000000000000011,"Cloudy data, Target not visible, covered with cloud"
City,Guayaquil,-2.1894,-79.889,2017-11-17,h10v09,1050.0,81.0,0.0662,4114.0,3.0,0b0001000000010010,0b10,"Pixel produced, but most probably cloudy",0b0100,Decreasing quality,0b00,Climatology,0b0,No,0b0,No,0b0,No,0b010,Ocean coastlines and lake shorelines,0b0,No,0b0,No,0b00000000000000000000000000000011,0b00000000000000000000000000000011,"Cloudy data, Target not visible, covered with cloud"
City,Guayaquil,-2.1894,-79.889,2017-12-03,h10v09,1050.0,81.0,0.0832,4110.0,3.0,0b0001000000001110,0b10,"Pixel produced, but most probably cloudy",0b0011,Decreasing quality,0b00,Climatology,0b0,No,0b0,No,0b0,No,0b010,Ocean coastlines and lake shorelines,0b0,No,0b0,No,0b00000000000000000000000000000011,0b00000000000000000000000000000011,"Cloudy data, Target not visible, covered with cloud"
City,Guayaquil,-2.1894,-79.889,2017-12-19,h10v09,1050.0,81.0,0.0778,5146.0,3.0,0b0001010000011010,0b10,"Pixel produced, but most probably cloudy",0b0110,Decreasing quality,0b00,Climatology,0b0,No,0b0,No,0b1,Yes,0b010,Ocean coastlines and lake shorelines,0b0,No,0b0,No,0b00000000000000000000000000000011,0b00000000000000000000000000000011,"Cloudy data, Target not visible, covered with cloud"
City,Guayaquil,-2.1894,-79.889,2018-01-01,h10v09,1050.0,81.0,0.2865,4369.0,1.0,0b0001000100010001,0b01,"VI produced, but check other QA",0b0100,Decreasing quality,0b00,Climatology,0b1,Yes,0b0,No,0b0,No,0b010,Ocean coastlines and lake shorelines,0b0,No,0b0,No,0b00000000000000000000000000000001,0b00000000000000000000000000000001,"Marginal data, Useful, but look at other QA information"
City,Guayaquil,-2.1894,-79.889,2018-01-17,h10v09,1050.0,81.0,0.0848,4114.0,3.0,0b0001000000010010,0b10,"Pixel produced, but most probably cloudy",0b0100,Decreasing quality,0b00,Climatology,0b0,No,0b0,No,0b0,No,0b010,Ocean coastlines and lake shorelines,0b0,No,0b0,No,0b00000000000000000000000000000011,0b00000000000000000000000000000011,"Cloudy data, Target not visible, covered with cloud"
City,Guayaquil,-2.1894,-79.889,2018-02-02,h10v09,1050.0,81.0,0.0623,4114.0,3.0,0b0001000000010010,0b10,"Pixel produced, but most probably cloudy",0b0100,Decreasing quality,0b00,Climatology,0b0,No,0b0,No,0b0,No,0b010,Ocean coastlines and lake shorelines,0b0,No,0b0,No,0b00000000000000000000000000000011,0b00000000000000000000000000000011,"Cloudy data, Target not visible, covered with cloud"
City,Guayaquil,-2.1894,-79.889,2018-02-18,h10v09,1050.0,81.0,0.122,4114.0,3.0,0b0001000000010010,0b10,"Pixel produced, but most probably cloudy",0b0100,Decreasing quality,0b00,Climatology,0b0,No,0b0,No,0b0,No,0b010,Ocean coastlines and lake shorelines,0b0,No,0b0,No,0b00000000000000000000000000000011,0b00000000000000000000000000000011,"Cloudy data, Target not visible, covered with cloud"
City,Guayaquil,-2.1894,-79.889,2018-03-06,h10v09,1050.0,81.0,0.0374,5146.0,3.0,0b0001010000011010,0b10,"Pixel produced, but most probably cloudy",0b0110,Decreasing quality,0b00,Climatology,0b0,No,0b0,No,0b1,Yes,0b010,Ocean coastlines and lake shorelines,0b0,No,0b0,No,0b00000000000000000000000000000011,0b00000000000000000000000000000011,"Cloudy data, Target not visible, covered with cloud"
City,Guayaquil,-2.1894,-79.889,2018-03-22,h10v09,1050.0,81.0,0.1348,4110.0,3.0,0b0001000000001110,0b10,"Pixel produced, but most probably cloudy",0b0011,Decreasing quality,0b00,Climatology,0b0,No,0b0,No,0b0,No,0b010,Ocean coastlines and lake shorelines,0b0,No,0b0,No,0b00000000000000000000000000000011,0b00000000000000000000000000000011,"Cloudy data, Target not visible, covered with cloud"
City,Guayaquil,-2.1894,-79.889,2018-04-07,h10v09,1050.0,81.0,0.1762,37149.0,1.0,0b1001000100011101,0b01,"VI produced, but check other QA",0b0111,Decreasing quality,0b00,Climatology,0b1,Yes,0b0,No,0b0,No,0b010,Ocean coastlines and lake shorelines,0b0,No,0b1,Yes,0b00000000000000000000000000000001,0b00000000000000000000000000000001,"Marginal data, Useful, but look at other QA information"
City,Guayaquil,-2.1894,-79.889,2018-04-23,h10v09,1050.0,81.0,0.1382,5150.0,3.0,0b0001010000011110,0b10,"Pixel produced, but most probably cloudy",0b0111,Decreasing quality,0b00,Climatology,0b0,No,0b0,No,0b1,Yes,0b010,Ocean coastlines and lake shorelines,0b0,No,0b0,No,0b00000000000000000000000000000011,0b00000000000000000000000000000011,"Cloudy data, Target not visible, covered with cloud"
City,Guayaquil,-2.1894,-79.889,2018-05-09,h10v09,1050.0,81.0,0.1391,4110.0,3.0,0b0001000000001110,0b10,"Pixel produced, but most probably cloudy",0b0011,Decreasing quality,0b00,Climatology,0b0,No,0b0,No,0b0,No,0b010,Ocean coastlines and lake shorelines,0b0,No,0b0,No,0b00000000000000000000000000000011,0b00000000000000000000000000000011,"Cloudy data, Target not visible, covered with cloud"
City,Guayaquil,-2.1894,-79.889,2018-05-25,h10v09,1050.0,81.0,0.1448,4373.0,1.0,0b0001000100010101,0b01,"VI produced, but check other QA",0b0101,Decreasing quality,0b00,Climatology,0b1,Yes,0b0,No,0b0,No,0b010,Ocean coastlines and lake shorelines,0b0,No,0b0,No,0b00000000000000000000000000000001,0b00000000000000000000000000000001,"Marginal data, Useful, but look at other QA information"
City,Guayaquil,-2.1894,-79.889,2018-06-10,h10v09,1050.0,81.0,0.0969,5146.0,3.0,0b0001010000011010,0b10,"Pixel produced, but most probably cloudy",0b0110,Decreasing quality,0b00,Climatology,0b0,No,0b0,No,0b1,Yes,0b010,Ocean coastlines and lake shorelines,0b0,No,0b0,No,0b00000000000000000000000000000011,0b00000000000000000000000000000011,"Cloudy data, Target not visible, covered with cloud"
City,Guayaquil,-2.1894,-79.889,2018-06-26,h10v09,1050.0,81.0,0.1704,4114.0,3.0,0b0001000000010010,0b10,"Pixel produced, but most probably cloudy",0b0100,Decreasing quality,0b00,Climatology,0b0,No,0b0,No,0b0,No,0b010,Ocean coastlines and lake shorelines,0b0,No,0b0,No,0b00000000000000000000000000000011,0b00000000000000000000000000000011,"Cloudy data, Target not visible, covered with cloud"
City,Guayaquil,-2.1894,-79.889,2018-07-12,h10v09,1050.0,81.0,0.0994,4110.0,3.0,0b0001000000001110,0b10,"Pixel produced, but most probably cloudy",0b0011,Decreasing quality,0b00,Climatology,0b0,No,0b0,No,0b0,No,0b010,Ocean coastlines and lake shorelines,0b0,No,0b0,No,0b00000000000000000000000000000011,0b00000000000000000000000000000011,"Cloudy data, Target not visible, covered with cloud"
City,Guayaquil,-2.1894,-79.889,2018-07-28,h10v09,1050.0,81.0,0.0176,4114.0,3.0,0b0001000000010010,0b10,"Pixel produced, but most probably cloudy",0b0100,Decreasing quality,0b00,Climatology,0b0,No,0b0,No,0b0,No,0b010,Ocean coastlines and lake shorelines,0b0,No,0b0,No,0b00000000000000000000000000000011,0b00000000000000000000000000000011,"Cloudy data, Target not visible, covered with cloud"
City,Guayaquil,-2.1894,-79.889,2018-08-13,h10v09,1050.0,81.0,0.1572,4110.0,3.0,0b0001000000001110,0b10,"Pixel produced, but most probably cloudy",0b0011,Decreasing quality,0b00,Climatology,0b0,No,0b0,No,0b0,No,0b010,Ocean coastlines and lake shorelines,0b0,No,0b0,No,0b00000000000000000000000000000011,0b00000000000000000000000000000011,"Cloudy data, Target not visible, covered with cloud"
City,Guayaquil,-2.1894,-79.889,2018-08-29,h10v09,1050.0,81.0,0.0824,4110.0,3.0,0b0001000000001110,0b10,"Pixel produced, but most probably cloudy",0b0011,Decreasing quality,0b00,Climatology,0b0,No,0b0,No,0b0,No,0b010,Ocean coastlines and lake shorelines,0b0,No,0b0,No,0b00000000000000000000000000000011,0b00000000000000000000000000000011,"Cloudy data, Target not visible, covered with cloud"
City,Guayaquil,-2.1894,-79.889,2018-09-14,h10v09,1050.0,81.0,0.1046,4114.0,3.0,0b0001000000010010,0b10,"Pixel produced, but most probably cloudy",0b0100,Decreasing quality,0b00,Climatology,0b0,No,0b0,No,0b0,No,0b010,Ocean coastlines and lake shorelines,0b0,No,0b0,No,0b00000000000000000000000000000011,0b00000000000000000000000000000011,"Cloudy data, Target not visible, covered with cloud"
City,Guayaquil,-2.1894,-79.889,2018-09-30,h10v09,1050.0,81.0,0.0291,4110.0,3.0,0b0001000000001110,0b10,"Pixel produced, but most probably cloudy",0b0011,Decreasing quality,0b00,Climatology,0b0,No,0b0,No,0b0,No,0b010,Ocean coastlines and lake shorelines,0b0,No,0b0,No,0b00000000000000000000000000000011,0b00000000000000000000000000000011,"Cloudy data, Target not visible, covered with cloud"
City,Guayaquil,-2.1894,-79.889,2018-10-16,h10v09,1050.0,81.0,0.0676,4114.0,3.0,0b0001000000010010,0b10,"Pixel produced, but most probably cloudy",0b0100,Decreasing quality,0b00,Climatology,0b0,No,0b0,No,0b0,No,0b010,Ocean coastlines and lake shorelines,0b0,No,0b0,No,0b00000000000000000000000000000011,0b00000000000000000000000000000011,"Cloudy data, Target not visible, covered with cloud"
City,Guayaquil,-2.1894,-79.889,2018-11-01,h10v09,1050.0,81.0,0.0908,4114.0,3.0,0b0001000000010010,0b10,"Pixel produced, but most probably cloudy",0b0100,Decreasing quality,0b00,Climatology,0b0,No,0b0,No,0b0,No,0b010,Ocean coastlines and lake shorelines,0b0,No,0b0,No,0b00000000000000000000000000000011,0b00000000000000000000000000000011,"Cloudy data, Target not visible, covered with cloud"
City,Guayaquil,-2.1894,-79.889,2018-11-17,h10v09,1050.0,81.0,0.0815,5150.0,3.0,0b0001010000011110,0b10,"Pixel produced, but most probably cloudy",0b0111,Decreasing quality,0b00,Climatology,0b0,No,0b0,No,0b1,Yes,0b010,Ocean coastlines and lake shorelines,0b0,No,0b0,No,0b00000000000000000000000000000011,0b00000000000000000000000000000011,"Cloudy data, Target not visible, covered with cloud"
City,Guayaquil,-2.1894,-79.889,2018-12-03,h10v09,1050.0,81.0,0.0871,37149.0,1.0,0b1001000100011101,0b01,"VI produced, but check other QA",0b0111,Decreasing quality,0b00,Climatology,0b1,Yes,0b0,No,0b0,No,0b010,Ocean coastlines and lake shorelines,0b0,No,0b1,Yes,0b00000000000000000000000000000001,0b00000000000000000000000000000001,"Marginal data, Useful, but look at other QA information"
City,Guayaquil,-2.1894,-79.889,2018-12-19,h10v09,1050.0,81.0,0.0637,4110.0,3.0,0b0001000000001110,0b10,"Pixel produced, but most probably cloudy",0b0011,Decreasing quality,0b00,Climatology,0b0,No,0b0,No,0b0,No,0b010,Ocean coastlines and lake shorelines,0b0,No,0b0,No,0b00000000000000000000000000000011,0b00000000000000000000000000000011,"Cloudy data, Target not visible, covered with cloud"
City,Guayaquil,-2.1894,-79.889,2019-01-01,h10v09,1050.0,81.0,0.0483,4114.0,3.0,0b0001000000010010,0b10,"Pixel produced, but most probably cloudy",0b0100,Decreasing quality,0b00,Climatology,0b0,No,0b0,No,0b0,No,0b010,Ocean coastlines and lake shorelines,0b0,No,0b0,No,0b00000000000000000000000000000011,0b00000000000000000000000000000011,"Cloudy data, Target not visible, covered with cloud"
City,Guayaquil,-2.1894,-79.889,2019-01-17,h10v09,1050.0,81.0,0.1257,5146.0,3.0,0b0001010000011010,0b10,"Pixel produced, but most probably cloudy",0b0110,Decreasing quality,0b00,Climatology,0b0,No,0b0,No,0b1,Yes,0b010,Ocean coastlines and lake shorelines,0b0,No,0b0,No,0b00000000000000000000000000000011,0b00000000000000000000000000000011,"Cloudy data, Target not visible, covered with cloud"
City,Guayaquil,-2.1894,-79.889,2019-02-02,h10v09,1050.0,81.0,0.0868,4110.0,3.0,0b0001000000001110,0b10,"Pixel produced, but most probably cloudy",0b0011,Decreasing quality,0b00,Climatology,0b0,No,0b0,No,0b0,No,0b010,Ocean coastlines and lake shorelines,0b0,No,0b0,No,0b00000000000000000000000000000011,0b00000000000000000000000000000011,"Cloudy data, Target not visible, covered with cloud"
City,Guayaquil,-2.1894,-79.889,2019-02-18,h10v09,1050.0,81.0,0.0402,4110.0,3.0,0b0001000000001110,0b10,"Pixel produced, but most probably cloudy",0b0011,Decreasing quality,0b00,Climatology,0b0,No,0b0,No,0b0,No,0b010,Ocean coastlines and lake shorelines,0b0,No,0b0,No,0b00000000000000000000000000000011,0b00000000000000000000000000000011,"Cloudy data, Target not visible, covered with cloud"
City,Guayaquil,-2.1894,-79.889,2019-03-06,h10v09,1050.0,81.0,0.0511,4114.0,3.0,0b0001000000010010,0b10,"Pixel produced, but most probably cloudy",0b0100,Decreasing quality,0b00,Climatology,0b0,No,0b0,No,0b0,No,0b010,Ocean coastlines and lake shorelines,0b0,No,0b0,No,0b00000000000000000000000000000011,0b00000000000000000000000000000011,"Cloudy data, Target not visible, covered with cloud"
City,Guayaquil,-2.1894,-79.889,2019-03-22,h10v09,1050.0,81.0,0.1352,4110.0,3.0,0b0001000000001110,0b10,"Pixel produced, but most probably cloudy",0b0011,Decreasing quality,0b00,Climatology,0b0,No,0b0,No,0b0,No,0b010,Ocean coastlines and lake shorelines,0b0,No,0b0,No,0b00000000000000000000000000000011,0b00000000000000000000000000000011,"Cloudy data, Target not visible, covered with cloud"
City,Guayaquil,-2.1894,-79.889,2019-04-07,h10v09,1050.0,81.0,0.1423,37150.0,3.0,0b1001000100011110,0b10,"Pixel produced, but most probably cloudy",0b0111,Decreasing quality,0b00,Climatology,0b1,Yes,0b0,No,0b0,No,0b010,Ocean coastlines and lake shorelines,0b0,No,0b1,Yes,0b00000000000000000000000000000011,0b00000000000000000000000000000011,"Cloudy data, Target not visible, covered with cloud"
City,Guayaquil,-2.1894,-79.889,2019-04-23,h10v09,1050.0,81.0,0.125,5150.0,3.0,0b0001010000011110,0b10,"Pixel produced, but most probably cloudy",0b0111,Decreasing quality,0b00,Climatology,0b0,No,0b0,No,0b1,Yes,0b010,Ocean coastlines and lake shorelines,0b0,No,0b0,No,0b00000000000000000000000000000011,0b00000000000000000000000000000011,"Cloudy data, Target not visible, covered with cloud"
City,Guayaquil,-2.1894,-79.889,2019-05-09,h10v09,1050.0,81.0,0.1141,4114.0,3.0,0b0001000000010010,0b10,"Pixel produced, but most probably cloudy",0b0100,Decreasing quality,0b00,Climatology,0b0,No,0b0,No,0b0,No,0b010,Ocean coastlines and lake shorelines,0b0,No,0b0,No,0b00000000000000000000000000000011,0b00000000000000000000000000000011,"Cloudy data, Target not visible, covered with cloud"
City,Guayaquil,-2.1894,-79.889,2019-05-25,h10v09,1050.0,81.0,0.1197,5150.0,3.0,0b0001010000011110,0b10,"Pixel produced, but most probably cloudy",0b0111,Decreasing quality,0b00,Climatology,0b0,No,0b0,No,0b1,Yes,0b010,Ocean coastlines and lake shorelines,0b0,No,0b0,No,0b00000000000000000000000000000011,0b00000000000000000000000000000011,"Cloudy data, Target not visible, covered with cloud"
City,Guayaquil,-2.1894,-79.889,2019-06-10,h10v09,1050.0,81.0,0.0899,4110.0,3.0,0b0001000000001110,0b10,"Pixel produced, but most probably cloudy",0b0011,Decreasing quality,0b00,Climatology,0b0,No,0b0,No,0b0,No,0b010,Ocean coastlines and lake shorelines,0b0,No,0b0,No,0b00000000000000000000000000000011,0b00000000000000000000000000000011,"Cloudy data, Target not visible, covered with cloud"
City,Guayaquil,-2.1894,-79.889,2019-06-26,h10v09,1050.0,81.0,0.1285,4110.0,3.0,0b0001000000001110,0b10,"Pixel produced, but most probably cloudy",0b0011,Decreasing quality,0b00,Climatology,0b0,No,0b0,No,0b0,No,0b010,Ocean coastlines and lake shorelines,0b0,No,0b0,No,0b00000000000000000000000000000011,0b00000000000000000000000000000011,"Cloudy data, Target not visible, covered with cloud"
City,Guayaquil,-2.1894,-79.889,2019-07-12,h10v09,1050.0,81.0,0.0598,5146.0,3.0,0b0001010000011010,0b10,"Pixel produced, but most probably cloudy",0b0110,Decreasing quality,0b00,Climatology,0b0,No,0b0,No,0b1,Yes,0b010,Ocean coastlines and lake shorelines,0b0,No,0b0,No,0b00000000000000000000000000000011,0b00000000000000000000000000000011,"Cloudy data, Target not visible, covered with cloud"
City,Guayaquil,-2.1894,-79.889,2019-07-28,h10v09,1050.0,81.0,0.1219,4114.0,3.0,0b0001000000010010,0b10,"Pixel produced, but most probably cloudy",0b0100,Decreasing quality,0b00,Climatology,0b0,No,0b0,No,0b0,No,0b010,Ocean coastlines and lake shorelines,0b0,No,0b0,No,0b00000000000000000000000000000011,0b00000000000000000000000000000011,"Cloudy data, Target not visible, covered with cloud"
City,Guayaquil,-2.1894,-79.889,2019-08-13,h10v09,1050.0,81.0,0.1246,5410.0,3.0,0b0001010100100010,0b10,"Pixel produced, but most probably cloudy",0b1000,Decreasing quality,0b00,Climatology,0b1,Yes,0b0,No,0b1,Yes,0b010,Ocean coastlines and lake shorelines,0b0,No,0b0,No,0b00000000000000000000000000000011,0b00000000000000000000000000000011,"Cloudy data, Target not visible, covered with cloud"
City,Guayaquil,-2.1894,-79.889,2019-08-29,h10v09,1050.0,81.0,0.0979,4114.0,3.0,0b0001000000010010,0b10,"Pixel produced, but most probably cloudy",0b0100,Decreasing quality,0b00,Climatology,0b0,No,0b0,No,0b0,No,0b010,Ocean coastlines and lake shorelines,0b0,No,0b0,No,0b00000000000000000000000000000011,0b00000000000000000000000000000011,"Cloudy data, Target not visible, covered with cloud"
City,Guayaquil,-2.1894,-79.889,2019-09-14,h10v09,1050.0,81.0,0.0884,4110.0,3.0,0b0001000000001110,0b10,"Pixel produced, but most probably cloudy",0b0011,Decreasing quality,0b00,Climatology,0b0,No,0b0,No,0b0,No,0b010,Ocean coastlines and lake shorelines,0b0,No,0b0,No,0b00000000000000000000000000000011,0b00000000000000000000000000000011,"Cloudy data, Target not visible, covered with cloud"
City,Guayaquil,-2.1894,-79.889,2019-09-30,h10v09,1050.0,81.0,0.0771,4110.0,3.0,0b0001000000001110,0b10,"Pixel produced, but most probably cloudy",0b0011,Decreasing quality,0b00,Climatology,0b0,No,0b0,No,0b0,No,0b010,Ocean coastlines and lake shorelines,0b0,No,0b0,No,0b00000000000000000000000000000011,0b00000000000000000000000000000011,"Cloudy data, Target not visible, covered with cloud"
City,Guayaquil,-2.1894,-79.889,2019-10-16,h10v09,1050.0,81.0,0.0564,5150.0,3.0,0b0001010000011110,0b10,"Pixel produced, but most probably cloudy",0b0111,Decreasing quality,0b00,Climatology,0b0,No,0b0,No,0b1,Yes,0b010,Ocean coastlines and lake shorelines,0b0,No,0b0,No,0b00000000000000000000000000000011,0b00000000000000000000000000000011,"Cloudy data, Target not visible, covered with cloud"
City,Guayaquil,-2.1894,-79.889,2019-11-01,h10v09,1050.0,81.0,0.1439,4373.0,1.0,0b0001000100010101,0b01,"VI produced, but check other QA",0b0101,Decreasing quality,0b00,Climatology,0b1,Yes,0b0,No,0b0,No,0b010,Ocean coastlines and lake shorelines,0b0,No,0b0,No,0b00000000000000000000000000000001,0b00000000000000000000000000000001,"Marginal data, Useful, but look at other QA information"
City,Guayaquil,-2.1894,-79.889,2019-11-17,h10v09,1050.0,81.0,0.0844,5150.0,3.0,0b0001010000011110,0b10,"Pixel produced, but most probably cloudy",0b0111,Decreasing quality,0b00,Climatology,0b0,No,0b0,No,0b1,Yes,0b010,Ocean coastlines and lake shorelines,0b0,No,0b0,No,0b00000000000000000000000000000011,0b00000000000000000000000000000011,"Cloudy data, Target not visible, covered with cloud"
City,Guayaquil,-2.1894,-79.889,2019-12-03,h10v09,1050.0,81.0,0.0728,4114.0,3.0,0b0001000000010010,0b10,"Pixel produced, but most probably cloudy",0b0100,Decreasing quality,0b00,Climatology,0b0,No,0b0,No,0b0,No,0b010,Ocean coastlines and lake shorelines,0b0,No,0b0,No,0b00000000000000000000000000000011,0b00000000000000000000000000000011,"Cloudy data, Target not visible, covered with cloud"
City,Guayaquil,-2.1894,-79.889,2019-12-19,h10v09,1050.0,81.0,0.0964,5146.0,3.0,0b0001010000011010,0b10,"Pixel produced, but most probably cloudy",0b0110,Decreasing quality,0b00,Climatology,0b0,No,0b0,No,0b1,Yes,0b010,Ocean coastlines and lake shorelines,0b0,No,0b0,No,0b00000000000000000000000000000011,0b00000000000000000000000000000011,"Cloudy data, Target not visible, covered with cloud"
City,Guayaquil,-2.1894,-79.889,2020-01-01,h10v09,1050.0,81.0,0.1521,4110.0,3.0,0b0001000000001110,0b10,"Pixel produced, but most probably cloudy",0b0011,Decreasing quality,0b00,Climatology,0b0,No,0b0,No,0b0,No,0b010,Ocean coastlines and lake shorelines,0b0,No,0b0,No,0b00000000000000000000000000000011,0b00000000000000000000000000000011,"Cloudy data, Target not visible, covered with cloud"
City,Guayaquil,-2.1894,-79.889,2020-01-17,h10v09,1050.0,81.0,0.1212,5410.0,3.0,0b0001010100100010,0b10,"Pixel produced, but most probably cloudy",0b1000,Decreasing quality,0b00,Climatology,0b1,Yes,0b0,No,0b1,Yes,0b010,Ocean coastlines and lake shorelines,0b0,No,0b0,No,0b00000000000000000000000000000011,0b00000000000000000000000000000011,"Cloudy data, Target not visible, covered with cloud"
City,Guayaquil,-2.1894,-79.889,2020-02-02,h10v09,1050.0,81.0,0.0873,4114.0,3.0,0b0001000000010010,0b10,"Pixel produced, but most probably cloudy",0b0100,Decreasing quality,0b00,Climatology,0b0,No,0b0,No,0b0,No,0b010,Ocean coastlines and lake shorelines,0b0,No,0b0,No,0b00000000000000000000000000000011,0b00000000000000000000000000000011,"Cloudy data, Target not visible, covered with cloud"
City,Guayaquil,-2.1894,-79.889,2020-02-18,h10v09,1050.0,81.0,0.1457,4110.0,3.0,0b0001000000001110,0b10,"Pixel produced, but most probably cloudy",0b0011,Decreasing quality,0b00,Climatology,0b0,No,0b0,No,0b0,No,0b010,Ocean coastlines and lake shorelines,0b0,No,0b0,No,0b00000000000000000000000000000011,0b00000000000000000000000000000011,"Cloudy data, Target not visible, covered with cloud"
City,Guayaquil,-2.1894,-79.889,2020-03-05,h10v09,1050.0,81.0,0.112,4110.0,3.0,0b0001000000001110,0b10,"Pixel produced, but most probably cloudy",0b0011,Decreasing quality,0b00,Climatology,0b0,No,0b0,No,0b0,No,0b010,Ocean coastlines and lake shorelines,0b0,No,0b0,No,0b00000000000000000000000000000011,0b00000000000000000000000000000011,"Cloudy data, Target not visible, covered with cloud"
City,Guayaquil,-2.1894,-79.889,2020-03-21,h10v09,1050.0,81.0,0.2174,4110.0,3.0,0b0001000000001110,0b10,"Pixel produced, but most probably cloudy",0b0011,Decreasing quality,0b00,Climatology,0b0,No,0b0,No,0b0,No,0b010,Ocean coastlines and lake shorelines,0b0,No,0b0,No,0b00000000000000000000000000000011,0b00000000000000000000000000000011,"Cloudy data, Target not visible, covered with cloud"
City,Guayaquil,-2.1894,-79.889,2020-04-06,h10v09,1050.0,81.0,0.1735,4114.0,3.0,0b0001000000010010,0b10,"Pixel produced, but most probably cloudy",0b0100,Decreasing quality,0b00,Climatology,0b0,No,0b0,No,0b0,No,0b010,Ocean coastlines and lake shorelines,0b0,No,0b0,No,0b00000000000000000000000000000011,0b00000000000000000000000000000011,"Cloudy data, Target not visible, covered with cloud"
City,Guayaquil,-2.1894,-79.889,2020-04-22,h10v09,1050.0,81.0,0.1464,5150.0,3.0,0b0001010000011110,0b10,"Pixel produced, but most probably cloudy",0b0111,Decreasing quality,0b00,Climatology,0b0,No,0b0,No,0b1,Yes,0b010,Ocean coastlines and lake shorelines,0b0,No,0b0,No,0b00000000000000000000000000000011,0b00000000000000000000000000000011,"Cloudy data, Target not visible, covered with cloud"
City,Guayaquil,-2.1894,-79.889,2020-05-08,h10v09,1050.0,81.0,0.1591,5410.0,3.0,0b0001010100100010,0b10,"Pixel produced, but most probably cloudy",0b1000,Decreasing quality,0b00,Climatology,0b1,Yes,0b0,No,0b1,Yes,0b010,Ocean coastlines and lake shorelines,0b0,No,0b0,No,0b00000000000000000000000000000011,0b00000000000000000000000000000011,"Cloudy data, Target not visible, covered with cloud"
City,Guayaquil,-2.1894,-79.889,2020-05-24,h10v09,1050.0,81.0,0.2052,2062.0,3.0,0b0000100000001110,0b10,"Pixel produced, but most probably cloudy",0b0011,Decreasing quality,0b00,Climatology,0b0,No,0b0,No,0b0,No,0b001,Land (Nothing else but land),0b0,No,0b0,No,0b00000000000000000000000000000011,0b00000000000000000000000000000011,"Cloudy data, Target not visible, covered with cloud"
City,Guayaquil,-2.1894,-79.889,2020-06-09,h10v09,1050.0,81.0,0.1083,4114.0,3.0,0b0001000000010010,0b10,"Pixel produced, but most probably cloudy",0b0100,Decreasing quality,0b00,Climatology,0b0,No,0b0,No,0b0,No,0b010,Ocean coastlines and lake shorelines,0b0,No,0b0,No,0b00000000000000000000000000000011,0b00000000000000000000000000000011,"Cloudy data, Target not visible, covered with cloud"
City,Guayaquil,-2.1894,-79.889,2020-06-25,h10v09,1050.0,81.0,0.1062,4110.0,3.0,0b0001000000001110,0b10,"Pixel produced, but most probably cloudy",0b0011,Decreasing quality,0b00,Climatology,0b0,No,0b0,No,0b0,No,0b010,Ocean coastlines and lake shorelines,0b0,No,0b0,No,0b00000000000000000000000000000011,0b00000000000000000000000000000011,"Cloudy data, Target not visible, covered with cloud"
City,Guayaquil,-2.1894,-79.889,2020-07-11,h10v09,1050.0,81.0,0.1533,4110.0,3.0,0b0001000000001110,0b10,"Pixel produced, but most probably cloudy",0b0011,Decreasing quality,0b00,Climatology,0b0,No,0b0,No,0b0,No,0b010,Ocean coastlines and lake shorelines,0b0,No,0b0,No,0b00000000000000000000000000000011,0b00000000000000000000000000000011,"Cloudy data, Target not visible, covered with cloud"
City,Guayaquil,-2.1894,-79.889,2020-07-27,h10v09,1050.0,81.0,0.1165,5150.0,3.0,0b0001010000011110,0b10,"Pixel produced, but most probably cloudy",0b0111,Decreasing quality,0b00,Climatology,0b0,No,0b0,No,0b1,Yes,0b010,Ocean coastlines and lake shorelines,0b0,No,0b0,No,0b00000000000000000000000000000011,0b00000000000000000000000000000011,"Cloudy data, Target not visible, covered with cloud"
City,Guayaquil,-2.1894,-79.889,2020-08-12,h10v09,1050.0,81.0,0.0642,4110.0,3.0,0b0001000000001110,0b10,"Pixel produced, but most probably cloudy",0b0011,Decreasing quality,0b00,Climatology,0b0,No,0b0,No,0b0,No,0b010,Ocean coastlines and lake shorelines,0b0,No,0b0,No,0b00000000000000000000000000000011,0b00000000000000000000000000000011,"Cloudy data, Target not visible, covered with cloud"
City,Guayaquil,-2.1894,-79.889,2020-08-28,h10v09,1050.0,81.0,0.1045,4114.0,3.0,0b0001000000010010,0b10,"Pixel produced, but most probably cloudy",0b0100,Decreasing quality,0b00,Climatology,0b0,No,0b0,No,0b0,No,0b010,Ocean coastlines and lake shorelines,0b0,No,0b0,No,0b00000000000000000000000000000011,0b00000000000000000000000000000011,"Cloudy data, Target not visible, covered with cloud"
City,Guayaquil,-2.1894,-79.889,2020-09-13,h10v09,1050.0,81.0,0.0727,4110.0,3.0,0b0001000000001110,0b10,"Pixel produced, but most probably cloudy",0b0011,Decreasing quality,0b00,Climatology,0b0,No,0b0,No,0b0,No,0b010,Ocean coastlines and lake shorelines,0b0,No,0b0,No,0b00000000000000000000000000000011,0b00000000000000000000000000000011,"Cloudy data, Target not visible, covered with cloud"
City,Guayaquil,-2.1894,-79.889,2020-09-29,h10v09,1050.0,81.0,0.0903,4110.0,3.0,0b0001000000001110,0b10,"Pixel produced, but most probably cloudy",0b0011,Decreasing quality,0b00,Climatology,0b0,No,0b0,No,0b0,No,0b010,Ocean coastlines and lake shorelines,0b0,No,0b0,No,0b00000000000000000000000000000011,0b00000000000000000000000000000011,"Cloudy data, Target not visible, covered with cloud"
City,Guayaquil,-2.1894,-79.889,2020-10-15,h10v09,1050.0,81.0,0.1573,4369.0,1.0,0b0001000100010001,0b01,"VI produced, but check other QA",0b0100,Decreasing quality,0b00,Climatology,0b1,Yes,0b0,No,0b0,No,0b010,Ocean coastlines and lake shorelines,0b0,No,0b0,No,0b00000000000000000000000000000001,0b00000000000000000000000000000001,"Marginal data, Useful, but look at other QA information"
City,Guayaquil,-2.1894,-79.889,2020-10-31,h10v09,1050.0,81.0,0.0439,4114.0,3.0,0b0001000000010010,0b10,"Pixel produced, but most probably cloudy",0b0100,Decreasing quality,0b00,Climatology,0b0,No,0b0,No,0b0,No,0b010,Ocean coastlines and lake shorelines,0b0,No,0b0,No,0b00000000000000000000000000000011,0b00000000000000000000000000000011,"Cloudy data, Target not visible, covered with cloud"
City,Guayaquil,-2.1894,-79.889,2020-11-16,h10v09,1050.0,81.0,0.122,4110.0,3.0,0b0001000000001110,0b10,"Pixel produced, but most probably cloudy",0b0011,Decreasing quality,0b00,Climatology,0b0,No,0b0,No,0b0,No,0b010,Ocean coastlines and lake shorelines,0b0,No,0b0,No,0b00000000000000000000000000000011,0b00000000000000000000000000000011,"Cloudy data, Target not visible, covered with cloud"
City,Guayaquil,-2.1894,-79.889,2020-12-02,h10v09,1050.0,81.0,0.1247,4110.0,3.0,0b0001000000001110,0b10,"Pixel produced, but most probably cloudy",0b0011,Decreasing quality,0b00,Climatology,0b0,No,0b0,No,0b0,No,0b010,Ocean coastlines and lake shorelines,0b0,No,0b0,No,0b00000000000000000000000000000011,0b00000000000000000000000000000011,"Cloudy data, Target not visible, covered with cloud"
City,Guayaquil,-2.1894,-79.889,2020-12-18,h10v09,1050.0,81.0,0.1251,4114.0,3.0,0b0001000000010010,0b10,"Pixel produced, but most probably cloudy",0b0100,Decreasing quality,0b00,Climatology,0b0,No,0b0,No,0b0,No,0b010,Ocean coastlines and lake shorelines,0b0,No,0b0,No,0b00000000000000000000000000000011,0b00000000000000000000000000000011,"Cloudy data, Target not visible, covered with cloud"
City,Guayaquil,-2.1894,-79.889,2021-01-01,h10v09,1050.0,81.0,0.1305,5146.0,3.0,0b0001010000011010,0b10,"Pixel produced, but most probably cloudy",0b0110,Decreasing quality,0b00,Climatology,0b0,No,0b0,No,0b1,Yes,0b010,Ocean coastlines and lake shorelines,0b0,No,0b0,No,0b00000000000000000000000000000011,0b00000000000000000000000000000011,"Cloudy data, Target not visible, covered with cloud"
City,Guayaquil,-2.1894,-79.889,2021-01-17,h10v09,1050.0,81.0,0.1289,4114.0,3.0,0b0001000000010010,0b10,"Pixel produced, but most probably cloudy",0b0100,Decreasing quality,0b00,Climatology,0b0,No,0b0,No,0b0,No,0b010,Ocean coastlines and lake shorelines,0b0,No,0b0,No,0b00000000000000000000000000000011,0b00000000000000000000000000000011,"Cloudy data, Target not visible, covered with cloud"
City,Guayaquil,-2.1894,-79.889,2021-02-02,h10v09,1050.0,81.0,0.1201,5150.0,3.0,0b0001010000011110,0b10,"Pixel produced, but most probably cloudy",0b0111,Decreasing quality,0b00,Climatology,0b0,No,0b0,No,0b1,Yes,0b010,Ocean coastlines and lake shorelines,0b0,No,0b0,No,0b00000000000000000000000000000011,0b00000000000000000000000000000011,"Cloudy data, Target not visible, covered with cloud"
City,Guayaquil,-2.1894,-79.889,2021-02-18,h10v09,1050.0,81.0,0.2039,4110.0,3.0,0b0001000000001110,0b10,"Pixel produced, but most probably cloudy",0b0011,Decreasing quality,0b00,Climatology,0b0,No,0b0,No,0b0,No,0b010,Ocean coastlines and lake shorelines,0b0,No,0b0,No,0b00000000000000000000000000000011,0b00000000000000000000000000000011,"Cloudy data, Target not visible, covered with cloud"
City,Guayaquil,-2.1894,-79.889,2021-03-06,h10v09,1050.0,81.0,0.0993,4114.0,3.0,0b0001000000010010,0b10,"Pixel produced, but most probably cloudy",0b0100,Decreasing quality,0b00,Climatology,0b0,No,0b0,No,0b0,No,0b010,Ocean coastlines and lake shorelines,0b0,No,0b0,No,0b00000000000000000000000000000011,0b00000000000000000000000000000011,"Cloudy data, Target not visible, covered with cloud"
City,Guayaquil,-2.1894,-79.889,2021-03-22,h10v09,1050.0,81.0,0.1361,4110.0,3.0,0b0001000000001110,0b10,"Pixel produced, but most probably cloudy",0b0011,Decreasing quality,0b00,Climatology,0b0,No,0b0,No,0b0,No,0b010,Ocean coastlines and lake shorelines,0b0,No,0b0,No,0b00000000000000000000000000000011,0b00000000000000000000000000000011,"Cloudy data, Target not visible, covered with cloud"
City,Guayaquil,-2.1894,-79.889,2021-04-07,h10v09,1050.0,81.0,0.1346,3098.0,3.0,0b0000110000011010,0b10,"Pixel produced, but most probably cloudy",0b0110,Decreasing quality,0b00,Climatology,0b0,No,0b0,No,0b1,Yes,0b001,Land (Nothing else but land),0b0,No,0b0,No,0b00000000000000000000000000000011,0b00000000000000000000000000000011,"Cloudy data, Target not visible, covered with cloud"
City,Guayaquil,-2.1894,-79.889,2021-04-23,h10v09,1050.0,81.0,0.138,4369.0,1.0,0b0001000100010001,0b01,"VI produced, but check other QA",0b0100,Decreasing quality,0b00,Climatology,0b1,Yes,0b0,No,0b0,No,0b010,Ocean coastlines and lake shorelines,0b0,No,0b0,No,0b00000000000000000000000000000001,0b00000000000000000000000000000001,"Marginal data, Useful, but look at other QA information"
City,Guayaquil,-2.1894,-79.889,2021-05-09,h10v09,1050.0,81.0,0.1171,4114.0,3.0,0b0001000000010010,0b10,"Pixel produced, but most probably cloudy",0b0100,Decreasing quality,0b00,Climatology,0b0,No,0b0,No,0b0,No,0b010,Ocean coastlines and lake shorelines,0b0,No,0b0,No,0b00000000000000000000000000000011,0b00000000000000000000000000000011,"Cloudy data, Target not visible, covered with cloud"
City,Guayaquil,-2.1894,-79.889,2021-05-25,h10v09,1050.0,81.0,0.0952,4110.0,3.0,0b0001000000001110,0b10,"Pixel produced, but most probably cloudy",0b0011,Decreasing quality,0b00,Climatology,0b0,No,0b0,No,0b0,No,0b010,Ocean coastlines and lake shorelines,0b0,No,0b0,No,0b00000000000000000000000000000011,0b00000000000000000000000000000011,"Cloudy data, Target not visible, covered with cloud"
City,Guayaquil,-2.1894,-79.889,2021-06-10,h10v09,1050.0,81.0,0.1404,4110.0,3.0,0b0001000000001110,0b10,"Pixel produced, but most probably cloudy",0b0011,Decreasing quality,0b00,Climatology,0b0,No,0b0,No,0b0,No,0b010,Ocean coastlines and lake shorelines,0b0,No,0b0,No,0b00000000000000000000000000000011,0b00000000000000000000000000000011,"Cloudy data, Target not visible, covered with cloud"
City,Guayaquil,-2.1894,-79.889,2021-06-26,h10v09,1050.0,81.0,0.0535,4114.0,3.0,0b0001000000010010,0b10,"Pixel produced, but most probably cloudy",0b0100,Decreasing quality,0b00,Climatology,0b0,No,0b0,No,0b0,No,0b010,Ocean coastlines and lake shorelines,0b0,No,0b0,No,0b00000000000000000000000000000011,0b00000000000000000000000000000011,"Cloudy data, Target not visible, covered with cloud"
City,Guayaquil,-2.1894,-79.889,2021-07-12,h10v09,1050.0,81.0,0.115,5150.0,3.0,0b0001010000011110,0b10,"Pixel produced, but most probably cloudy",0b0111,Decreasing quality,0b00,Climatology,0b0,No,0b0,No,0b1,Yes,0b010,Ocean coastlines and lake shorelines,0b0,No,0b0,No,0b00000000000000000000000000000011,0b00000000000000000000000000000011,"Cloudy data, Target not visible, covered with cloud"
City,Guayaquil,-2.1894,-79.889,2021-07-28,h10v09,1050.0,81.0,0.0872,5146.0,3.0,0b0001010000011010,0b10,"Pixel produced, but most probably cloudy",0b0110,Decreasing quality,0b00,Climatology,0b0,No,0b0,No,0b1,Yes,0b010,Ocean coastlines and lake shorelines,0b0,No,0b0,No,0b00000000000000000000000000000011,0b00000000000000000000000000000011,"Cloudy data, Target not visible, covered with cloud"
City,Guayaquil,-2.1894,-79.889,2021-08-13,h10v09,1050.0,81.0,0.0875,4114.0,3.0,0b0001000000010010,0b10,"Pixel produced, but most probably cloudy",0b0100,Decreasing quality,0b00,Climatology,0b0,No,0b0,No,0b0,No,0b010,Ocean coastlines and lake shorelines,0b0,No,0b0,No,0b00000000000000000000000000000011,0b00000000000000000000000000000011,"Cloudy data, Target not visible, covered with cloud"
City,Guayaquil,-2.1894,-79.889,2021-08-29,h10v09,1050.0,81.0,0.1326,4110.0,3.0,0b0001000000001110,0b10,"Pixel produced, but most probably cloudy",0b0011,Decreasing quality,0b00,Climatology,0b0,No,0b0,No,0b0,No,0b010,Ocean coastlines and lake shorelines,0b0,No,0b0,No,0b00000000000000000000000000000011,0b00000000000000000000000000000011,"Cloudy data, Target not visible, covered with cloud"
City,Guayaquil,-2.1894,-79.889,2021-09-14,h10v09,1050.0,81.0,0.1988,4110.0,3.0,0b0001000000001110,0b10,"Pixel produced, but most probably cloudy",0b0011,Decreasing quality,0b00,Climatology,0b0,No,0b0,No,0b0,No,0b010,Ocean coastlines and lake shorelines,0b0,No,0b0,No,0b00000000000000000000000000000011,0b00000000000000000000000000000011,"Cloudy data, Target not visible, covered with cloud"
City,Guayaquil,-2.1894,-79.889,2021-09-30,h10v09,1050.0,81.0,0.1278,4110.0,3.0,0b0001000000001110,0b10,"Pixel produced, but most probably cloudy",0b0011,Decreasing quality,0b00,Climatology,0b0,No,0b0,No,0b0,No,0b010,Ocean coastlines and lake shorelines,0b0,No,0b0,No,0b00000000000000000000000000000011,0b00000000000000000000000000000011,"Cloudy data, Target not visible, covered with cloud"
City,Guayaquil,-2.1894,-79.889,2021-10-16,h10v09,1050.0,81.0,0.0981,4110.0,3.0,0b0001000000001110,0b10,"Pixel produced, but most probably cloudy",0b0011,Decreasing quality,0b00,Climatology,0b0,No,0b0,No,0b0,No,0b010,Ocean coastlines and lake shorelines,0b0,No,0b0,No,0b00000000000000000000000000000011,0b00000000000000000000000000000011,"Cloudy data, Target not visible, covered with cloud"
City,Guayaquil,-2.1894,-79.889,2021-11-01,h10v09,1050.0,81.0,0.1048,4114.0,3.0,0b0001000000010010,0b10,"Pixel produced, but most probably cloudy",0b0100,Decreasing quality,0b00,Climatology,0b0,No,0b0,No,0b0,No,0b010,Ocean coastlines and lake shorelines,0b0,No,0b0,No,0b00000000000000000000000000000011,0b00000000000000000000000000000011,"Cloudy data, Target not visible, covered with cloud"
City,Guayaquil,-2.1894,-79.889,2021-11-17,h10v09,1050.0,81.0,0.0894,4110.0,3.0,0b0001000000001110,0b10,"Pixel produced, but most probably cloudy",0b0011,Decreasing quality,0b00,Climatology,0b0,No,0b0,No,0b0,No,0b010,Ocean coastlines and lake shorelines,0b0,No,0b0,No,0b00000000000000000000000000000011,0b00000000000000000000000000000011,"Cloudy data, Target not visible, covered with cloud"
City,Guayaquil,-2.1894,-79.889,2021-12-03,h10v09,1050.0,81.0,0.0974,5150.0,3.0,0b0001010000011110,0b10,"Pixel produced, but most probably cloudy",0b0111,Decreasing quality,0b00,Climatology,0b0,No,0b0,No,0b1,Yes,0b010,Ocean coastlines and lake shorelines,0b0,No,0b0,No,0b00000000000000000000000000000011,0b00000000000000000000000000000011,"Cloudy data, Target not visible, covered with cloud"
City,Guayaquil,-2.1894,-79.889,2021-12-19,h10v09,1050.0,81.0,0.1715,4110.0,3.0,0b0001000000001110,0b10,"Pixel produced, but most probably cloudy",0b0011,Decreasing quality,0b00,Climatology,0b0,No,0b0,No,0b0,No,0b010,Ocean coastlines and lake shorelines,0b0,No,0b0,No,0b00000000000000000000000000000011,0b00000000000000000000000000000011,"Cloudy data, Target not visible, covered with cloud"
City,Guayaquil,-2.1894,-79.889,2022-01-01,h10v09,1050.0,81.0,0.0559,4110.0,3.0,0b0001000000001110,0b10,"Pixel produced, but most probably cloudy",0b0011,Decreasing quality,0b00,Climatology,0b0,No,0b0,No,0b0,No,0b010,Ocean coastlines and lake shorelines,0b0,No,0b0,No,0b00000000000000000000000000000011,0b00000000000000000000000000000011,"Cloudy data, Target not visible, covered with cloud"
City,Guayaquil,-2.1894,-79.889,2022-01-17,h10v09,1050.0,81.0,0.0925,5146.0,3.0,0b0001010000011010,0b10,"Pixel produced, but most probably cloudy",0b0110,Decreasing quality,0b00,Climatology,0b0,No,0b0,No,0b1,Yes,0b010,Ocean coastlines and lake shorelines,0b0,No,0b0,No,0b00000000000000000000000000000011,0b00000000000000000000000000000011,"Cloudy data, Target not visible, covered with cloud"
City,Guayaquil,-2.1894,-79.889,2022-02-02,h10v09,1050.0,81.0,0.0827,4114.0,3.0,0b0001000000010010,0b10,"Pixel produced, but most probably cloudy",0b0100,Decreasing quality,0b00,Climatology,0b0,No,0b0,No,0b0,No,0b010,Ocean coastlines and lake shorelines,0b0,No,0b0,No,0b00000000000000000000000000000011,0b00000000000000000000000000000011,"Cloudy data, Target not visible, covered with cloud"
City,Guayaquil,-2.1894,-79.889,2022-02-18,h10v09,1050.0,81.0,0.2015,38186.0,3.0,0b1001010100101010,0b10,"Pixel produced, but most probably cloudy",0b1010,Decreasing quality,0b00,Climatology,0b1,Yes,0b0,No,0b1,Yes,0b010,Ocean coastlines and lake shorelines,0b0,No,0b1,Yes,0b00000000000000000000000000000011,0b00000000000000000000000000000011,"Cloudy data, Target not visible, covered with cloud"
City,Guayaquil,-2.1894,-79.889,2022-03-06,h10v09,1050.0,81.0,0.14,4110.0,3.0,0b0001000000001110,0b10,"Pixel produced, but most probably cloudy",0b0011,Decreasing quality,0b00,Climatology,0b0,No,0b0,No,0b0,No,0b010,Ocean coastlines and lake shorelines,0b0,No,0b0,No,0b00000000000000000000000000000011,0b00000000000000000000000000000011,"Cloudy data, Target not visible, covered with cloud"
City,Guayaquil,-2.1894,-79.889,2022-03-22,h10v09,1050.0,81.0,0.1054,4110.0,3.0,0b0001000000001110,0b10,"Pixel produced, but most probably cloudy",0b0011,Decreasing quality,0b00,Climatology,0b0,No,0b0,No,0b0,No,0b010,Ocean coastlines and lake shorelines,0b0,No,0b0,No,0b00000000000000000000000000000011,0b00000000000000000000000000000011,"Cloudy data, Target not visible, covered with cloud"
City,Guayaquil,-2.1894,-79.889,2022-04-07,h10v09,1050.0,81.0,0.1693,4114.0,3.0,0b0001000000010010,0b10,"Pixel produced, but most probably cloudy",0b0100,Decreasing quality,0b00,Climatology,0b0,No,0b0,No,0b0,No,0b010,Ocean coastlines and lake shorelines,0b0,No,0b0,No,0b00000000000000000000000000000011,0b00000000000000000000000000000011,"Cloudy data, Target not visible, covered with cloud"
City,Guayaquil,-2.1894,-79.889,2022-04-23,h10v09,1050.0,81.0,0.1747,4110.0,3.0,0b0001000000001110,0b10,"Pixel produced, but most probably cloudy",0b0011,Decreasing quality,0b00,Climatology,0b0,No,0b0,No,0b0,No,0b010,Ocean coastlines and lake shorelines,0b0,No,0b0,No,0b00000000000000000000000000000011,0b00000000000000000000000000000011,"Cloudy data, Target not visible, covered with cloud"
City,Guayaquil,-2.1894,-79.889,2022-05-09,h10v09,1050.0,81.0,0.162,4114.0,3.0,0b0001000000010010,0b10,"Pixel produced, but most probably cloudy",0b0100,Decreasing quality,0b00,Climatology,0b0,No,0b0,No,0b0,No,0b010,Ocean coastlines and lake shorelines,0b0,No,0b0,No,0b00000000000000000000000000000011,0b00000000000000000000000000000011,"Cloudy data, Target not visible, covered with cloud"
City,Guayaquil,-2.1894,-79.889,2022-05-25,h10v09,1050.0,81.0,0.1241,4114.0,3.0,0b0001000000010010,0b10,"Pixel produced, but most probably cloudy",0b0100,Decreasing quality,0b00,Climatology,0b0,No,0b0,No,0b0,No,0b010,Ocean coastlines and lake shorelines,0b0,No,0b0,No,0b00000000000000000000000000000011,0b00000000000000000000000000000011,"Cloudy data, Target not visible, covered with cloud"
City,Guayaquil,-2.1894,-79.889,2022-06-10,h10v09,1050.0,81.0,0.2205,4168.0,1.0,0b0001000001001000,0b00,VI produced with good quality,0b0010,Decreasing quality,0b01,Low,0b0,No,0b0,No,0b0,No,0b010,Ocean coastlines and lake shorelines,0b0,No,0b0,No,0b00000000000000000000000000000001,0b00000000000000000000000000000001,"Marginal data, Useful, but look at other QA information"
City,Guayaquil,-2.1894,-79.889,2022-06-26,h10v09,1050.0,81.0,0.0167,4110.0,3.0,0b0001000000001110,0b10,"Pixel produced, but most probably cloudy",0b0011,Decreasing quality,0b00,Climatology,0b0,No,0b0,No,0b0,No,0b010,Ocean coastlines and lake shorelines,0b0,No,0b0,No,0b00000000000000000000000000000011,0b00000000000000000000000000000011,"Cloudy data, Target not visible, covered with cloud"
City,Guayaquil,-2.1894,-79.889,2022-07-12,h10v09,1050.0,81.0,0.1354,37150.0,3.0,0b1001000100011110,0b10,"Pixel produced, but most probably cloudy",0b0111,Decreasing quality,0b00,Climatology,0b1,Yes,0b0,No,0b0,No,0b010,Ocean coastlines and lake shorelines,0b0,No,0b1,Yes,0b00000000000000000000000000000011,0b00000000000000000000000000000011,"Cloudy data, Target not visible, covered with cloud"
City,Guayaquil,-2.1894,-79.889,2022-07-28,h10v09,1050.0,81.0,0.0734,5150.0,3.0,0b0001010000011110,0b10,"Pixel produced, but most probably cloudy",0b0111,Decreasing quality,0b00,Climatology,0b0,No,0b0,No,0b1,Yes,0b010,Ocean coastlines and lake shorelines,0b0,No,0b0,No,0b00000000000000000000000000000011,0b00000000000000000000000000000011,"Cloudy data, Target not visible, covered with cloud"
City,Guayaquil,-2.1894,-79.889,2022-08-13,h10v09,1050.0,81.0,0.1689,4114.0,3.0,0b0001000000010010,0b10,"Pixel produced, but most probably cloudy",0b0100,Decreasing quality,0b00,Climatology,0b0,No,0b0,No,0b0,No,0b010,Ocean coastlines and lake shorelines,0b0,No,0b0,No,0b00000000000000000000000000000011,0b00000000000000000000000000000011,"Cloudy data, Target not visible, covered with cloud"
City,Guayaquil,-2.1894,-79.889,2022-08-29,h10v09,1050.0,81.0,0.0479,4110.0,3.0,0b0001000000001110,0b10,"Pixel produced, but most probably cloudy",0b0011,Decreasing quality,0b00,Climatology,0b0,No,0b0,No,0b0,No,0b010,Ocean coastlines and lake shorelines,0b0,No,0b0,No,0b00000000000000000000000000000011,0b00000000000000000000000000000011,"Cloudy data, Target not visible, covered with cloud"
City,Guayaquil,-2.1894,-79.889,2022-09-14,h10v09,1050.0,81.0,0.0891,4110.0,3.0,0b0001000000001110,0b10,"Pixel produced, but most probably cloudy",0b0011,Decreasing quality,0b00,Climatology,0b0,No,0b0,No,0b0,No,0b010,Ocean coastlines and lake shorelines,0b0,No,0b0,No,0b00000000000000000000000000000011,0b00000000000000000000000000000011,"Cloudy data, Target not visible, covered with cloud"
City,Guayaquil,-2.1894,-79.889,2022-09-30,h10v09,1050.0,81.0,0.1034,4110.0,3.0,0b0001000000001110,0b10,"Pixel produced, but most probably cloudy",0b0011,Decreasing quality,0b00,Climatology,0b0,No,0b0,No,0b0,No,0b010,Ocean coastlines and lake shorelines,0b0,No,0b0,No,0b00000000000000000000000000000011,0b00000000000000000000000000000011,"Cloudy data, Target not visible, covered with cloud"
City,Guayaquil,-2.1894,-79.889,2022-10-16,h10v09,1050.0,81.0,0.056,2062.0,3.0,0b0000100000001110,0b10,"Pixel produced, but most probably cloudy",0b0011,Decreasing quality,0b00,Climatology,0b0,No,0b0,No,0b0,No,0b001,Land (Nothing else but land),0b0,No,0b0,No,0b00000000000000000000000000000011,0b00000000000000000000000000000011,"Cloudy data, Target not visible, covered with cloud"
City,Guayaquil,-2.1894,-79.889,2022-11-01,h10v09,1050.0,81.0,0.1105,4369.0,1.0,0b0001000100010001,0b01,"VI produced, but check other QA",0b0100,Decreasing quality,0b00,Climatology,0b1,Yes,0b0,No,0b0,No,0b010,Ocean coastlines and lake shorelines,0b0,No,0b0,No,0b00000000000000000000000000000001,0b00000000000000000000000000000001,"Marginal data, Useful, but look at other QA information"
City,Guayaquil,-2.1894,-79.889,2022-11-17,h10v09,1050.0,81.0,0.2607,4369.0,1.0,0b0001000100010001,0b01,"VI produced, but check other QA",0b0100,Decreasing quality,0b00,Climatology,0b1,Yes,0b0,No,0b0,No,0b010,Ocean coastlines and lake shorelines,0b0,No,0b0,No,0b00000000000000000000000000000001,0b00000000000000000000000000000001,"Marginal data, Useful, but look at other QA information"
City,Guayaquil,-2.1894,-79.889,2022-12-03,h10v09,1050.0,81.0,0.1435,5406.0,3.0,0b0001010100011110,0b10,"Pixel produced, but most probably cloudy",0b0111,Decreasing quality,0b00,Climatology,0b1,Yes,0b0,No,0b1,Yes,0b010,Ocean coastlines and lake shorelines,0b0,No,0b0,No,0b00000000000000000000000000000011,0b00000000000000000000000000000011,"Cloudy data, Target not visible, covered with cloud"
City,Guayaquil,-2.1894,-79.889,2022-12-19,h10v09,1050.0,81.0,0.0713,4114.0,3.0,0b0001000000010010,0b10,"Pixel produced, but most probably cloudy",0b0100,Decreasing quality,0b00,Climatology,0b0,No,0b0,No,0b0,No,0b010,Ocean coastlines and lake shorelines,0b0,No,0b0,No,0b00000000000000000000000000000011,0b00000000000000000000000000000011,"Cloudy data, Target not visible, covered with cloud"
City,Guayaquil,-2.1894,-79.889,2023-01-01,h10v09,1050.0,81.0,0.0669,5146.0,3.0,0b0001010000011010,0b10,"Pixel produced, but most probably cloudy",0b0110,Decreasing quality,0b00,Climatology,0b0,No,0b0,No,0b1,Yes,0b010,Ocean coastlines and lake shorelines,0b0,No,0b0,No,0b00000000000000000000000000000011,0b00000000000000000000000000000011,"Cloudy data, Target not visible, covered with cloud"
City,Guayaquil,-2.1894,-79.889,2023-01-17,h10v09,1050.0,81.0,0.203,4369.0,1.0,0b0001000100010001,0b01,"VI produced, but check other QA",0b0100,Decreasing quality,0b00,Climatology,0b1,Yes,0b0,No,0b0,No,0b010,Ocean coastlines and lake shorelines,0b0,No,0b0,No,0b00000000000000000000000000000001,0b00000000000000000000000000000001,"Marginal data, Useful, but look at other QA information"
City,Guayaquil,-2.1894,-79.889,2023-02-02,h10v09,1050.0,81.0,0.0855,2062.0,3.0,0b0000100000001110,0b10,"Pixel produced, but most probably cloudy",0b0011,Decreasing quality,0b00,Climatology,0b0,No,0b0,No,0b0,No,0b001,Land (Nothing else but land),0b0,No,0b0,No,0b00000000000000000000000000000011,0b00000000000000000000000000000011,"Cloudy data, Target not visible, covered with cloud"
City,Guayaquil,-2.1894,-79.889,2023-02-18,h10v09,1050.0,81.0,0.1018,4114.0,3.0,0b0001000000010010,0b10,"Pixel produced, but most probably cloudy",0b0100,Decreasing quality,0b00,Climatology,0b0,No,0b0,No,0b0,No,0b010,Ocean coastlines and lake shorelines,0b0,No,0b0,No,0b00000000000000000000000000000011,0b00000000000000000000000000000011,"Cloudy data, Target not visible, covered with cloud"
City,Guayaquil,-2.1894,-79.889,2023-03-06,h10v09,1050.0,81.0,0.1332,4110.0,3.0,0b0001000000001110,0b10,"Pixel produced, but most probably cloudy",0b0011,Decreasing quality,0b00,Climatology,0b0,No,0b0,No,0b0,No,0b010,Ocean coastlines and lake shorelines,0b0,No,0b0,No,0b00000000000000000000000000000011,0b00000000000000000000000000000011,"Cloudy data, Target not visible, covered with cloud"
City,Guayaquil,-2.1894,-79.889,2023-03-22,h10v09,1050.0,81.0,0.1189,5150.0,3.0,0b0001010000011110,0b10,"Pixel produced, but most probably cloudy",0b0111,Decreasing quality,0b00,Climatology,0b0,No,0b0,No,0b1,Yes,0b010,Ocean coastlines and lake shorelines,0b0,No,0b0,No,0b00000000000000000000000000000011,0b00000000000000000000000000000011,"Cloudy data, Target not visible, covered with cloud"
City,Guayaquil,-2.1894,-79.889,2023-04-07,h10v09,1050.0,81.0,0.0688,4114.0,3.0,0b0001000000010010,0b10,"Pixel produced, but most probably cloudy",0b0100,Decreasing quality,0b00,Climatology,0b0,No,0b0,No,0b0,No,0b010,Ocean coastlines and lake shorelines,0b0,No,0b0,No,0b00000000000000000000000000000011,0b00000000000000000000000000000011,"Cloudy data, Target not visible, covered with cloud"
City,Guayaquil,-2.1894,-79.889,2023-04-23,h10v09,1050.0,81.0,0.1756,5406.0,3.0,0b0001010100011110,0b10,"Pixel produced, but most probably cloudy",0b0111,Decreasing quality,0b00,Climatology,0b1,Yes,0b0,No,0b1,Yes,0b010,Ocean coastlines and lake shorelines,0b0,No,0b0,No,0b00000000000000000000000000000011,0b00000000000000000000000000000011,"Cloudy data, Target not visible, covered with cloud"
City,Guayaquil,-2.1894,-79.889,2023-05-09,h10v09,1050.0,81.0,0.1797,4114.0,3.0,0b0001000000010010,0b10,"Pixel produced, but most probably cloudy",0b0100,Decreasing quality,0b00,Climatology,0b0,No,0b0,No,0b0,No,0b010,Ocean coastlines and lake shorelines,0b0,No,0b0,No,0b00000000000000000000000000000011,0b00000000000000000000000000000011,"Cloudy data, Target not visible, covered with cloud"
City,Guayaquil,-2.1894,-79.889,2023-05-25,h10v09,1050.0,81.0,0.0989,5146.0,3.0,0b0001010000011010,0b10,"Pixel produced, but most probably cloudy",0b0110,Decreasing quality,0b00,Climatology,0b0,No,0b0,No,0b1,Yes,0b010,Ocean coastlines and lake shorelines,0b0,No,0b0,No,0b00000000000000000000000000000011,0b00000000000000000000000000000011,"Cloudy data, Target not visible, covered with cloud"
City,Guayaquil,-2.1894,-79.889,2023-06-10,h10v09,1050.0,81.0,0.1019,4114.0,3.0,0b0001000000010010,0b10,"Pixel produced, but most probably cloudy",0b0100,Decreasing quality,0b00,Climatology,0b0,No,0b0,No,0b0,No,0b010,Ocean coastlines and lake shorelines,0b0,No,0b0,No,0b00000000000000000000000000000011,0b00000000000000000000000000000011,"Cloudy data, Target not visible, covered with cloud"
City,Guayaquil,-2.1894,-79.889,2023-06-26,h10v09,1050.0,81.0,0.1688,5150.0,3.0,0b0001010000011110,0b10,"Pixel produced, but most probably cloudy",0b0111,Decreasing quality,0b00,Climatology,0b0,No,0b0,No,0b1,Yes,0b010,Ocean coastlines and lake shorelines,0b0,No,0b0,No,0b00000000000000000000000000000011,0b00000000000000000000000000000011,"Cloudy data, Target not visible, covered with cloud"
City,Guayaquil,-2.1894,-79.889,2023-07-12,h10v09,1050.0,81.0,0.1663,4369.0,1.0,0b0001000100010001,0b01,"VI produced, but check other QA",0b0100,Decreasing quality,0b00,Climatology,0b1,Yes,0b0,No,0b0,No,0b010,Ocean coastlines and lake shorelines,0b0,No,0b0,No,0b00000000000000000000000000000001,0b00000000000000000000000000000001,"Marginal data, Useful, but look at other QA information"
City,Guayaquil,-2.1894,-79.889,2023-07-28,h10v09,1050.0,81.0,0.2172,4110.0,3.0,0b0001000000001110,0b10,"Pixel produced, but most probably cloudy",0b0011,Decreasing quality,0b00,Climatology,0b0,No,0b0,No,0b0,No,0b010,Ocean coastlines and lake shorelines,0b0,No,0b0,No,0b00000000000000000000000000000011,0b00000000000000000000000000000011,"Cloudy data, Target not visible, covered with cloud"
City,Guayaquil,-2.1894,-79.889,2023-08-13,h10v09,1050.0,81.0,0.0726,4110.0,3.0,0b0001000000001110,0b10,"Pixel produced, but most probably cloudy",0b0011,Decreasing quality,0b00,Climatology,0b0,No,0b0,No,0b0,No,0b010,Ocean coastlines and lake shorelines,0b0,No,0b0,No,0b00000000000000000000000000000011,0b00000000000000000000000000000011,"Cloudy data, Target not visible, covered with cloud"
City,Guayaquil,-2.1894,-79.889,2023-08-29,h10v09,1050.0,81.0,0.1163,5150.0,3.0,0b0001010000011110,0b10,"Pixel produced, but most probably cloudy",0b0111,Decreasing quality,0b00,Climatology,0b0,No,0b0,No,0b1,Yes,0b010,Ocean coastlines and lake shorelines,0b0,No,0b0,No,0b00000000000000000000000000000011,0b00000000000000000000000000000011,"Cloudy data, Target not visible, covered with cloud"
City,Guayaquil,-2.1894,-79.889,2023-09-14,h10v09,1050.0,81.0,0.1127,4110.0,3.0,0b0001000000001110,0b10,"Pixel produced, but most probably cloudy",0b0011,Decreasing quality,0b00,Climatology,0b0,No,0b0,No,0b0,No,0b010,Ocean coastlines and lake shorelines,0b0,No,0b0,No,0b00000000000000000000000000000011,0b00000000000000000000000000000011,"Cloudy data, Target not visible, covered with cloud"
City,Guayaquil,-2.1894,-79.889,2023-09-30,h10v09,1050.0,81.0,0.1428,5150.0,3.0,0b0001010000011110,0b10,"Pixel produced, but most probably cloudy",0b0111,Decreasing quality,0b00,Climatology,0b0,No,0b0,No,0b1,Yes,0b010,Ocean coastlines and lake shorelines,0b0,No,0b0,No,0b00000000000000000000000000000011,0b00000000000000000000000000000011,"Cloudy data, Target not visible, covered with cloud"
City,Guayaquil,-2.1894,-79.889,2023-10-16,h10v09,1050.0,81.0,0.0942,4110.0,3.0,0b0001000000001110,0b10,"Pixel produced, but most probably cloudy",0b0011,Decreasing quality,0b00,Climatology,0b0,No,0b0,No,0b0,No,0b010,Ocean coastlines and lake shorelines,0b0,No,0b0,No,0b00000000000000000000000000000011,0b00000000000000000000000000000011,"Cloudy data, Target not visible, covered with cloud"
City,Guayaquil,-2.1894,-79.889,2023-11-01,h10v09,1050.0,81.0,0.0408,4110.0,3.0,0b0001000000001110,0b10,"Pixel produced, but most probably cloudy",0b0011,Decreasing quality,0b00,Climatology,0b0,No,0b0,No,0b0,No,0b010,Ocean coastlines and lake shorelines,0b0,No,0b0,No,0b00000000000000000000000000000011,0b00000000000000000000000000000011,"Cloudy data, Target not visible, covered with cloud"
City,Guayaquil,-2.1894,-79.889,2023-11-17,h10v09,1050.0,81.0,0.1463,5150.0,3.0,0b0001010000011110,0b10,"Pixel produced, but most probably cloudy",0b0111,Decreasing quality,0b00,Climatology,0b0,No,0b0,No,0b1,Yes,0b010,Ocean coastlines and lake shorelines,0b0,No,0b0,No,0b00000000000000000000000000000011,0b00000000000000000000000000000011,"Cloudy data, Target not visible, covered with cloud"
City,Guayaquil,-2.1894,-79.889,2023-12-03,h10v09,1050.0,81.0,0.1035,4114.0,3.0,0b0001000000010010,0b10,"Pixel produced, but most probably cloudy",0b0100,Decreasing quality,0b00,Climatology,0b0,No,0b0,No,0b0,No,0b010,Ocean coastlines and lake shorelines,0b0,No,0b0,No,0b00000000000000000000000000000011,0b00000000000000000000000000000011,"Cloudy data, Target not visible, covered with cloud"
City,Guayaquil,-2.1894,-79.889,2023-12-19,h10v09,1050.0,81.0,0.0596,4114.0,3.0,0b0001000000010010,0b10,"Pixel produced, but most probably cloudy",0b0100,Decreasing quality,0b00,Climatology,0b0,No,0b0,No,0b0,No,0b010,Ocean coastlines and lake shorelines,0b0,No,0b0,No,0b00000000000000000000000000000011,0b00000000000000000000000000000011,"Cloudy data, Target not visible, covered with cloud"
City,Guayaquil,-2.1894,-79.889,2024-01-01,h10v09,1050.0,81.0,0.0311,4110.0,3.0,0b0001000000001110,0b10,"Pixel produced, but most probably cloudy",0b0011,Decreasing quality,0b00,Climatology,0b0,No,0b0,No,0b0,No,0b010,Ocean coastlines and lake shorelines,0b0,No,0b0,No,0b00000000000000000000000000000011,0b00000000000000000000000000000011,"Cloudy data, Target not visible, covered with cloud"
City,Guayaquil,-2.1894,-79.889,2024-01-17,h10v09,1050.0,81.0,0.0846,4110.0,3.0,0b0001000000001110,0b10,"Pixel produced, but most probably cloudy",0b0011,Decreasing quality,0b00,Climatology,0b0,No,0b0,No,0b0,No,0b010,Ocean coastlines and lake shorelines,0b0,No,0b0,No,0b00000000000000000000000000000011,0b00000000000000000000000000000011,"Cloudy data, Target not visible, covered with cloud"
City,Guayaquil,-2.1894,-79.889,2024-02-02,h10v09,1050.0,81.0,0.0895,5146.0,3.0,0b0001010000011010,0b10,"Pixel produced, but most probably cloudy",0b0110,Decreasing quality,0b00,Climatology,0b0,No,0b0,No,0b1,Yes,0b010,Ocean coastlines and lake shorelines,0b0,No,0b0,No,0b00000000000000000000000000000011,0b00000000000000000000000000000011,"Cloudy data, Target not visible, covered with cloud"
City,Guayaquil,-2.1894,-79.889,2024-02-18,h10v09,1050.0,81.0,0.134,4110.0,3.0,0b0001000000001110,0b10,"Pixel produced, but most probably cloudy",0b0011,Decreasing quality,0b00,Climatology,0b0,No,0b0,No,0b0,No,0b010,Ocean coastlines and lake shorelines,0b0,No,0b0,No,0b00000000000000000000000000000011,0b00000000000000000000000000000011,"Cloudy data, Target not visible, covered with cloud"
City,Guayaquil,-2.1894,-79.889,2024-03-05,h10v09,1050.0,81.0,0.1661,5146.0,3.0,0b0001010000011010,0b10,"Pixel produced, but most probably cloudy",0b0110,Decreasing quality,0b00,Climatology,0b0,No,0b0,No,0b1,Yes,0b010,Ocean coastlines and lake shorelines,0b0,No,0b0,No,0b00000000000000000000000000000011,0b00000000000000000000000000000011,"Cloudy data, Target not visible, covered with cloud"
City,Guayaquil,-2.1894,-79.889,2024-03-21,h10v09,1050.0,81.0,0.1587,4114.0,3.0,0b0001000000010010,0b10,"Pixel produced, but most probably cloudy",0b0100,Decreasing quality,0b00,Climatology,0b0,No,0b0,No,0b0,No,0b010,Ocean coastlines and lake shorelines,0b0,No,0b0,No,0b00000000000000000000000000000011,0b00000000000000000000000000000011,"Cloudy data, Target not visible, covered with cloud"
City,Guayaquil,-2.1894,-79.889,2024-04-06,h10v09,1050.0,81.0,0.0985,37150.0,3.0,0b1001000100011110,0b10,"Pixel produced, but most probably cloudy",0b0111,Decreasing quality,0b00,Climatology,0b1,Yes,0b0,No,0b0,No,0b010,Ocean coastlines and lake shorelines,0b0,No,0b1,Yes,0b00000000000000000000000000000011,0b00000000000000000000000000000011,"Cloudy data, Target not visible, covered with cloud"
City,Guayaquil,-2.1894,-79.889,2024-04-22,h10v09,1050.0,81.0,0.1387,38186.0,3.0,0b1001010100101010,0b10,"Pixel produced, but most probably cloudy",0b1010,Decreasing quality,0b00,Climatology,0b1,Yes,0b0,No,0b1,Yes,0b010,Ocean coastlines and lake shorelines,0b0,No,0b1,Yes,0b00000000000000000000000000000011,0b00000000000000000000000000000011,"Cloudy data, Target not visible, covered with cloud"
City,Guayaquil,-2.1894,-79.889,2024-05-08,h10v09,1050.0,81.0,0.3662,37146.0,3.0,0b1001000100011010,0b10,"Pixel produced, but most probably cloudy",0b0110,Decreasing quality,0b00,Climatology,0b1,Yes,0b0,No,0b0,No,0b010,Ocean coastlines and lake shorelines,0b0,No,0b1,Yes,0b00000000000000000000000000000011,0b00000000000000000000000000000011,"Cloudy data, Target not visible, covered with cloud"
City,Guayaquil,-2.1894,-79.889,2024-05-24,h10v09,1050.0,81.0,0.0819,4110.0,3.0,0b0001000000001110,0b10,"Pixel produced, but most probably cloudy",0b0011,Decreasing quality,0b00,Climatology,0b0,No,0b0,No,0b0,No,0b010,Ocean coastlines and lake shorelines,0b0,No,0b0,No,0b00000000000000000000000000000011,0b00000000000000000000000000000011,"Cloudy data, Target not visible, covered with cloud"
City,Guayaquil,-2.1894,-79.889,2024-06-09,h10v09,1050.0,81.0,0.1539,5410.0,3.0,0b0001010100100010,0b10,"Pixel produced, but most probably cloudy",0b1000,Decreasing quality,0b00,Climatology,0b1,Yes,0b0,No,0b1,Yes,0b010,Ocean coastlines and lake shorelines,0b0,No,0b0,No,0b00000000000000000000000000000011,0b00000000000000000000000000000011,"Cloudy data, Target not visible, covered with cloud"
City,Guayaquil,-2.1894,-79.889,2024-06-25,h10v09,1050.0,81.0,0.1703,5406.0,3.0,0b0001010100011110,0b10,"Pixel produced, but most probably cloudy",0b0111,Decreasing quality,0b00,Climatology,0b1,Yes,0b0,No,0b1,Yes,0b010,Ocean coastlines and lake shorelines,0b0,No,0b0,No,0b00000000000000000000000000000011,0b00000000000000000000000000000011,"Cloudy data, Target not visible, covered with cloud"
City,Guayaquil,-2.1894,-79.889,2024-07-11,h10v09,1050.0,81.0,0.1839,5146.0,3.0,0b0001010000011010,0b10,"Pixel produced, but most probably cloudy",0b0110,Decreasing quality,0b00,Climatology,0b0,No,0b0,No,0b1,Yes,0b010,Ocean coastlines and lake shorelines,0b0,No,0b0,No,0b00000000000000000000000000000011,0b00000000000000000000000000000011,"Cloudy data, Target not visible, covered with cloud"
City,Guayaquil,-2.1894,-79.889,2024-07-27,h10v09,1050.0,81.0,0.1149,4110.0,3.0,0b0001000000001110,0b10,"Pixel produced, but most probably cloudy",0b0011,Decreasing quality,0b00,Climatology,0b0,No,0b0,No,0b0,No,0b010,Ocean coastlines and lake shorelines,0b0,No,0b0,No,0b00000000000000000000000000000011,0b00000000000000000000000000000011,"Cloudy data, Target not visible, covered with cloud"
City,Guayaquil,-2.1894,-79.889,2024-08-12,h10v09,1050.0,81.0,0.1598,4114.0,3.0,0b0001000000010010,0b10,"Pixel produced, but most probably cloudy",0b0100,Decreasing quality,0b00,Climatology,0b0,No,0b0,No,0b0,No,0b010,Ocean coastlines and lake shorelines,0b0,No,0b0,No,0b00000000000000000000000000000011,0b00000000000000000000000000000011,"Cloudy data, Target not visible, covered with cloud"
City,Guayaquil,-2.1894,-79.889,2024-08-28,h10v09,1050.0,81.0,0.1237,4110.0,3.0,0b0001000000001110,0b10,"Pixel produced, but most probably cloudy",0b0011,Decreasing quality,0b00,Climatology,0b0,No,0b0,No,0b0,No,0b010,Ocean coastlines and lake shorelines,0b0,No,0b0,No,0b00000000000000000000000000000011,0b00000000000000000000000000000011,"Cloudy data, Target not visible, covered with cloud"
City,Guayaquil,-2.1894,-79.889,2024-09-13,h10v09,1050.0,81.0,0.0637,4110.0,3.0,0b0001000000001110,0b10,"Pixel produced, but most probably cloudy",0b0011,Decreasing quality,0b00,Climatology,0b0,No,0b0,No,0b0,No,0b010,Ocean coastlines and lake shorelines,0b0,No,0b0,No,0b00000000000000000000000000000011,0b00000000000000000000000000000011,"Cloudy data, Target not visible, covered with cloud"
City,Guayaquil,-2.1894,-79.889,2024-09-29,h10v09,1050.0,81.0,0.106,4110.0,3.0,0b0001000000001110,0b10,"Pixel produced, but most probably cloudy",0b0011,Decreasing quality,0b00,Climatology,0b0,No,0b0,No,0b0,No,0b010,Ocean coastlines and lake shorelines,0b0,No,0b0,No,0b00000000000000000000000000000011,0b00000000000000000000000000000011,"Cloudy data, Target not visible, covered with cloud"
City,Guayaquil,-2.1894,-79.889,2024-10-15,h10v09,1050.0,81.0,0.1343,4110.0,3.0,0b0001000000001110,0b10,"Pixel produced, but most probably cloudy",0b0011,Decreasing quality,0b00,Climatology,0b0,No,0b0,No,0b0,No,0b010,Ocean coastlines and lake shorelines,0b0,No,0b0,No,0b00000000000000000000000000000011,0b00000000000000000000000000000011,"Cloudy data, Target not visible, covered with cloud"
City,Guayaquil,-2.1894,-79.889,2024-10-31,h10v09,1050.0,81.0,0.1968,4168.0,1.0,0b0001000001001000,0b00,VI produced with good quality,0b0010,Decreasing quality,0b01,Low,0b0,No,0b0,No,0b0,No,0b010,Ocean coastlines and lake shorelines,0b0,No,0b0,No,0b00000000000000000000000000000001,0b00000000000000000000000000000001,"Marginal data, Useful, but look at other QA information"
City,Guayaquil,-2.1894,-79.889,2024-11-16,h10v09,1050.0,81.0,0.103,5150.0,3.0,0b0001010000011110,0b10,"Pixel produced, but most probably cloudy",0b0111,Decreasing quality,0b00,Climatology,0b0,No,0b0,No,0b1,Yes,0b010,Ocean coastlines and lake shorelines,0b0,No,0b0,No,0b00000000000000000000000000000011,0b00000000000000000000000000000011,"Cloudy data, Target not visible, covered with cloud"
City,Guayaquil,-2.1894,-79.889,2024-12-02,h10v09,1050.0,81.0,0.1073,4373.0,1.0,0b0001000100010101,0b01,"VI produced, but check other QA",0b0101,Decreasing quality,0b00,Climatology,0b1,Yes,0b0,No,0b0,No,0b010,Ocean coastlines and lake shorelines,0b0,No,0b0,No,0b00000000000000000000000000000001,0b00000000000000000000000000000001,"Marginal data, Useful, but look at other QA information"
City,Guayaquil,-2.1894,-79.889,2024-12-18,h10v09,1050.0,81.0,0.0845,5146.0,3.0,0b0001010000011010,0b10,"Pixel produced, but most probably cloudy",0b0110,Decreasing quality,0b00,Climatology,0b0,No,0b0,No,0b1,Yes,0b010,Ocean coastlines and lake shorelines,0b0,No,0b0,No,0b00000000000000000000000000000011,0b00000000000000000000000000000011,"Cloudy data, Target not visible, covered with cloud"
City,Guayaquil,-2.1894,-79.889,2025-01-01,h10v09,1050.0,81.0,0.0792,4110.0,3.0,0b0001000000001110,0b10,"Pixel produced, but most probably cloudy",0b0011,Decreasing quality,0b00,Climatology,0b0,No,0b0,No,0b0,No,0b010,Ocean coastlines and lake shorelines,0b0,No,0b0,No,0b00000000000000000000000000000011,0b00000000000000000000000000000011,"Cloudy data, Target not visible, covered with cloud"
City,Guayaquil,-2.1894,-79.889,2025-01-17,h10v09,1050.0,81.0,0.0806,4110.0,3.0,0b0001000000001110,0b10,"Pixel produced, but most probably cloudy",0b0011,Decreasing quality,0b00,Climatology,0b0,No,0b0,No,0b0,No,0b010,Ocean coastlines and lake shorelines,0b0,No,0b0,No,0b00000000000000000000000000000011,0b00000000000000000000000000000011,"Cloudy data, Target not visible, covered with cloud"
City,Guayaquil,-2.1894,-79.889,2025-02-02,h10v09,1050.0,81.0,0.1015,4114.0,3.0,0b0001000000010010,0b10,"Pixel produced, but most probably cloudy",0b0100,Decreasing quality,0b00,Climatology,0b0,No,0b0,No,0b0,No,0b010,Ocean coastlines and lake shorelines,0b0,No,0b0,No,0b00000000000000000000000000000011,0b00000000000000000000000000000011,"Cloudy data, Target not visible, covered with cloud"
City,Guayaquil,-2.1894,-79.889,2025-02-18,h10v09,1050.0,81.0,0.0767,4110.0,3.0,0b0001000000001110,0b10,"Pixel produced, but most probably cloudy",0b0011,Decreasing quality,0b00,Climatology,0b0,No,0b0,No,0b0,No,0b010,Ocean coastlines and lake shorelines,0b0,No,0b0,No,0b00000000000000000000000000000011,0b00000000000000000000000000000011,"Cloudy data, Target not visible, covered with cloud"
City,Guayaquil,-2.1894,-79.889,2025-03-06,h10v09,1050.0,81.0,0.1884,3098.0,3.0,0b0000110000011010,0b10,"Pixel produced, but most probably cloudy",0b0110,Decreasing quality,0b00,Climatology,0b0,No,0b0,No,0b1,Yes,0b001,Land (Nothing else but land),0b0,No,0b0,No,0b00000000000000000000000000000011,0b00000000000000000000000000000011,"Cloudy data, Target not visible, covered with cloud"
City,Guayaquil,-2.1894,-79.889,2025-03-22,h10v09,1050.0,81.0,0.1261,5146.0,3.0,0b0001010000011010,0b10,"Pixel produced, but most probably cloudy",0b0110,Decreasing quality,0b00,Climatology,0b0,No,0b0,No,0b1,Yes,0b010,Ocean coastlines and lake shorelines,0b0,No,0b0,No,0b00000000000000000000000000000011,0b00000000000000000000000000000011,"Cloudy data, Target not visible, covered with cloud"
City,Guayaquil,-2.1894,-79.889,2025-04-07,h10v09,1050.0,81.0,0.183,5406.0,3.0,0b0001010100011110,0b10,"Pixel produced, but most probably cloudy",0b0111,Decreasing quality,0b00,Climatology,0b1,Yes,0b0,No,0b1,Yes,0b010,Ocean coastlines and lake shorelines,0b0,No,0b0,No,0b00000000000000000000000000000011,0b00000000000000000000000000000011,"Cloudy data, Target not visible, covered with cloud"
City,Guayaquil,-2.1894,-79.889,2025-04-23,h10v09,1050.0,81.0,0.1922,4373.0,1.0,0b0001000100010101,0b01,"VI produced, but check other QA",0b0101,Decreasing quality,0b00,Climatology,0b1,Yes,0b0,No,0b0,No,0b010,Ocean coastlines and lake shorelines,0b0,No,0b0,No,0b00000000000000000000000000000001,0b00000000000000000000000000000001,"Marginal data, Useful, but look at other QA information"
City,Guayaquil,-2.1894,-79.889,2025-05-09,h10v09,1050.0,81.0,0.1444,5202.0,3.0,0b0001010001010010,0b10,"Pixel produced, but most probably cloudy",0b0100,Decreasing quality,0b01,Low,0b0,No,0b0,No,0b1,Yes,0b010,Ocean coastlines and lake shorelines,0b0,No,0b0,No,0b00000000000000000000000000000011,0b00000000000000000000000000000011,"Cloudy data, Target not visible, covered with cloud"
City,Guayaquil,-2.1894,-79.889,2025-05-25,h10v09,1050.0,81.0,0.0554,4110.0,3.0,0b0001000000001110,0b10,"Pixel produced, but most probably cloudy",0b0011,Decreasing quality,0b00,Climatology,0b0,No,0b0,No,0b0,No,0b010,Ocean coastlines and lake shorelines,0b0,No,0b0,No,0b00000000000000000000000000000011,0b00000000000000000000000000000011,"Cloudy data, Target not visible, covered with cloud"
City,Guayaquil,-2.1894,-79.889,2025-06-10,h10v09,1050.0,81.0,0.2169,5150.0,3.0,0b0001010000011110,0b10,"Pixel produced, but most probably cloudy",0b0111,Decreasing quality,0b00,Climatology,0b0,No,0b0,No,0b1,Yes,0b010,Ocean coastlines and lake shorelines,0b0,No,0b0,No,0b00000000000000000000000000000011,0b00000000000000000000000000000011,"Cloudy data, Target not visible, covered with cloud"
City,Guayaquil,-2.1894,-79.889,2025-06-26,h10v09,1050.0,81.0,0.1089,4110.0,3.0,0b0001000000001110,0b10,"Pixel produced, but most probably cloudy",0b0011,Decreasing quality,0b00,Climatology,0b0,No,0b0,No,0b0,No,0b010,Ocean coastlines and lake shorelines,0b0,No,0b0,No,0b00000000000000000000000000000011,0b00000000000000000000000000000011,"Cloudy data, Target not visible, covered with cloud"
City,Guayaquil,-2.1894,-79.889,2025-07-12,h10v09,1050.0,81.0,0.1334,5146.0,3.0,0b0001010000011010,0b10,"Pixel produced, but most probably cloudy",0b0110,Decreasing quality,0b00,Climatology,0b0,No,0b0,No,0b1,Yes,0b010,Ocean coastlines and lake shorelines,0b0,No,0b0,No,0b00000000000000000000000000000011,0b00000000000000000000000000000011,"Cloudy data, Target not visible, covered with cloud"
City,Guayaquil,-2.1894,-79.889,2025-07-28,h10v09,1050.0,81.0,0.0532,4110.0,3.0,0b0001000000001110,0b10,"Pixel produced, but most probably cloudy",0b0011,Decreasing quality,0b00,Climatology,0b0,No,0b0,No,0b0,No,0b010,Ocean coastlines and lake shorelines,0b0,No,0b0,No,0b00000000000000000000000000000011,0b00000000000000000000000000000011,"Cloudy data, Target not visible, covered with cloud"
City,Guayaquil,-2.1894,-79.889,2025-08-13,h10v09,1050.0,81.0,0.0309,4110.0,3.0,0b0001000000001110,0b10,"Pixel produced, but most probably cloudy",0b0011,Decreasing quality,0b00,Climatology,0b0,No,0b0,No,0b0,No,0b010,Ocean coastlines and lake shorelines,0b0,No,0b0,No,0b00000000000000000000000000000011,0b00000000000000000000000000000011,"Cloudy data, Target not visible, covered with cloud"
City,Guayaquil,-2.1894,-79.889,2025-08-29,h10v09,1050.0,81.0,0.0745,5146.0,3.0,0b0001010000011010,0b10,"Pixel produced, but most probably cloudy",0b0110,Decreasing quality,0b00,Climatology,0b0,No,0b0,No,0b1,Yes,0b010,Ocean coastlines and lake shorelines,0b0,No,0b0,No,0b00000000000000000000000000000011,0b00000000000000000000000000000011,"Cloudy data, Target not visible, covered with cloud"
City,Guayaquil,-2.1894,-79.889,2025-09-14,h10v09,1050.0,81.0,0.1304,4114.0,3.0,0b0001000000010010,0b10,"Pixel produced, but most probably cloudy",0b0100,Decreasing quality,0b00,Climatology,0b0,No,0b0,No,0b0,No,0b010,Ocean coastlines and lake shorelines,0b0,No,0b0,No,0b00000000000000000000000000000011,0b00000000000000000000000000000011,"Cloudy data, Target not visible, covered with cloud"
City,Guayaquil,-2.1894,-79.889,2025-09-30,h10v09,1050.0,81.0,0.1445,5410.0,3.0,0b0001010100100010,0b10,"Pixel produced, but most probably cloudy",0b1000,Decreasing quality,0b00,Climatology,0b1,Yes,0b0,No,0b1,Yes,0b010,Ocean coastlines and lake shorelines,0b0,No,0b0,No,0b00000000000000000000000000000011,0b00000000000000000000000000000011,"Cloudy data, Target not visible, covered with cloud"
City,Guayaquil,-2.1894,-79.889,2025-10-16,h10v09,1050.0,81.0,0.0311,4110.0,3.0,0b0001000000001110,0b10,"Pixel produced, but most probably cloudy",0b0011,Decreasing quality,0b00,Climatology,0b0,No,0b0,No,0b0,No,0b010,Ocean coastlines and lake shorelines,0b0,No,0b0,No,0b00000000000000000000000000000011,0b00000000000000000000000000000011,"Cloudy data, Target not visible, covered with cloud"
City,Guayaquil,-2.1894,-79.889,2025-11-01,h10v09,1050.0,81.0,0.0962,4110.0,3.0,0b0001000000001110,0b10,"Pixel produced, but most probably cloudy",0b0011,Decreasing quality,0b00,Climatology,0b0,No,0b0,No,0b0,No,0b010,Ocean coastlines and lake shorelines,0b0,No,0b0,No,0b00000000000000000000000000000011,0b00000000000000000000000000000011,"Cloudy data, Target not visible, covered with cloud"
City,Guayaquil,-2.1894,-79.889,2025-11-17,h10v09,1050.0,81.0,0.1022,4110.0,3.0,0b0001000000001110,0b10,"Pixel produced, but most probably cloudy",0b0011,Decreasing quality,0b00,Climatology,0b0,No,0b0,No,0b0,No,0b010,Ocean coastlines and lake shorelines,0b0,No,0b0,No,0b00000000000000000000000000000011,0b00000000000000000000000000000011,"Cloudy data, Target not visible, covered with cloud"
City,Guayaquil,-2.1894,-79.889,2025-12-03,h10v09,1050.0,81.0,0.1693,4110.0,3.0,0b0001000000001110,0b10,"Pixel produced, but most probably cloudy",0b0011,Decreasing quality,0b00,Climatology,0b0,No,0b0,No,0b0,No,0b010,Ocean coastlines and lake shorelines,0b0,No,0b0,No,0b00000000000000000000000000000011,0b00000000000000000000000000000011,"Cloudy data, Target not visible, covered with cloud"
City,Guayaquil,-2.1894,-79.889,2025-12-19,h10v09,1050.0,81.0,0.1819,4373.0,1.0,0b0001000100010101,0b01,"VI produced, but check other QA",0b0101,Decreasing quality,0b00,Climatology,0b1,Yes,0b0,No,0b0,No,0b010,Ocean coastlines and lake shorelines,0b0,No,0b0,No,0b00000000000000000000000000000001,0b00000000000000000000000000000001,"Marginal data, Useful, but look at other QA information"
City,Guayaquil,-2.1894,-79.889,2026-01-01,h10v09,1050.0,81.0,0.1275,5150.0,3.0,0b0001010000011110,0b10,"Pixel produced, but most probably cloudy",0b0111,Decreasing quality,0b00,Climatology,0b0,No,0b0,No,0b1,Yes,0b010,Ocean coastlines and lake shorelines,0b0,No,0b0,No,0b00000000000000000000000000000011,0b00000000000000000000000000000011,"Cloudy data, Target not visible, covered with cloud"
City,Guayaquil,-2.1894,-79.889,2026-01-17,h10v09,1050.0,81.0,0.0656,4110.0,3.0,0b0001000000001110,0b10,"Pixel produced, but most probably cloudy",0b0011,Decreasing quality,0b00,Climatology,0b0,No,0b0,No,0b0,No,0b010,Ocean coastlines and lake shorelines,0b0,No,0b0,No,0b00000000000000000000000000000011,0b00000000000000000000000000000011,"Cloudy data, Target not visible, covered with cloud"
City,Guayaquil,-2.1894,-79.889,2026-02-02,h10v09,1050.0,81.0,0.1323,4110.0,3.0,0b0001000000001110,0b10,"Pixel produced, but most probably cloudy",0b0011,Decreasing quality,0b00,Climatology,0b0,No,0b0,No,0b0,No,0b010,Ocean coastlines and lake shorelines,0b0,No,0b0,No,0b00000000000000000000000000000011,0b00000000000000000000000000000011,"Cloudy data, Target not visible, covered with cloud"
City,Guayaquil,-2.1894,-79.889,2026-02-18,h10v09,1050.0,81.0,0.0875,4114.0,3.0,0b0001000000010010,0b10,"Pixel produced, but most probably cloudy",0b0100,Decreasing quality,0b00,Climatology,0b0,No,0b0,No,0b0,No,0b010,Ocean coastlines and lake shorelines,0b0,No,0b0,No,0b00000000000000000000000000000011,0b00000000000000000000000000000011,"Cloudy data, Target not visible, covered with cloud"
City,Guayaquil,-2.1894,-79.889,2026-03-06,h10v09,1050.0,81.0,0.0799,5146.0,3.0,0b0001010000011010,0b10,"Pixel produced, but most probably cloudy",0b0110,Decreasing quality,0b00,Climatology,0b0,No,0b0,No,0b1,Yes,0b010,Ocean coastlines and lake shorelines,0b0,No,0b0,No,0b00000000000000000000000000000011,0b00000000000000000000000000000011,"Cloudy data, Target not visible, covered with cloud"
City,Guayaquil,-2.1894,-79.889,2026-03-22,h10v09,1050.0,81.0,0.195,4373.0,1.0,0b0001000100010101,0b01,"VI produced, but check other QA",0b0101,Decreasing quality,0b00,Climatology,0b1,Yes,0b0,No,0b0,No,0b010,Ocean coastlines and lake shorelines,0b0,No,0b0,No,0b00000000000000000000000000000001,0b00000000000000000000000000000001,"Marginal data, Useful, but look at other QA information"
City,Guayaquil,-2.1894,-79.889,2026-04-07,h10v09,1050.0,81.0,0.1373,4114.0,3.0,0b0001000000010010,0b10,"Pixel produced, but most probably cloudy",0b0100,Decreasing quality,0b00,Climatology,0b0,No,0b0,No,0b0,No,0b010,Ocean coastlines and lake shorelines,0b0,No,0b0,No,0b00000000000000000000000000000011,0b00000000000000000000000000000011,"Cloudy data, Target not visible, covered with cloud"
City,Guayaquil,-2.1894,-79.889,2026-04-23,h10v09,1050.0,81.0,0.1616,5146.0,3.0,0b0001010000011010,0b10,"Pixel produced, but most probably cloudy",0b0110,Decreasing quality,0b00,Climatology,0b0,No,0b0,No,0b1,Yes,0b010,Ocean coastlines and lake shorelines,0b0,No,0b0,No,0b00000000000000000000000000000011,0b00000000000000000000000000000011,"Cloudy data, Target not visible, covered with cloud"
City,Guayaquil,-2.1894,-79.889,2026-05-09,h10v09,1050.0,81.0,0.1508,5146.0,3.0,0b0001010000011010,0b10,"Pixel produced, but most probably cloudy",0b0110,Decreasing quality,0b00,Climatology,0b0,No,0b0,No,0b1,Yes,0b010,Ocean coastlines and lake shorelines,0b0,No,0b0,No,0b00000000000000000000000000000011,0b00000000000000000000000000000011,"Cloudy data, Target not visible, covered with cloud"
City,Quito,-0.1807,-78.4678,2011-12-19,h10v09,86.0,735.0,0.6589,2449.0,1.0,0b0000100110010001,0b01,"VI produced, but check other QA",0b0100,Decreasing quality,0b10,Average,0b1,Yes,0b0,No,0b0,No,0b001,Land (Nothing else but land),0b0,No,0b0,No,0b00000000000000000000000000000001,0b00000000000000000000000000000001,"Marginal data, Useful, but look at other QA information"
City,Quito,-0.1807,-78.4678,2012-01-01,h10v09,86.0,735.0,0.5241,35152.0,1.0,0b1000100101010000,0b00,VI produced with good quality,0b0100,Decreasing quality,0b01,Low,0b1,Yes,0b0,No,0b0,No,0b001,Land (Nothing else but land),0b0,No,0b1,Yes,0b00000000000000000000000000000001,0b00000000000000000000000000000001,"Marginal data, Useful, but look at other QA information"
City,Quito,-0.1807,-78.4678,2012-01-17,h10v09,86.0,735.0,0.6968,35221.0,1.0,0b1000100110010101,0b01,"VI produced, but check other QA",0b0101,Decreasing quality,0b10,Average,0b1,Yes,0b0,No,0b0,No,0b001,Land (Nothing else but land),0b0,No,0b1,Yes,0b00000000000000000000000000000001,0b00000000000000000000000000000001,"Marginal data, Useful, but look at other QA information"
City,Quito,-0.1807,-78.4678,2012-02-02,h10v09,86.0,735.0,0.1238,2062.0,3.0,0b0000100000001110,0b10,"Pixel produced, but most probably cloudy",0b0011,Decreasing quality,0b00,Climatology,0b0,No,0b0,No,0b0,No,0b001,Land (Nothing else but land),0b0,No,0b0,No,0b00000000000000000000000000000011,0b00000000000000000000000000000011,"Cloudy data, Target not visible, covered with cloud"
City,Quito,-0.1807,-78.4678,2012-02-18,h10v09,86.0,735.0,0.4437,2066.0,3.0,0b0000100000010010,0b10,"Pixel produced, but most probably cloudy",0b0100,Decreasing quality,0b00,Climatology,0b0,No,0b0,No,0b0,No,0b001,Land (Nothing else but land),0b0,No,0b0,No,0b00000000000000000000000000000011,0b00000000000000000000000000000011,"Cloudy data, Target not visible, covered with cloud"
City,Quito,-0.1807,-78.4678,2012-03-05,h10v09,86.0,735.0,0.6142,2445.0,1.0,0b0000100110001101,0b01,"VI produced, but check other QA",0b0011,Decreasing quality,0b10,Average,0b1,Yes,0b0,No,0b0,No,0b001,Land (Nothing else but land),0b0,No,0b0,No,0b00000000000000000000000000000001,0b00000000000000000000000000000001,"Marginal data, Useful, but look at other QA information"
City,Quito,-0.1807,-78.4678,2012-03-21,h10v09,86.0,735.0,0.5892,2445.0,1.0,0b0000100110001101,0b01,"VI produced, but check other QA",0b0011,Decreasing quality,0b10,Average,0b1,Yes,0b0,No,0b0,No,0b001,Land (Nothing else but land),0b0,No,0b0,No,0b00000000000000000000000000000001,0b00000000000000000000000000000001,"Marginal data, Useful, but look at other QA information"
City,Quito,-0.1807,-78.4678,2012-04-06,h10v09,86.0,735.0,0.0754,2066.0,3.0,0b0000100000010010,0b10,"Pixel produced, but most probably cloudy",0b0100,Decreasing quality,0b00,Climatology,0b0,No,0b0,No,0b0,No,0b001,Land (Nothing else but land),0b0,No,0b0,No,0b00000000000000000000000000000011,0b00000000000000000000000000000011,"Cloudy data, Target not visible, covered with cloud"
City,Quito,-0.1807,-78.4678,2012-04-22,h10v09,86.0,735.0,0.5816,2376.0,1.0,0b0000100101001000,0b00,VI produced with good quality,0b0010,Decreasing quality,0b01,Low,0b1,Yes,0b0,No,0b0,No,0b001,Land (Nothing else but land),0b0,No,0b0,No,0b00000000000000000000000000000001,0b00000000000000000000000000000001,"Marginal data, Useful, but look at other QA information"
City,Quito,-0.1807,-78.4678,2012-05-08,h10v09,86.0,735.0,0.6092,2376.0,1.0,0b0000100101001000,0b00,VI produced with good quality,0b0010,Decreasing quality,0b01,Low,0b1,Yes,0b0,No,0b0,No,0b001,Land (Nothing else but land),0b0,No,0b0,No,0b00000000000000000000000000000001,0b00000000000000000000000000000001,"Marginal data, Useful, but look at other QA information"
City,Quito,-0.1807,-78.4678,2012-05-24,h10v09,86.0,735.0,0.5928,2116.0,0.0,0b0000100001000100,0b00,VI produced with good quality,0b0001,Lower quality,0b01,Low,0b0,No,0b0,No,0b0,No,0b001,Land (Nothing else but land),0b0,No,0b0,No,0b00000000000000000000000000000000,0b00000000000000000000000000000000,"Good data, use with confidence"
City,Quito,-0.1807,-78.4678,2012-06-09,h10v09,86.0,735.0,0.5838,2376.0,1.0,0b0000100101001000,0b00,VI produced with good quality,0b0010,Decreasing quality,0b01,Low,0b1,Yes,0b0,No,0b0,No,0b001,Land (Nothing else but land),0b0,No,0b0,No,0b00000000000000000000000000000001,0b00000000000000000000000000000001,"Marginal data, Useful, but look at other QA information"
City,Quito,-0.1807,-78.4678,2012-06-25,h10v09,86.0,735.0,0.613,2380.0,1.0,0b0000100101001100,0b00,VI produced with good quality,0b0011,Decreasing quality,0b01,Low,0b1,Yes,0b0,No,0b0,No,0b001,Land (Nothing else but land),0b0,No,0b0,No,0b00000000000000000000000000000001,0b00000000000000000000000000000001,"Marginal data, Useful, but look at other QA information"
City,Quito,-0.1807,-78.4678,2012-07-11,h10v09,86.0,735.0,0.5152,2376.0,1.0,0b0000100101001000,0b00,VI produced with good quality,0b0010,Decreasing quality,0b01,Low,0b1,Yes,0b0,No,0b0,No,0b001,Land (Nothing else but land),0b0,No,0b0,No,0b00000000000000000000000000000001,0b00000000000000000000000000000001,"Marginal data, Useful, but look at other QA information"
City,Quito,-0.1807,-78.4678,2012-07-27,h10v09,86.0,735.0,0.4827,2376.0,1.0,0b0000100101001000,0b00,VI produced with good quality,0b0010,Decreasing quality,0b01,Low,0b1,Yes,0b0,No,0b0,No,0b001,Land (Nothing else but land),0b0,No,0b0,No,0b00000000000000000000000000000001,0b00000000000000000000000000000001,"Marginal data, Useful, but look at other QA information"
City,Quito,-0.1807,-78.4678,2012-08-12,h10v09,86.0,735.0,0.4437,2376.0,1.0,0b0000100101001000,0b00,VI produced with good quality,0b0010,Decreasing quality,0b01,Low,0b1,Yes,0b0,No,0b0,No,0b001,Land (Nothing else but land),0b0,No,0b0,No,0b00000000000000000000000000000001,0b00000000000000000000000000000001,"Marginal data, Useful, but look at other QA information"
City,Quito,-0.1807,-78.4678,2012-08-28,h10v09,86.0,735.0,0.3472,2376.0,1.0,0b0000100101001000,0b00,VI produced with good quality,0b0010,Decreasing quality,0b01,Low,0b1,Yes,0b0,No,0b0,No,0b001,Land (Nothing else but land),0b0,No,0b0,No,0b00000000000000000000000000000001,0b00000000000000000000000000000001,"Marginal data, Useful, but look at other QA information"
City,Quito,-0.1807,-78.4678,2012-09-13,h10v09,86.0,735.0,0.358,2376.0,1.0,0b0000100101001000,0b00,VI produced with good quality,0b0010,Decreasing quality,0b01,Low,0b1,Yes,0b0,No,0b0,No,0b001,Land (Nothing else but land),0b0,No,0b0,No,0b00000000000000000000000000000001,0b00000000000000000000000000000001,"Marginal data, Useful, but look at other QA information"
City,Quito,-0.1807,-78.4678,2012-09-29,h10v09,86.0,735.0,0.3069,2376.0,1.0,0b0000100101001000,0b00,VI produced with good quality,0b0010,Decreasing quality,0b01,Low,0b1,Yes,0b0,No,0b0,No,0b001,Land (Nothing else but land),0b0,No,0b0,No,0b00000000000000000000000000000001,0b00000000000000000000000000000001,"Marginal data, Useful, but look at other QA information"
City,Quito,-0.1807,-78.4678,2012-10-15,h10v09,86.0,735.0,0.5255,2380.0,1.0,0b0000100101001100,0b00,VI produced with good quality,0b0011,Decreasing quality,0b01,Low,0b1,Yes,0b0,No,0b0,No,0b001,Land (Nothing else but land),0b0,No,0b0,No,0b00000000000000000000000000000001,0b00000000000000000000000000000001,"Marginal data, Useful, but look at other QA information"
City,Quito,-0.1807,-78.4678,2012-10-31,h10v09,86.0,735.0,0.5513,2062.0,3.0,0b0000100000001110,0b10,"Pixel produced, but most probably cloudy",0b0011,Decreasing quality,0b00,Climatology,0b0,No,0b0,No,0b0,No,0b001,Land (Nothing else but land),0b0,No,0b0,No,0b00000000000000000000000000000011,0b00000000000000000000000000000011,"Cloudy data, Target not visible, covered with cloud"
City,Quito,-0.1807,-78.4678,2012-11-16,h10v09,86.0,735.0,0.4198,2062.0,3.0,0b0000100000001110,0b10,"Pixel produced, but most probably cloudy",0b0011,Decreasing quality,0b00,Climatology,0b0,No,0b0,No,0b0,No,0b001,Land (Nothing else but land),0b0,No,0b0,No,0b00000000000000000000000000000011,0b00000000000000000000000000000011,"Cloudy data, Target not visible, covered with cloud"
City,Quito,-0.1807,-78.4678,2012-12-02,h10v09,86.0,735.0,0.646,2261.0,1.0,0b0000100011010101,0b01,"VI produced, but check other QA",0b0101,Decreasing quality,0b11,High,0b0,No,0b0,No,0b0,No,0b001,Land (Nothing else but land),0b0,No,0b0,No,0b00000000000000000000000000000001,0b00000000000000000000000000000001,"Marginal data, Useful, but look at other QA information"
City,Quito,-0.1807,-78.4678,2012-12-18,h10v09,86.0,735.0,0.6333,2376.0,1.0,0b0000100101001000,0b00,VI produced with good quality,0b0010,Decreasing quality,0b01,Low,0b1,Yes,0b0,No,0b0,No,0b001,Land (Nothing else but land),0b0,No,0b0,No,0b00000000000000000000000000000001,0b00000000000000000000000000000001,"Marginal data, Useful, but look at other QA information"
City,Quito,-0.1807,-78.4678,2013-01-01,h10v09,86.0,735.0,0.6333,2376.0,1.0,0b0000100101001000,0b00,VI produced with good quality,0b0010,Decreasing quality,0b01,Low,0b1,Yes,0b0,No,0b0,No,0b001,Land (Nothing else but land),0b0,No,0b0,No,0b00000000000000000000000000000001,0b00000000000000000000000000000001,"Marginal data, Useful, but look at other QA information"
City,Quito,-0.1807,-78.4678,2013-01-17,h10v09,86.0,735.0,0.5657,2376.0,1.0,0b0000100101001000,0b00,VI produced with good quality,0b0010,Decreasing quality,0b01,Low,0b1,Yes,0b0,No,0b0,No,0b001,Land (Nothing else but land),0b0,No,0b0,No,0b00000000000000000000000000000001,0b00000000000000000000000000000001,"Marginal data, Useful, but look at other QA information"
City,Quito,-0.1807,-78.4678,2013-02-02,h10v09,86.0,735.0,0.5539,2445.0,1.0,0b0000100110001101,0b01,"VI produced, but check other QA",0b0011,Decreasing quality,0b10,Average,0b1,Yes,0b0,No,0b0,No,0b001,Land (Nothing else but land),0b0,No,0b0,No,0b00000000000000000000000000000001,0b00000000000000000000000000000001,"Marginal data, Useful, but look at other QA information"
City,Quito,-0.1807,-78.4678,2013-02-18,h10v09,86.0,735.0,0.5348,2062.0,3.0,0b0000100000001110,0b10,"Pixel produced, but most probably cloudy",0b0011,Decreasing quality,0b00,Climatology,0b0,No,0b0,No,0b0,No,0b001,Land (Nothing else but land),0b0,No,0b0,No,0b00000000000000000000000000000011,0b00000000000000000000000000000011,"Cloudy data, Target not visible, covered with cloud"
City,Quito,-0.1807,-78.4678,2013-03-06,h10v09,86.0,735.0,0.9362,2066.0,3.0,0b0000100000010010,0b10,"Pixel produced, but most probably cloudy",0b0100,Decreasing quality,0b00,Climatology,0b0,No,0b0,No,0b0,No,0b001,Land (Nothing else but land),0b0,No,0b0,No,0b00000000000000000000000000000011,0b00000000000000000000000000000011,"Cloudy data, Target not visible, covered with cloud"
City,Quito,-0.1807,-78.4678,2013-03-22,h10v09,86.0,735.0,0.5562,35221.0,1.0,0b1000100110010101,0b01,"VI produced, but check other QA",0b0101,Decreasing quality,0b10,Average,0b1,Yes,0b0,No,0b0,No,0b001,Land (Nothing else but land),0b0,No,0b1,Yes,0b00000000000000000000000000000001,0b00000000000000000000000000000001,"Marginal data, Useful, but look at other QA information"
City,Quito,-0.1807,-78.4678,2013-04-07,h10v09,86.0,735.0,0.6109,2376.0,1.0,0b0000100101001000,0b00,VI produced with good quality,0b0010,Decreasing quality,0b01,Low,0b1,Yes,0b0,No,0b0,No,0b001,Land (Nothing else but land),0b0,No,0b0,No,0b00000000000000000000000000000001,0b00000000000000000000000000000001,"Marginal data, Useful, but look at other QA information"
City,Quito,-0.1807,-78.4678,2013-04-23,h10v09,86.0,735.0,0.5973,2445.0,1.0,0b0000100110001101,0b01,"VI produced, but check other QA",0b0011,Decreasing quality,0b10,Average,0b1,Yes,0b0,No,0b0,No,0b001,Land (Nothing else but land),0b0,No,0b0,No,0b00000000000000000000000000000001,0b00000000000000000000000000000001,"Marginal data, Useful, but look at other QA information"
City,Quito,-0.1807,-78.4678,2013-05-09,h10v09,86.0,735.0,0.5948,2445.0,1.0,0b0000100110001101,0b01,"VI produced, but check other QA",0b0011,Decreasing quality,0b10,Average,0b1,Yes,0b0,No,0b0,No,0b001,Land (Nothing else but land),0b0,No,0b0,No,0b00000000000000000000000000000001,0b00000000000000000000000000000001,"Marginal data, Useful, but look at other QA information"
City,Quito,-0.1807,-78.4678,2013-05-25,h10v09,86.0,735.0,0.7392,2376.0,1.0,0b0000100101001000,0b00,VI produced with good quality,0b0010,Decreasing quality,0b01,Low,0b1,Yes,0b0,No,0b0,No,0b001,Land (Nothing else but land),0b0,No,0b0,No,0b00000000000000000000000000000001,0b00000000000000000000000000000001,"Marginal data, Useful, but look at other QA information"
City,Quito,-0.1807,-78.4678,2013-06-10,h10v09,86.0,735.0,0.6319,2376.0,1.0,0b0000100101001000,0b00,VI produced with good quality,0b0010,Decreasing quality,0b01,Low,0b1,Yes,0b0,No,0b0,No,0b001,Land (Nothing else but land),0b0,No,0b0,No,0b00000000000000000000000000000001,0b00000000000000000000000000000001,"Marginal data, Useful, but look at other QA information"
City,Quito,-0.1807,-78.4678,2013-06-26,h10v09,86.0,735.0,0.4921,2376.0,1.0,0b0000100101001000,0b00,VI produced with good quality,0b0010,Decreasing quality,0b01,Low,0b1,Yes,0b0,No,0b0,No,0b001,Land (Nothing else but land),0b0,No,0b0,No,0b00000000000000000000000000000001,0b00000000000000000000000000000001,"Marginal data, Useful, but look at other QA information"
City,Quito,-0.1807,-78.4678,2013-07-12,h10v09,86.0,735.0,0.4562,2376.0,1.0,0b0000100101001000,0b00,VI produced with good quality,0b0010,Decreasing quality,0b01,Low,0b1,Yes,0b0,No,0b0,No,0b001,Land (Nothing else but land),0b0,No,0b0,No,0b00000000000000000000000000000001,0b00000000000000000000000000000001,"Marginal data, Useful, but look at other QA information"
City,Quito,-0.1807,-78.4678,2013-07-28,h10v09,86.0,735.0,0.4904,2116.0,0.0,0b0000100001000100,0b00,VI produced with good quality,0b0001,Lower quality,0b01,Low,0b0,No,0b0,No,0b0,No,0b001,Land (Nothing else but land),0b0,No,0b0,No,0b00000000000000000000000000000000,0b00000000000000000000000000000000,"Good data, use with confidence"
City,Quito,-0.1807,-78.4678,2013-08-13,h10v09,86.0,735.0,0.462,2376.0,1.0,0b0000100101001000,0b00,VI produced with good quality,0b0010,Decreasing quality,0b01,Low,0b1,Yes,0b0,No,0b0,No,0b001,Land (Nothing else but land),0b0,No,0b0,No,0b00000000000000000000000000000001,0b00000000000000000000000000000001,"Marginal data, Useful, but look at other QA information"
City,Quito,-0.1807,-78.4678,2013-08-29,h10v09,86.0,735.0,0.4894,2376.0,1.0,0b0000100101001000,0b00,VI produced with good quality,0b0010,Decreasing quality,0b01,Low,0b1,Yes,0b0,No,0b0,No,0b001,Land (Nothing else but land),0b0,No,0b0,No,0b00000000000000000000000000000001,0b00000000000000000000000000000001,"Marginal data, Useful, but look at other QA information"
City,Quito,-0.1807,-78.4678,2013-09-14,h10v09,86.0,735.0,0.4413,2376.0,1.0,0b0000100101001000,0b00,VI produced with good quality,0b0010,Decreasing quality,0b01,Low,0b1,Yes,0b0,No,0b0,No,0b001,Land (Nothing else but land),0b0,No,0b0,No,0b00000000000000000000000000000001,0b00000000000000000000000000000001,"Marginal data, Useful, but look at other QA information"
City,Quito,-0.1807,-78.4678,2013-09-30,h10v09,86.0,735.0,0.5317,2376.0,1.0,0b0000100101001000,0b00,VI produced with good quality,0b0010,Decreasing quality,0b01,Low,0b1,Yes,0b0,No,0b0,No,0b001,Land (Nothing else but land),0b0,No,0b0,No,0b00000000000000000000000000000001,0b00000000000000000000000000000001,"Marginal data, Useful, but look at other QA information"
City,Quito,-0.1807,-78.4678,2013-10-16,h10v09,86.0,735.0,0.5273,2376.0,1.0,0b0000100101001000,0b00,VI produced with good quality,0b0010,Decreasing quality,0b01,Low,0b1,Yes,0b0,No,0b0,No,0b001,Land (Nothing else but land),0b0,No,0b0,No,0b00000000000000000000000000000001,0b00000000000000000000000000000001,"Marginal data, Useful, but look at other QA information"
City,Quito,-0.1807,-78.4678,2013-11-01,h10v09,86.0,735.0,0.5551,35152.0,1.0,0b1000100101010000,0b00,VI produced with good quality,0b0100,Decreasing quality,0b01,Low,0b1,Yes,0b0,No,0b0,No,0b001,Land (Nothing else but land),0b0,No,0b1,Yes,0b00000000000000000000000000000001,0b00000000000000000000000000000001,"Marginal data, Useful, but look at other QA information"
City,Quito,-0.1807,-78.4678,2013-11-17,h10v09,86.0,735.0,0.521,2189.0,1.0,0b0000100010001101,0b01,"VI produced, but check other QA",0b0011,Decreasing quality,0b10,Average,0b0,No,0b0,No,0b0,No,0b001,Land (Nothing else but land),0b0,No,0b0,No,0b00000000000000000000000000000001,0b00000000000000000000000000000001,"Marginal data, Useful, but look at other QA information"
City,Quito,-0.1807,-78.4678,2013-12-03,h10v09,86.0,735.0,0.2809,2062.0,3.0,0b0000100000001110,0b10,"Pixel produced, but most probably cloudy",0b0011,Decreasing quality,0b00,Climatology,0b0,No,0b0,No,0b0,No,0b001,Land (Nothing else but land),0b0,No,0b0,No,0b00000000000000000000000000000011,0b00000000000000000000000000000011,"Cloudy data, Target not visible, covered with cloud"
City,Quito,-0.1807,-78.4678,2013-12-19,h10v09,86.0,735.0,0.5547,35152.0,1.0,0b1000100101010000,0b00,VI produced with good quality,0b0100,Decreasing quality,0b01,Low,0b1,Yes,0b0,No,0b0,No,0b001,Land (Nothing else but land),0b0,No,0b1,Yes,0b00000000000000000000000000000001,0b00000000000000000000000000000001,"Marginal data, Useful, but look at other QA information"
City,Quito,-0.1807,-78.4678,2014-01-01,h10v09,86.0,735.0,0.5315,2376.0,1.0,0b0000100101001000,0b00,VI produced with good quality,0b0010,Decreasing quality,0b01,Low,0b1,Yes,0b0,No,0b0,No,0b001,Land (Nothing else but land),0b0,No,0b0,No,0b00000000000000000000000000000001,0b00000000000000000000000000000001,"Marginal data, Useful, but look at other QA information"
City,Quito,-0.1807,-78.4678,2014-01-17,h10v09,86.0,735.0,0.6781,35221.0,1.0,0b1000100110010101,0b01,"VI produced, but check other QA",0b0101,Decreasing quality,0b10,Average,0b1,Yes,0b0,No,0b0,No,0b001,Land (Nothing else but land),0b0,No,0b1,Yes,0b00000000000000000000000000000001,0b00000000000000000000000000000001,"Marginal data, Useful, but look at other QA information"
City,Quito,-0.1807,-78.4678,2014-02-02,h10v09,86.0,735.0,0.5753,2376.0,1.0,0b0000100101001000,0b00,VI produced with good quality,0b0010,Decreasing quality,0b01,Low,0b1,Yes,0b0,No,0b0,No,0b001,Land (Nothing else but land),0b0,No,0b0,No,0b00000000000000000000000000000001,0b00000000000000000000000000000001,"Marginal data, Useful, but look at other QA information"
City,Quito,-0.1807,-78.4678,2014-02-18,h10v09,86.0,735.0,0.4346,2066.0,3.0,0b0000100000010010,0b10,"Pixel produced, but most probably cloudy",0b0100,Decreasing quality,0b00,Climatology,0b0,No,0b0,No,0b0,No,0b001,Land (Nothing else but land),0b0,No,0b0,No,0b00000000000000000000000000000011,0b00000000000000000000000000000011,"Cloudy data, Target not visible, covered with cloud"
City,Quito,-0.1807,-78.4678,2014-03-06,h10v09,86.0,735.0,0.2177,2062.0,3.0,0b0000100000001110,0b10,"Pixel produced, but most probably cloudy",0b0011,Decreasing quality,0b00,Climatology,0b0,No,0b0,No,0b0,No,0b001,Land (Nothing else but land),0b0,No,0b0,No,0b00000000000000000000000000000011,0b00000000000000000000000000000011,"Cloudy data, Target not visible, covered with cloud"
City,Quito,-0.1807,-78.4678,2014-03-22,h10v09,86.0,735.0,0.523,2376.0,1.0,0b0000100101001000,0b00,VI produced with good quality,0b0010,Decreasing quality,0b01,Low,0b1,Yes,0b0,No,0b0,No,0b001,Land (Nothing else but land),0b0,No,0b0,No,0b00000000000000000000000000000001,0b00000000000000000000000000000001,"Marginal data, Useful, but look at other QA information"
City,Quito,-0.1807,-78.4678,2014-04-07,h10v09,86.0,735.0,0.5985,2445.0,1.0,0b0000100110001101,0b01,"VI produced, but check other QA",0b0011,Decreasing quality,0b10,Average,0b1,Yes,0b0,No,0b0,No,0b001,Land (Nothing else but land),0b0,No,0b0,No,0b00000000000000000000000000000001,0b00000000000000000000000000000001,"Marginal data, Useful, but look at other QA information"
City,Quito,-0.1807,-78.4678,2014-04-23,h10v09,86.0,735.0,0.5043,2062.0,3.0,0b0000100000001110,0b10,"Pixel produced, but most probably cloudy",0b0011,Decreasing quality,0b00,Climatology,0b0,No,0b0,No,0b0,No,0b001,Land (Nothing else but land),0b0,No,0b0,No,0b00000000000000000000000000000011,0b00000000000000000000000000000011,"Cloudy data, Target not visible, covered with cloud"
City,Quito,-0.1807,-78.4678,2014-05-09,h10v09,86.0,735.0,0.6682,2376.0,1.0,0b0000100101001000,0b00,VI produced with good quality,0b0010,Decreasing quality,0b01,Low,0b1,Yes,0b0,No,0b0,No,0b001,Land (Nothing else but land),0b0,No,0b0,No,0b00000000000000000000000000000001,0b00000000000000000000000000000001,"Marginal data, Useful, but look at other QA information"
City,Quito,-0.1807,-78.4678,2014-05-25,h10v09,86.0,735.0,0.7061,2066.0,3.0,0b0000100000010010,0b10,"Pixel produced, but most probably cloudy",0b0100,Decreasing quality,0b00,Climatology,0b0,No,0b0,No,0b0,No,0b001,Land (Nothing else but land),0b0,No,0b0,No,0b00000000000000000000000000000011,0b00000000000000000000000000000011,"Cloudy data, Target not visible, covered with cloud"
City,Quito,-0.1807,-78.4678,2014-06-10,h10v09,86.0,735.0,0.5363,2380.0,1.0,0b0000100101001100,0b00,VI produced with good quality,0b0011,Decreasing quality,0b01,Low,0b1,Yes,0b0,No,0b0,No,0b001,Land (Nothing else but land),0b0,No,0b0,No,0b00000000000000000000000000000001,0b00000000000000000000000000000001,"Marginal data, Useful, but look at other QA information"
City,Quito,-0.1807,-78.4678,2014-06-26,h10v09,86.0,735.0,0.5186,35225.0,1.0,0b1000100110011001,0b01,"VI produced, but check other QA",0b0110,Decreasing quality,0b10,Average,0b1,Yes,0b0,No,0b0,No,0b001,Land (Nothing else but land),0b0,No,0b1,Yes,0b00000000000000000000000000000001,0b00000000000000000000000000000001,"Marginal data, Useful, but look at other QA information"
City,Quito,-0.1807,-78.4678,2014-07-12,h10v09,86.0,735.0,0.4916,2376.0,1.0,0b0000100101001000,0b00,VI produced with good quality,0b0010,Decreasing quality,0b01,Low,0b1,Yes,0b0,No,0b0,No,0b001,Land (Nothing else but land),0b0,No,0b0,No,0b00000000000000000000000000000001,0b00000000000000000000000000000001,"Marginal data, Useful, but look at other QA information"
City,Quito,-0.1807,-78.4678,2014-07-28,h10v09,86.0,735.0,0.4549,2376.0,1.0,0b0000100101001000,0b00,VI produced with good quality,0b0010,Decreasing quality,0b01,Low,0b1,Yes,0b0,No,0b0,No,0b001,Land (Nothing else but land),0b0,No,0b0,No,0b00000000000000000000000000000001,0b00000000000000000000000000000001,"Marginal data, Useful, but look at other QA information"
City,Quito,-0.1807,-78.4678,2014-08-13,h10v09,86.0,735.0,0.4057,2062.0,3.0,0b0000100000001110,0b10,"Pixel produced, but most probably cloudy",0b0011,Decreasing quality,0b00,Climatology,0b0,No,0b0,No,0b0,No,0b001,Land (Nothing else but land),0b0,No,0b0,No,0b00000000000000000000000000000011,0b00000000000000000000000000000011,"Cloudy data, Target not visible, covered with cloud"
City,Quito,-0.1807,-78.4678,2014-08-29,h10v09,86.0,735.0,0.3757,2376.0,1.0,0b0000100101001000,0b00,VI produced with good quality,0b0010,Decreasing quality,0b01,Low,0b1,Yes,0b0,No,0b0,No,0b001,Land (Nothing else but land),0b0,No,0b0,No,0b00000000000000000000000000000001,0b00000000000000000000000000000001,"Marginal data, Useful, but look at other QA information"
City,Quito,-0.1807,-78.4678,2014-09-14,h10v09,86.0,735.0,0.4356,2376.0,1.0,0b0000100101001000,0b00,VI produced with good quality,0b0010,Decreasing quality,0b01,Low,0b1,Yes,0b0,No,0b0,No,0b001,Land (Nothing else but land),0b0,No,0b0,No,0b00000000000000000000000000000001,0b00000000000000000000000000000001,"Marginal data, Useful, but look at other QA information"
City,Quito,-0.1807,-78.4678,2014-09-30,h10v09,86.0,735.0,0.4294,2376.0,1.0,0b0000100101001000,0b00,VI produced with good quality,0b0010,Decreasing quality,0b01,Low,0b1,Yes,0b0,No,0b0,No,0b001,Land (Nothing else but land),0b0,No,0b0,No,0b00000000000000000000000000000001,0b00000000000000000000000000000001,"Marginal data, Useful, but look at other QA information"
City,Quito,-0.1807,-78.4678,2014-10-16,h10v09,86.0,735.0,0.5505,2376.0,1.0,0b0000100101001000,0b00,VI produced with good quality,0b0010,Decreasing quality,0b01,Low,0b1,Yes,0b0,No,0b0,No,0b001,Land (Nothing else but land),0b0,No,0b0,No,0b00000000000000000000000000000001,0b00000000000000000000000000000001,"Marginal data, Useful, but look at other QA information"
City,Quito,-0.1807,-78.4678,2014-11-01,h10v09,86.0,735.0,0.6025,2376.0,1.0,0b0000100101001000,0b00,VI produced with good quality,0b0010,Decreasing quality,0b01,Low,0b1,Yes,0b0,No,0b0,No,0b001,Land (Nothing else but land),0b0,No,0b0,No,0b00000000000000000000000000000001,0b00000000000000000000000000000001,"Marginal data, Useful, but look at other QA information"
City,Quito,-0.1807,-78.4678,2014-11-17,h10v09,86.0,735.0,0.6314,2376.0,1.0,0b0000100101001000,0b00,VI produced with good quality,0b0010,Decreasing quality,0b01,Low,0b1,Yes,0b0,No,0b0,No,0b001,Land (Nothing else but land),0b0,No,0b0,No,0b00000000000000000000000000000001,0b00000000000000000000000000000001,"Marginal data, Useful, but look at other QA information"
City,Quito,-0.1807,-78.4678,2014-12-03,h10v09,86.0,735.0,0.633,2376.0,1.0,0b0000100101001000,0b00,VI produced with good quality,0b0010,Decreasing quality,0b01,Low,0b1,Yes,0b0,No,0b0,No,0b001,Land (Nothing else but land),0b0,No,0b0,No,0b00000000000000000000000000000001,0b00000000000000000000000000000001,"Marginal data, Useful, but look at other QA information"
City,Quito,-0.1807,-78.4678,2014-12-19,h10v09,86.0,735.0,0.6113,2116.0,0.0,0b0000100001000100,0b00,VI produced with good quality,0b0001,Lower quality,0b01,Low,0b0,No,0b0,No,0b0,No,0b001,Land (Nothing else but land),0b0,No,0b0,No,0b00000000000000000000000000000000,0b00000000000000000000000000000000,"Good data, use with confidence"
City,Quito,-0.1807,-78.4678,2015-01-01,h10v09,86.0,735.0,0.6081,2376.0,1.0,0b0000100101001000,0b00,VI produced with good quality,0b0010,Decreasing quality,0b01,Low,0b1,Yes,0b0,No,0b0,No,0b001,Land (Nothing else but land),0b0,No,0b0,No,0b00000000000000000000000000000001,0b00000000000000000000000000000001,"Marginal data, Useful, but look at other QA information"
City,Quito,-0.1807,-78.4678,2015-01-17,h10v09,86.0,735.0,0.5494,2376.0,1.0,0b0000100101001000,0b00,VI produced with good quality,0b0010,Decreasing quality,0b01,Low,0b1,Yes,0b0,No,0b0,No,0b001,Land (Nothing else but land),0b0,No,0b0,No,0b00000000000000000000000000000001,0b00000000000000000000000000000001,"Marginal data, Useful, but look at other QA information"
City,Quito,-0.1807,-78.4678,2015-02-02,h10v09,86.0,735.0,0.6134,2376.0,1.0,0b0000100101001000,0b00,VI produced with good quality,0b0010,Decreasing quality,0b01,Low,0b1,Yes,0b0,No,0b0,No,0b001,Land (Nothing else but land),0b0,No,0b0,No,0b00000000000000000000000000000001,0b00000000000000000000000000000001,"Marginal data, Useful, but look at other QA information"
City,Quito,-0.1807,-78.4678,2015-02-18,h10v09,86.0,735.0,0.5067,2376.0,1.0,0b0000100101001000,0b00,VI produced with good quality,0b0010,Decreasing quality,0b01,Low,0b1,Yes,0b0,No,0b0,No,0b001,Land (Nothing else but land),0b0,No,0b0,No,0b00000000000000000000000000000001,0b00000000000000000000000000000001,"Marginal data, Useful, but look at other QA information"
City,Quito,-0.1807,-78.4678,2015-03-06,h10v09,86.0,735.0,0.6136,2376.0,1.0,0b0000100101001000,0b00,VI produced with good quality,0b0010,Decreasing quality,0b01,Low,0b1,Yes,0b0,No,0b0,No,0b001,Land (Nothing else but land),0b0,No,0b0,No,0b00000000000000000000000000000001,0b00000000000000000000000000000001,"Marginal data, Useful, but look at other QA information"
City,Quito,-0.1807,-78.4678,2015-03-22,h10v09,86.0,735.0,0.594,35221.0,1.0,0b1000100110010101,0b01,"VI produced, but check other QA",0b0101,Decreasing quality,0b10,Average,0b1,Yes,0b0,No,0b0,No,0b001,Land (Nothing else but land),0b0,No,0b1,Yes,0b00000000000000000000000000000001,0b00000000000000000000000000000001,"Marginal data, Useful, but look at other QA information"
City,Quito,-0.1807,-78.4678,2015-04-07,h10v09,86.0,735.0,0.577,2445.0,1.0,0b0000100110001101,0b01,"VI produced, but check other QA",0b0011,Decreasing quality,0b10,Average,0b1,Yes,0b0,No,0b0,No,0b001,Land (Nothing else but land),0b0,No,0b0,No,0b00000000000000000000000000000001,0b00000000000000000000000000000001,"Marginal data, Useful, but look at other QA information"
City,Quito,-0.1807,-78.4678,2015-04-23,h10v09,86.0,735.0,0.6536,2376.0,1.0,0b0000100101001000,0b00,VI produced with good quality,0b0010,Decreasing quality,0b01,Low,0b1,Yes,0b0,No,0b0,No,0b001,Land (Nothing else but land),0b0,No,0b0,No,0b00000000000000000000000000000001,0b00000000000000000000000000000001,"Marginal data, Useful, but look at other QA information"
City,Quito,-0.1807,-78.4678,2015-05-09,h10v09,86.0,735.0,0.6546,2376.0,1.0,0b0000100101001000,0b00,VI produced with good quality,0b0010,Decreasing quality,0b01,Low,0b1,Yes,0b0,No,0b0,No,0b001,Land (Nothing else but land),0b0,No,0b0,No,0b00000000000000000000000000000001,0b00000000000000000000000000000001,"Marginal data, Useful, but look at other QA information"
City,Quito,-0.1807,-78.4678,2015-05-25,h10v09,86.0,735.0,0.5416,35221.0,1.0,0b1000100110010101,0b01,"VI produced, but check other QA",0b0101,Decreasing quality,0b10,Average,0b1,Yes,0b0,No,0b0,No,0b001,Land (Nothing else but land),0b0,No,0b1,Yes,0b00000000000000000000000000000001,0b00000000000000000000000000000001,"Marginal data, Useful, but look at other QA information"
City,Quito,-0.1807,-78.4678,2015-06-10,h10v09,86.0,735.0,0.5197,2376.0,1.0,0b0000100101001000,0b00,VI produced with good quality,0b0010,Decreasing quality,0b01,Low,0b1,Yes,0b0,No,0b0,No,0b001,Land (Nothing else but land),0b0,No,0b0,No,0b00000000000000000000000000000001,0b00000000000000000000000000000001,"Marginal data, Useful, but look at other QA information"
City,Quito,-0.1807,-78.4678,2015-06-26,h10v09,86.0,735.0,0.501,2116.0,0.0,0b0000100001000100,0b00,VI produced with good quality,0b0001,Lower quality,0b01,Low,0b0,No,0b0,No,0b0,No,0b001,Land (Nothing else but land),0b0,No,0b0,No,0b00000000000000000000000000000000,0b00000000000000000000000000000000,"Good data, use with confidence"
City,Quito,-0.1807,-78.4678,2015-07-12,h10v09,86.0,735.0,0.489,2376.0,1.0,0b0000100101001000,0b00,VI produced with good quality,0b0010,Decreasing quality,0b01,Low,0b1,Yes,0b0,No,0b0,No,0b001,Land (Nothing else but land),0b0,No,0b0,No,0b00000000000000000000000000000001,0b00000000000000000000000000000001,"Marginal data, Useful, but look at other QA information"
City,Quito,-0.1807,-78.4678,2015-07-28,h10v09,86.0,735.0,0.5503,2189.0,1.0,0b0000100010001101,0b01,"VI produced, but check other QA",0b0011,Decreasing quality,0b10,Average,0b0,No,0b0,No,0b0,No,0b001,Land (Nothing else but land),0b0,No,0b0,No,0b00000000000000000000000000000001,0b00000000000000000000000000000001,"Marginal data, Useful, but look at other QA information"
City,Quito,-0.1807,-78.4678,2015-08-13,h10v09,86.0,735.0,0.423,2376.0,1.0,0b0000100101001000,0b00,VI produced with good quality,0b0010,Decreasing quality,0b01,Low,0b1,Yes,0b0,No,0b0,No,0b001,Land (Nothing else but land),0b0,No,0b0,No,0b00000000000000000000000000000001,0b00000000000000000000000000000001,"Marginal data, Useful, but look at other QA information"
City,Quito,-0.1807,-78.4678,2015-08-29,h10v09,86.0,735.0,0.3519,2445.0,1.0,0b0000100110001101,0b01,"VI produced, but check other QA",0b0011,Decreasing quality,0b10,Average,0b1,Yes,0b0,No,0b0,No,0b001,Land (Nothing else but land),0b0,No,0b0,No,0b00000000000000000000000000000001,0b00000000000000000000000000000001,"Marginal data, Useful, but look at other QA information"
City,Quito,-0.1807,-78.4678,2015-09-14,h10v09,86.0,735.0,0.3373,2062.0,3.0,0b0000100000001110,0b10,"Pixel produced, but most probably cloudy",0b0011,Decreasing quality,0b00,Climatology,0b0,No,0b0,No,0b0,No,0b001,Land (Nothing else but land),0b0,No,0b0,No,0b00000000000000000000000000000011,0b00000000000000000000000000000011,"Cloudy data, Target not visible, covered with cloud"
City,Quito,-0.1807,-78.4678,2015-09-30,h10v09,86.0,735.0,0.2729,2376.0,1.0,0b0000100101001000,0b00,VI produced with good quality,0b0010,Decreasing quality,0b01,Low,0b1,Yes,0b0,No,0b0,No,0b001,Land (Nothing else but land),0b0,No,0b0,No,0b00000000000000000000000000000001,0b00000000000000000000000000000001,"Marginal data, Useful, but look at other QA information"
City,Quito,-0.1807,-78.4678,2015-10-16,h10v09,86.0,735.0,0.4672,35221.0,1.0,0b1000100110010101,0b01,"VI produced, but check other QA",0b0101,Decreasing quality,0b10,Average,0b1,Yes,0b0,No,0b0,No,0b001,Land (Nothing else but land),0b0,No,0b1,Yes,0b00000000000000000000000000000001,0b00000000000000000000000000000001,"Marginal data, Useful, but look at other QA information"
City,Quito,-0.1807,-78.4678,2015-11-01,h10v09,86.0,735.0,0.577,2185.0,1.0,0b0000100010001001,0b01,"VI produced, but check other QA",0b0010,Decreasing quality,0b10,Average,0b0,No,0b0,No,0b0,No,0b001,Land (Nothing else but land),0b0,No,0b0,No,0b00000000000000000000000000000001,0b00000000000000000000000000000001,"Marginal data, Useful, but look at other QA information"
City,Quito,-0.1807,-78.4678,2015-11-17,h10v09,86.0,735.0,0.5754,2376.0,1.0,0b0000100101001000,0b00,VI produced with good quality,0b0010,Decreasing quality,0b01,Low,0b1,Yes,0b0,No,0b0,No,0b001,Land (Nothing else but land),0b0,No,0b0,No,0b00000000000000000000000000000001,0b00000000000000000000000000000001,"Marginal data, Useful, but look at other QA information"
City,Quito,-0.1807,-78.4678,2015-12-03,h10v09,86.0,735.0,0.5185,2376.0,1.0,0b0000100101001000,0b00,VI produced with good quality,0b0010,Decreasing quality,0b01,Low,0b1,Yes,0b0,No,0b0,No,0b001,Land (Nothing else but land),0b0,No,0b0,No,0b00000000000000000000000000000001,0b00000000000000000000000000000001,"Marginal data, Useful, but look at other QA information"
City,Quito,-0.1807,-78.4678,2015-12-19,h10v09,86.0,735.0,0.5681,35152.0,1.0,0b1000100101010000,0b00,VI produced with good quality,0b0100,Decreasing quality,0b01,Low,0b1,Yes,0b0,No,0b0,No,0b001,Land (Nothing else but land),0b0,No,0b1,Yes,0b00000000000000000000000000000001,0b00000000000000000000000000000001,"Marginal data, Useful, but look at other QA information"
City,Quito,-0.1807,-78.4678,2016-01-01,h10v09,86.0,735.0,0.5717,2376.0,1.0,0b0000100101001000,0b00,VI produced with good quality,0b0010,Decreasing quality,0b01,Low,0b1,Yes,0b0,No,0b0,No,0b001,Land (Nothing else but land),0b0,No,0b0,No,0b00000000000000000000000000000001,0b00000000000000000000000000000001,"Marginal data, Useful, but look at other QA information"
City,Quito,-0.1807,-78.4678,2016-01-17,h10v09,86.0,735.0,0.6155,2445.0,1.0,0b0000100110001101,0b01,"VI produced, but check other QA",0b0011,Decreasing quality,0b10,Average,0b1,Yes,0b0,No,0b0,No,0b001,Land (Nothing else but land),0b0,No,0b0,No,0b00000000000000000000000000000001,0b00000000000000000000000000000001,"Marginal data, Useful, but look at other QA information"
City,Quito,-0.1807,-78.4678,2016-02-02,h10v09,86.0,735.0,0.4538,2376.0,1.0,0b0000100101001000,0b00,VI produced with good quality,0b0010,Decreasing quality,0b01,Low,0b1,Yes,0b0,No,0b0,No,0b001,Land (Nothing else but land),0b0,No,0b0,No,0b00000000000000000000000000000001,0b00000000000000000000000000000001,"Marginal data, Useful, but look at other QA information"
City,Quito,-0.1807,-78.4678,2016-02-18,h10v09,86.0,735.0,0.0605,2062.0,3.0,0b0000100000001110,0b10,"Pixel produced, but most probably cloudy",0b0011,Decreasing quality,0b00,Climatology,0b0,No,0b0,No,0b0,No,0b001,Land (Nothing else but land),0b0,No,0b0,No,0b00000000000000000000000000000011,0b00000000000000000000000000000011,"Cloudy data, Target not visible, covered with cloud"
City,Quito,-0.1807,-78.4678,2016-03-05,h10v09,86.0,735.0,0.5612,2376.0,1.0,0b0000100101001000,0b00,VI produced with good quality,0b0010,Decreasing quality,0b01,Low,0b1,Yes,0b0,No,0b0,No,0b001,Land (Nothing else but land),0b0,No,0b0,No,0b00000000000000000000000000000001,0b00000000000000000000000000000001,"Marginal data, Useful, but look at other QA information"
City,Quito,-0.1807,-78.4678,2016-03-21,h10v09,86.0,735.0,0.6578,2376.0,1.0,0b0000100101001000,0b00,VI produced with good quality,0b0010,Decreasing quality,0b01,Low,0b1,Yes,0b0,No,0b0,No,0b001,Land (Nothing else but land),0b0,No,0b0,No,0b00000000000000000000000000000001,0b00000000000000000000000000000001,"Marginal data, Useful, but look at other QA information"
City,Quito,-0.1807,-78.4678,2016-04-06,h10v09,86.0,735.0,0.5652,2445.0,1.0,0b0000100110001101,0b01,"VI produced, but check other QA",0b0011,Decreasing quality,0b10,Average,0b1,Yes,0b0,No,0b0,No,0b001,Land (Nothing else but land),0b0,No,0b0,No,0b00000000000000000000000000000001,0b00000000000000000000000000000001,"Marginal data, Useful, but look at other QA information"
City,Quito,-0.1807,-78.4678,2016-04-22,h10v09,86.0,735.0,0.6339,2376.0,1.0,0b0000100101001000,0b00,VI produced with good quality,0b0010,Decreasing quality,0b01,Low,0b1,Yes,0b0,No,0b0,No,0b001,Land (Nothing else but land),0b0,No,0b0,No,0b00000000000000000000000000000001,0b00000000000000000000000000000001,"Marginal data, Useful, but look at other QA information"
City,Quito,-0.1807,-78.4678,2016-05-08,h10v09,86.0,735.0,0.5015,2189.0,1.0,0b0000100010001101,0b01,"VI produced, but check other QA",0b0011,Decreasing quality,0b10,Average,0b0,No,0b0,No,0b0,No,0b001,Land (Nothing else but land),0b0,No,0b0,No,0b00000000000000000000000000000001,0b00000000000000000000000000000001,"Marginal data, Useful, but look at other QA information"
City,Quito,-0.1807,-78.4678,2016-05-24,h10v09,86.0,735.0,0.6445,2376.0,1.0,0b0000100101001000,0b00,VI produced with good quality,0b0010,Decreasing quality,0b01,Low,0b1,Yes,0b0,No,0b0,No,0b001,Land (Nothing else but land),0b0,No,0b0,No,0b00000000000000000000000000000001,0b00000000000000000000000000000001,"Marginal data, Useful, but look at other QA information"
City,Quito,-0.1807,-78.4678,2016-06-09,h10v09,86.0,735.0,0.5798,2376.0,1.0,0b0000100101001000,0b00,VI produced with good quality,0b0010,Decreasing quality,0b01,Low,0b1,Yes,0b0,No,0b0,No,0b001,Land (Nothing else but land),0b0,No,0b0,No,0b00000000000000000000000000000001,0b00000000000000000000000000000001,"Marginal data, Useful, but look at other QA information"
City,Quito,-0.1807,-78.4678,2016-06-25,h10v09,86.0,735.0,0.6042,2376.0,1.0,0b0000100101001000,0b00,VI produced with good quality,0b0010,Decreasing quality,0b01,Low,0b1,Yes,0b0,No,0b0,No,0b001,Land (Nothing else but land),0b0,No,0b0,No,0b00000000000000000000000000000001,0b00000000000000000000000000000001,"Marginal data, Useful, but look at other QA information"
City,Quito,-0.1807,-78.4678,2016-07-11,h10v09,86.0,735.0,0.5741,2116.0,0.0,0b0000100001000100,0b00,VI produced with good quality,0b0001,Lower quality,0b01,Low,0b0,No,0b0,No,0b0,No,0b001,Land (Nothing else but land),0b0,No,0b0,No,0b00000000000000000000000000000000,0b00000000000000000000000000000000,"Good data, use with confidence"
City,Quito,-0.1807,-78.4678,2016-07-27,h10v09,86.0,735.0,0.4843,2376.0,1.0,0b0000100101001000,0b00,VI produced with good quality,0b0010,Decreasing quality,0b01,Low,0b1,Yes,0b0,No,0b0,No,0b001,Land (Nothing else but land),0b0,No,0b0,No,0b00000000000000000000000000000001,0b00000000000000000000000000000001,"Marginal data, Useful, but look at other QA information"
City,Quito,-0.1807,-78.4678,2016-08-12,h10v09,86.0,735.0,0.4047,2376.0,1.0,0b0000100101001000,0b00,VI produced with good quality,0b0010,Decreasing quality,0b01,Low,0b1,Yes,0b0,No,0b0,No,0b001,Land (Nothing else but land),0b0,No,0b0,No,0b00000000000000000000000000000001,0b00000000000000000000000000000001,"Marginal data, Useful, but look at other QA information"
City,Quito,-0.1807,-78.4678,2016-08-28,h10v09,86.0,735.0,0.415,2376.0,1.0,0b0000100101001000,0b00,VI produced with good quality,0b0010,Decreasing quality,0b01,Low,0b1,Yes,0b0,No,0b0,No,0b001,Land (Nothing else but land),0b0,No,0b0,No,0b00000000000000000000000000000001,0b00000000000000000000000000000001,"Marginal data, Useful, but look at other QA information"
City,Quito,-0.1807,-78.4678,2016-09-13,h10v09,86.0,735.0,0.3242,2445.0,1.0,0b0000100110001101,0b01,"VI produced, but check other QA",0b0011,Decreasing quality,0b10,Average,0b1,Yes,0b0,No,0b0,No,0b001,Land (Nothing else but land),0b0,No,0b0,No,0b00000000000000000000000000000001,0b00000000000000000000000000000001,"Marginal data, Useful, but look at other QA information"
City,Quito,-0.1807,-78.4678,2016-09-29,h10v09,86.0,735.0,0.4619,35152.0,1.0,0b1000100101010000,0b00,VI produced with good quality,0b0100,Decreasing quality,0b01,Low,0b1,Yes,0b0,No,0b0,No,0b001,Land (Nothing else but land),0b0,No,0b1,Yes,0b00000000000000000000000000000001,0b00000000000000000000000000000001,"Marginal data, Useful, but look at other QA information"
City,Quito,-0.1807,-78.4678,2016-10-15,h10v09,86.0,735.0,0.431,35221.0,1.0,0b1000100110010101,0b01,"VI produced, but check other QA",0b0101,Decreasing quality,0b10,Average,0b1,Yes,0b0,No,0b0,No,0b001,Land (Nothing else but land),0b0,No,0b1,Yes,0b00000000000000000000000000000001,0b00000000000000000000000000000001,"Marginal data, Useful, but look at other QA information"
City,Quito,-0.1807,-78.4678,2016-10-31,h10v09,86.0,735.0,0.5286,2376.0,1.0,0b0000100101001000,0b00,VI produced with good quality,0b0010,Decreasing quality,0b01,Low,0b1,Yes,0b0,No,0b0,No,0b001,Land (Nothing else but land),0b0,No,0b0,No,0b00000000000000000000000000000001,0b00000000000000000000000000000001,"Marginal data, Useful, but look at other QA information"
City,Quito,-0.1807,-78.4678,2016-11-16,h10v09,86.0,735.0,0.5542,2376.0,1.0,0b0000100101001000,0b00,VI produced with good quality,0b0010,Decreasing quality,0b01,Low,0b1,Yes,0b0,No,0b0,No,0b001,Land (Nothing else but land),0b0,No,0b0,No,0b00000000000000000000000000000001,0b00000000000000000000000000000001,"Marginal data, Useful, but look at other QA information"
City,Quito,-0.1807,-78.4678,2016-12-02,h10v09,86.0,735.0,0.6876,2449.0,1.0,0b0000100110010001,0b01,"VI produced, but check other QA",0b0100,Decreasing quality,0b10,Average,0b1,Yes,0b0,No,0b0,No,0b001,Land (Nothing else but land),0b0,No,0b0,No,0b00000000000000000000000000000001,0b00000000000000000000000000000001,"Marginal data, Useful, but look at other QA information"
City,Quito,-0.1807,-78.4678,2016-12-18,h10v09,86.0,735.0,0.7508,2376.0,1.0,0b0000100101001000,0b00,VI produced with good quality,0b0010,Decreasing quality,0b01,Low,0b1,Yes,0b0,No,0b0,No,0b001,Land (Nothing else but land),0b0,No,0b0,No,0b00000000000000000000000000000001,0b00000000000000000000000000000001,"Marginal data, Useful, but look at other QA information"
City,Quito,-0.1807,-78.4678,2017-01-01,h10v09,86.0,735.0,0.699,2116.0,0.0,0b0000100001000100,0b00,VI produced with good quality,0b0001,Lower quality,0b01,Low,0b0,No,0b0,No,0b0,No,0b001,Land (Nothing else but land),0b0,No,0b0,No,0b00000000000000000000000000000000,0b00000000000000000000000000000000,"Good data, use with confidence"
City,Quito,-0.1807,-78.4678,2017-01-17,h10v09,86.0,735.0,0.536,2376.0,1.0,0b0000100101001000,0b00,VI produced with good quality,0b0010,Decreasing quality,0b01,Low,0b1,Yes,0b0,No,0b0,No,0b001,Land (Nothing else but land),0b0,No,0b0,No,0b00000000000000000000000000000001,0b00000000000000000000000000000001,"Marginal data, Useful, but look at other QA information"
City,Quito,-0.1807,-78.4678,2017-02-02,h10v09,86.0,735.0,0.6759,2066.0,3.0,0b0000100000010010,0b10,"Pixel produced, but most probably cloudy",0b0100,Decreasing quality,0b00,Climatology,0b0,No,0b0,No,0b0,No,0b001,Land (Nothing else but land),0b0,No,0b0,No,0b00000000000000000000000000000011,0b00000000000000000000000000000011,"Cloudy data, Target not visible, covered with cloud"
City,Quito,-0.1807,-78.4678,2017-02-18,h10v09,86.0,735.0,0.0611,2062.0,3.0,0b0000100000001110,0b10,"Pixel produced, but most probably cloudy",0b0011,Decreasing quality,0b00,Climatology,0b0,No,0b0,No,0b0,No,0b001,Land (Nothing else but land),0b0,No,0b0,No,0b00000000000000000000000000000011,0b00000000000000000000000000000011,"Cloudy data, Target not visible, covered with cloud"
City,Quito,-0.1807,-78.4678,2017-03-06,h10v09,86.0,735.0,0.1011,2062.0,3.0,0b0000100000001110,0b10,"Pixel produced, but most probably cloudy",0b0011,Decreasing quality,0b00,Climatology,0b0,No,0b0,No,0b0,No,0b001,Land (Nothing else but land),0b0,No,0b0,No,0b00000000000000000000000000000011,0b00000000000000000000000000000011,"Cloudy data, Target not visible, covered with cloud"
City,Quito,-0.1807,-78.4678,2017-03-22,h10v09,86.0,735.0,0.5662,2062.0,3.0,0b0000100000001110,0b10,"Pixel produced, but most probably cloudy",0b0011,Decreasing quality,0b00,Climatology,0b0,No,0b0,No,0b0,No,0b001,Land (Nothing else but land),0b0,No,0b0,No,0b00000000000000000000000000000011,0b00000000000000000000000000000011,"Cloudy data, Target not visible, covered with cloud"
City,Quito,-0.1807,-78.4678,2017-04-07,h10v09,86.0,735.0,0.6643,35152.0,1.0,0b1000100101010000,0b00,VI produced with good quality,0b0100,Decreasing quality,0b01,Low,0b1,Yes,0b0,No,0b0,No,0b001,Land (Nothing else but land),0b0,No,0b1,Yes,0b00000000000000000000000000000001,0b00000000000000000000000000000001,"Marginal data, Useful, but look at other QA information"
City,Quito,-0.1807,-78.4678,2017-04-23,h10v09,86.0,735.0,0.6826,2376.0,1.0,0b0000100101001000,0b00,VI produced with good quality,0b0010,Decreasing quality,0b01,Low,0b1,Yes,0b0,No,0b0,No,0b001,Land (Nothing else but land),0b0,No,0b0,No,0b00000000000000000000000000000001,0b00000000000000000000000000000001,"Marginal data, Useful, but look at other QA information"
City,Quito,-0.1807,-78.4678,2017-05-09,h10v09,86.0,735.0,0.6565,2449.0,1.0,0b0000100110010001,0b01,"VI produced, but check other QA",0b0100,Decreasing quality,0b10,Average,0b1,Yes,0b0,No,0b0,No,0b001,Land (Nothing else but land),0b0,No,0b0,No,0b00000000000000000000000000000001,0b00000000000000000000000000000001,"Marginal data, Useful, but look at other QA information"
City,Quito,-0.1807,-78.4678,2017-05-25,h10v09,86.0,735.0,0.6493,2376.0,1.0,0b0000100101001000,0b00,VI produced with good quality,0b0010,Decreasing quality,0b01,Low,0b1,Yes,0b0,No,0b0,No,0b001,Land (Nothing else but land),0b0,No,0b0,No,0b00000000000000000000000000000001,0b00000000000000000000000000000001,"Marginal data, Useful, but look at other QA information"
City,Quito,-0.1807,-78.4678,2017-06-10,h10v09,86.0,735.0,0.6191,35152.0,1.0,0b1000100101010000,0b00,VI produced with good quality,0b0100,Decreasing quality,0b01,Low,0b1,Yes,0b0,No,0b0,No,0b001,Land (Nothing else but land),0b0,No,0b1,Yes,0b00000000000000000000000000000001,0b00000000000000000000000000000001,"Marginal data, Useful, but look at other QA information"
City,Quito,-0.1807,-78.4678,2017-06-26,h10v09,86.0,735.0,0.6759,2376.0,1.0,0b0000100101001000,0b00,VI produced with good quality,0b0010,Decreasing quality,0b01,Low,0b1,Yes,0b0,No,0b0,No,0b001,Land (Nothing else but land),0b0,No,0b0,No,0b00000000000000000000000000000001,0b00000000000000000000000000000001,"Marginal data, Useful, but look at other QA information"
City,Quito,-0.1807,-78.4678,2017-07-12,h10v09,86.0,735.0,0.6752,2120.0,1.0,0b0000100001001000,0b00,VI produced with good quality,0b0010,Decreasing quality,0b01,Low,0b0,No,0b0,No,0b0,No,0b001,Land (Nothing else but land),0b0,No,0b0,No,0b00000000000000000000000000000001,0b00000000000000000000000000000001,"Marginal data, Useful, but look at other QA information"
City,Quito,-0.1807,-78.4678,2017-07-28,h10v09,86.0,735.0,0.584,2445.0,1.0,0b0000100110001101,0b01,"VI produced, but check other QA",0b0011,Decreasing quality,0b10,Average,0b1,Yes,0b0,No,0b0,No,0b001,Land (Nothing else but land),0b0,No,0b0,No,0b00000000000000000000000000000001,0b00000000000000000000000000000001,"Marginal data, Useful, but look at other QA information"
City,Quito,-0.1807,-78.4678,2017-08-13,h10v09,86.0,735.0,0.4939,2376.0,1.0,0b0000100101001000,0b00,VI produced with good quality,0b0010,Decreasing quality,0b01,Low,0b1,Yes,0b0,No,0b0,No,0b001,Land (Nothing else but land),0b0,No,0b0,No,0b00000000000000000000000000000001,0b00000000000000000000000000000001,"Marginal data, Useful, but look at other QA information"
City,Quito,-0.1807,-78.4678,2017-08-29,h10v09,86.0,735.0,0.5396,2062.0,3.0,0b0000100000001110,0b10,"Pixel produced, but most probably cloudy",0b0011,Decreasing quality,0b00,Climatology,0b0,No,0b0,No,0b0,No,0b001,Land (Nothing else but land),0b0,No,0b0,No,0b00000000000000000000000000000011,0b00000000000000000000000000000011,"Cloudy data, Target not visible, covered with cloud"
City,Quito,-0.1807,-78.4678,2017-09-14,h10v09,86.0,735.0,0.5015,2376.0,1.0,0b0000100101001000,0b00,VI produced with good quality,0b0010,Decreasing quality,0b01,Low,0b1,Yes,0b0,No,0b0,No,0b001,Land (Nothing else but land),0b0,No,0b0,No,0b00000000000000000000000000000001,0b00000000000000000000000000000001,"Marginal data, Useful, but look at other QA information"
City,Quito,-0.1807,-78.4678,2017-09-30,h10v09,86.0,735.0,0.5803,2376.0,1.0,0b0000100101001000,0b00,VI produced with good quality,0b0010,Decreasing quality,0b01,Low,0b1,Yes,0b0,No,0b0,No,0b001,Land (Nothing else but land),0b0,No,0b0,No,0b00000000000000000000000000000001,0b00000000000000000000000000000001,"Marginal data, Useful, but look at other QA information"
City,Quito,-0.1807,-78.4678,2017-10-16,h10v09,86.0,735.0,0.5437,2445.0,1.0,0b0000100110001101,0b01,"VI produced, but check other QA",0b0011,Decreasing quality,0b10,Average,0b1,Yes,0b0,No,0b0,No,0b001,Land (Nothing else but land),0b0,No,0b0,No,0b00000000000000000000000000000001,0b00000000000000000000000000000001,"Marginal data, Useful, but look at other QA information"
City,Quito,-0.1807,-78.4678,2017-11-01,h10v09,86.0,735.0,0.5082,2445.0,1.0,0b0000100110001101,0b01,"VI produced, but check other QA",0b0011,Decreasing quality,0b10,Average,0b1,Yes,0b0,No,0b0,No,0b001,Land (Nothing else but land),0b0,No,0b0,No,0b00000000000000000000000000000001,0b00000000000000000000000000000001,"Marginal data, Useful, but look at other QA information"
City,Quito,-0.1807,-78.4678,2017-11-17,h10v09,86.0,735.0,0.5882,2376.0,1.0,0b0000100101001000,0b00,VI produced with good quality,0b0010,Decreasing quality,0b01,Low,0b1,Yes,0b0,No,0b0,No,0b001,Land (Nothing else but land),0b0,No,0b0,No,0b00000000000000000000000000000001,0b00000000000000000000000000000001,"Marginal data, Useful, but look at other QA information"
City,Quito,-0.1807,-78.4678,2017-12-03,h10v09,86.0,735.0,0.7166,2120.0,1.0,0b0000100001001000,0b00,VI produced with good quality,0b0010,Decreasing quality,0b01,Low,0b0,No,0b0,No,0b0,No,0b001,Land (Nothing else but land),0b0,No,0b0,No,0b00000000000000000000000000000001,0b00000000000000000000000000000001,"Marginal data, Useful, but look at other QA information"
City,Quito,-0.1807,-78.4678,2017-12-19,h10v09,86.0,735.0,0.6283,2449.0,1.0,0b0000100110010001,0b01,"VI produced, but check other QA",0b0100,Decreasing quality,0b10,Average,0b1,Yes,0b0,No,0b0,No,0b001,Land (Nothing else but land),0b0,No,0b0,No,0b00000000000000000000000000000001,0b00000000000000000000000000000001,"Marginal data, Useful, but look at other QA information"
City,Quito,-0.1807,-78.4678,2018-01-01,h10v09,86.0,735.0,0.7147,2116.0,0.0,0b0000100001000100,0b00,VI produced with good quality,0b0001,Lower quality,0b01,Low,0b0,No,0b0,No,0b0,No,0b001,Land (Nothing else but land),0b0,No,0b0,No,0b00000000000000000000000000000000,0b00000000000000000000000000000000,"Good data, use with confidence"
City,Quito,-0.1807,-78.4678,2018-01-17,h10v09,86.0,735.0,0.5953,2116.0,0.0,0b0000100001000100,0b00,VI produced with good quality,0b0001,Lower quality,0b01,Low,0b0,No,0b0,No,0b0,No,0b001,Land (Nothing else but land),0b0,No,0b0,No,0b00000000000000000000000000000000,0b00000000000000000000000000000000,"Good data, use with confidence"
City,Quito,-0.1807,-78.4678,2018-02-02,h10v09,86.0,735.0,0.5723,2062.0,3.0,0b0000100000001110,0b10,"Pixel produced, but most probably cloudy",0b0011,Decreasing quality,0b00,Climatology,0b0,No,0b0,No,0b0,No,0b001,Land (Nothing else but land),0b0,No,0b0,No,0b00000000000000000000000000000011,0b00000000000000000000000000000011,"Cloudy data, Target not visible, covered with cloud"
City,Quito,-0.1807,-78.4678,2018-02-18,h10v09,86.0,735.0,0.5933,2062.0,3.0,0b0000100000001110,0b10,"Pixel produced, but most probably cloudy",0b0011,Decreasing quality,0b00,Climatology,0b0,No,0b0,No,0b0,No,0b001,Land (Nothing else but land),0b0,No,0b0,No,0b00000000000000000000000000000011,0b00000000000000000000000000000011,"Cloudy data, Target not visible, covered with cloud"
City,Quito,-0.1807,-78.4678,2018-03-06,h10v09,86.0,735.0,0.6704,2376.0,1.0,0b0000100101001000,0b00,VI produced with good quality,0b0010,Decreasing quality,0b01,Low,0b1,Yes,0b0,No,0b0,No,0b001,Land (Nothing else but land),0b0,No,0b0,No,0b00000000000000000000000000000001,0b00000000000000000000000000000001,"Marginal data, Useful, but look at other QA information"
City,Quito,-0.1807,-78.4678,2018-03-22,h10v09,86.0,735.0,0.2424,2066.0,3.0,0b0000100000010010,0b10,"Pixel produced, but most probably cloudy",0b0100,Decreasing quality,0b00,Climatology,0b0,No,0b0,No,0b0,No,0b001,Land (Nothing else but land),0b0,No,0b0,No,0b00000000000000000000000000000011,0b00000000000000000000000000000011,"Cloudy data, Target not visible, covered with cloud"
City,Quito,-0.1807,-78.4678,2018-04-07,h10v09,86.0,735.0,0.6266,2116.0,0.0,0b0000100001000100,0b00,VI produced with good quality,0b0001,Lower quality,0b01,Low,0b0,No,0b0,No,0b0,No,0b001,Land (Nothing else but land),0b0,No,0b0,No,0b00000000000000000000000000000000,0b00000000000000000000000000000000,"Good data, use with confidence"
City,Quito,-0.1807,-78.4678,2018-04-23,h10v09,86.0,735.0,0.593,2376.0,1.0,0b0000100101001000,0b00,VI produced with good quality,0b0010,Decreasing quality,0b01,Low,0b1,Yes,0b0,No,0b0,No,0b001,Land (Nothing else but land),0b0,No,0b0,No,0b00000000000000000000000000000001,0b00000000000000000000000000000001,"Marginal data, Useful, but look at other QA information"
City,Quito,-0.1807,-78.4678,2018-05-09,h10v09,86.0,735.0,0.7412,2376.0,1.0,0b0000100101001000,0b00,VI produced with good quality,0b0010,Decreasing quality,0b01,Low,0b1,Yes,0b0,No,0b0,No,0b001,Land (Nothing else but land),0b0,No,0b0,No,0b00000000000000000000000000000001,0b00000000000000000000000000000001,"Marginal data, Useful, but look at other QA information"
City,Quito,-0.1807,-78.4678,2018-05-25,h10v09,86.0,735.0,0.6222,2116.0,0.0,0b0000100001000100,0b00,VI produced with good quality,0b0001,Lower quality,0b01,Low,0b0,No,0b0,No,0b0,No,0b001,Land (Nothing else but land),0b0,No,0b0,No,0b00000000000000000000000000000000,0b00000000000000000000000000000000,"Good data, use with confidence"
City,Quito,-0.1807,-78.4678,2018-06-10,h10v09,86.0,735.0,0.6275,2376.0,1.0,0b0000100101001000,0b00,VI produced with good quality,0b0010,Decreasing quality,0b01,Low,0b1,Yes,0b0,No,0b0,No,0b001,Land (Nothing else but land),0b0,No,0b0,No,0b00000000000000000000000000000001,0b00000000000000000000000000000001,"Marginal data, Useful, but look at other QA information"
City,Quito,-0.1807,-78.4678,2018-06-26,h10v09,86.0,735.0,0.6866,2380.0,1.0,0b0000100101001100,0b00,VI produced with good quality,0b0011,Decreasing quality,0b01,Low,0b1,Yes,0b0,No,0b0,No,0b001,Land (Nothing else but land),0b0,No,0b0,No,0b00000000000000000000000000000001,0b00000000000000000000000000000001,"Marginal data, Useful, but look at other QA information"
City,Quito,-0.1807,-78.4678,2018-07-12,h10v09,86.0,735.0,0.612,2120.0,1.0,0b0000100001001000,0b00,VI produced with good quality,0b0010,Decreasing quality,0b01,Low,0b0,No,0b0,No,0b0,No,0b001,Land (Nothing else but land),0b0,No,0b0,No,0b00000000000000000000000000000001,0b00000000000000000000000000000001,"Marginal data, Useful, but look at other QA information"
City,Quito,-0.1807,-78.4678,2018-07-28,h10v09,86.0,735.0,0.7076,2189.0,1.0,0b0000100010001101,0b01,"VI produced, but check other QA",0b0011,Decreasing quality,0b10,Average,0b0,No,0b0,No,0b0,No,0b001,Land (Nothing else but land),0b0,No,0b0,No,0b00000000000000000000000000000001,0b00000000000000000000000000000001,"Marginal data, Useful, but look at other QA information"
City,Quito,-0.1807,-78.4678,2018-08-13,h10v09,86.0,735.0,0.5434,2120.0,0.0,0b0000100001001000,0b00,VI produced with good quality,0b0010,Decreasing quality,0b01,Low,0b0,No,0b0,No,0b0,No,0b001,Land (Nothing else but land),0b0,No,0b0,No,0b00000000000000000000000000000000,0b00000000000000000000000000000000,"Good data, use with confidence"
City,Quito,-0.1807,-78.4678,2018-08-29,h10v09,86.0,735.0,0.4205,2376.0,1.0,0b0000100101001000,0b00,VI produced with good quality,0b0010,Decreasing quality,0b01,Low,0b1,Yes,0b0,No,0b0,No,0b001,Land (Nothing else but land),0b0,No,0b0,No,0b00000000000000000000000000000001,0b00000000000000000000000000000001,"Marginal data, Useful, but look at other QA information"
City,Quito,-0.1807,-78.4678,2018-09-14,h10v09,86.0,735.0,0.3786,35152.0,1.0,0b1000100101010000,0b00,VI produced with good quality,0b0100,Decreasing quality,0b01,Low,0b1,Yes,0b0,No,0b0,No,0b001,Land (Nothing else but land),0b0,No,0b1,Yes,0b00000000000000000000000000000001,0b00000000000000000000000000000001,"Marginal data, Useful, but look at other QA information"
City,Quito,-0.1807,-78.4678,2018-09-30,h10v09,86.0,735.0,0.4865,2376.0,1.0,0b0000100101001000,0b00,VI produced with good quality,0b0010,Decreasing quality,0b01,Low,0b1,Yes,0b0,No,0b0,No,0b001,Land (Nothing else but land),0b0,No,0b0,No,0b00000000000000000000000000000001,0b00000000000000000000000000000001,"Marginal data, Useful, but look at other QA information"
City,Quito,-0.1807,-78.4678,2018-10-16,h10v09,86.0,735.0,0.4119,2062.0,3.0,0b0000100000001110,0b10,"Pixel produced, but most probably cloudy",0b0011,Decreasing quality,0b00,Climatology,0b0,No,0b0,No,0b0,No,0b001,Land (Nothing else but land),0b0,No,0b0,No,0b00000000000000000000000000000011,0b00000000000000000000000000000011,"Cloudy data, Target not visible, covered with cloud"
City,Quito,-0.1807,-78.4678,2018-11-01,h10v09,86.0,735.0,0.3266,2376.0,1.0,0b0000100101001000,0b00,VI produced with good quality,0b0010,Decreasing quality,0b01,Low,0b1,Yes,0b0,No,0b0,No,0b001,Land (Nothing else but land),0b0,No,0b0,No,0b00000000000000000000000000000001,0b00000000000000000000000000000001,"Marginal data, Useful, but look at other QA information"
City,Quito,-0.1807,-78.4678,2018-11-17,h10v09,86.0,735.0,0.5296,2066.0,3.0,0b0000100000010010,0b10,"Pixel produced, but most probably cloudy",0b0100,Decreasing quality,0b00,Climatology,0b0,No,0b0,No,0b0,No,0b001,Land (Nothing else but land),0b0,No,0b0,No,0b00000000000000000000000000000011,0b00000000000000000000000000000011,"Cloudy data, Target not visible, covered with cloud"
City,Quito,-0.1807,-78.4678,2018-12-03,h10v09,86.0,735.0,0.5416,2445.0,1.0,0b0000100110001101,0b01,"VI produced, but check other QA",0b0011,Decreasing quality,0b10,Average,0b1,Yes,0b0,No,0b0,No,0b001,Land (Nothing else but land),0b0,No,0b0,No,0b00000000000000000000000000000001,0b00000000000000000000000000000001,"Marginal data, Useful, but look at other QA information"
City,Quito,-0.1807,-78.4678,2018-12-19,h10v09,86.0,735.0,0.7136,2189.0,1.0,0b0000100010001101,0b01,"VI produced, but check other QA",0b0011,Decreasing quality,0b10,Average,0b0,No,0b0,No,0b0,No,0b001,Land (Nothing else but land),0b0,No,0b0,No,0b00000000000000000000000000000001,0b00000000000000000000000000000001,"Marginal data, Useful, but look at other QA information"
City,Quito,-0.1807,-78.4678,2019-01-01,h10v09,86.0,735.0,0.7136,2189.0,1.0,0b0000100010001101,0b01,"VI produced, but check other QA",0b0011,Decreasing quality,0b10,Average,0b0,No,0b0,No,0b0,No,0b001,Land (Nothing else but land),0b0,No,0b0,No,0b00000000000000000000000000000001,0b00000000000000000000000000000001,"Marginal data, Useful, but look at other QA information"
City,Quito,-0.1807,-78.4678,2019-01-17,h10v09,86.0,735.0,0.6657,2185.0,1.0,0b0000100010001001,0b01,"VI produced, but check other QA",0b0010,Decreasing quality,0b10,Average,0b0,No,0b0,No,0b0,No,0b001,Land (Nothing else but land),0b0,No,0b0,No,0b00000000000000000000000000000001,0b00000000000000000000000000000001,"Marginal data, Useful, but look at other QA information"
City,Quito,-0.1807,-78.4678,2019-02-02,h10v09,86.0,735.0,0.5465,2376.0,1.0,0b0000100101001000,0b00,VI produced with good quality,0b0010,Decreasing quality,0b01,Low,0b1,Yes,0b0,No,0b0,No,0b001,Land (Nothing else but land),0b0,No,0b0,No,0b00000000000000000000000000000001,0b00000000000000000000000000000001,"Marginal data, Useful, but look at other QA information"
City,Quito,-0.1807,-78.4678,2019-02-18,h10v09,86.0,735.0,0.5375,2445.0,1.0,0b0000100110001101,0b01,"VI produced, but check other QA",0b0011,Decreasing quality,0b10,Average,0b1,Yes,0b0,No,0b0,No,0b001,Land (Nothing else but land),0b0,No,0b0,No,0b00000000000000000000000000000001,0b00000000000000000000000000000001,"Marginal data, Useful, but look at other QA information"
City,Quito,-0.1807,-78.4678,2019-03-06,h10v09,86.0,735.0,0.6673,2376.0,1.0,0b0000100101001000,0b00,VI produced with good quality,0b0010,Decreasing quality,0b01,Low,0b1,Yes,0b0,No,0b0,No,0b001,Land (Nothing else but land),0b0,No,0b0,No,0b00000000000000000000000000000001,0b00000000000000000000000000000001,"Marginal data, Useful, but look at other QA information"
City,Quito,-0.1807,-78.4678,2019-03-22,h10v09,86.0,735.0,0.2889,2062.0,3.0,0b0000100000001110,0b10,"Pixel produced, but most probably cloudy",0b0011,Decreasing quality,0b00,Climatology,0b0,No,0b0,No,0b0,No,0b001,Land (Nothing else but land),0b0,No,0b0,No,0b00000000000000000000000000000011,0b00000000000000000000000000000011,"Cloudy data, Target not visible, covered with cloud"
City,Quito,-0.1807,-78.4678,2019-04-07,h10v09,86.0,735.0,0.7104,2185.0,1.0,0b0000100010001001,0b01,"VI produced, but check other QA",0b0010,Decreasing quality,0b10,Average,0b0,No,0b0,No,0b0,No,0b001,Land (Nothing else but land),0b0,No,0b0,No,0b00000000000000000000000000000001,0b00000000000000000000000000000001,"Marginal data, Useful, but look at other QA information"
City,Quito,-0.1807,-78.4678,2019-04-23,h10v09,86.0,735.0,0.4237,35293.0,1.0,0b1000100111011101,0b01,"VI produced, but check other QA",0b0111,Decreasing quality,0b11,High,0b1,Yes,0b0,No,0b0,No,0b001,Land (Nothing else but land),0b0,No,0b1,Yes,0b00000000000000000000000000000001,0b00000000000000000000000000000001,"Marginal data, Useful, but look at other QA information"
City,Quito,-0.1807,-78.4678,2019-05-09,h10v09,86.0,735.0,0.6217,2376.0,1.0,0b0000100101001000,0b00,VI produced with good quality,0b0010,Decreasing quality,0b01,Low,0b1,Yes,0b0,No,0b0,No,0b001,Land (Nothing else but land),0b0,No,0b0,No,0b00000000000000000000000000000001,0b00000000000000000000000000000001,"Marginal data, Useful, but look at other QA information"
City,Quito,-0.1807,-78.4678,2019-05-25,h10v09,86.0,735.0,0.7121,35221.0,1.0,0b1000100110010101,0b01,"VI produced, but check other QA",0b0101,Decreasing quality,0b10,Average,0b1,Yes,0b0,No,0b0,No,0b001,Land (Nothing else but land),0b0,No,0b1,Yes,0b00000000000000000000000000000001,0b00000000000000000000000000000001,"Marginal data, Useful, but look at other QA information"
City,Quito,-0.1807,-78.4678,2019-06-10,h10v09,86.0,735.0,0.7223,2376.0,1.0,0b0000100101001000,0b00,VI produced with good quality,0b0010,Decreasing quality,0b01,Low,0b1,Yes,0b0,No,0b0,No,0b001,Land (Nothing else but land),0b0,No,0b0,No,0b00000000000000000000000000000001,0b00000000000000000000000000000001,"Marginal data, Useful, but look at other QA information"
City,Quito,-0.1807,-78.4678,2019-06-26,h10v09,86.0,735.0,0.5564,2116.0,0.0,0b0000100001000100,0b00,VI produced with good quality,0b0001,Lower quality,0b01,Low,0b0,No,0b0,No,0b0,No,0b001,Land (Nothing else but land),0b0,No,0b0,No,0b00000000000000000000000000000000,0b00000000000000000000000000000000,"Good data, use with confidence"
City,Quito,-0.1807,-78.4678,2019-07-12,h10v09,86.0,735.0,0.5429,2062.0,3.0,0b0000100000001110,0b10,"Pixel produced, but most probably cloudy",0b0011,Decreasing quality,0b00,Climatology,0b0,No,0b0,No,0b0,No,0b001,Land (Nothing else but land),0b0,No,0b0,No,0b00000000000000000000000000000011,0b00000000000000000000000000000011,"Cloudy data, Target not visible, covered with cloud"
City,Quito,-0.1807,-78.4678,2019-07-28,h10v09,86.0,735.0,0.5408,2116.0,0.0,0b0000100001000100,0b00,VI produced with good quality,0b0001,Lower quality,0b01,Low,0b0,No,0b0,No,0b0,No,0b001,Land (Nothing else but land),0b0,No,0b0,No,0b00000000000000000000000000000000,0b00000000000000000000000000000000,"Good data, use with confidence"
City,Quito,-0.1807,-78.4678,2019-08-13,h10v09,86.0,735.0,0.5076,2376.0,1.0,0b0000100101001000,0b00,VI produced with good quality,0b0010,Decreasing quality,0b01,Low,0b1,Yes,0b0,No,0b0,No,0b001,Land (Nothing else but land),0b0,No,0b0,No,0b00000000000000000000000000000001,0b00000000000000000000000000000001,"Marginal data, Useful, but look at other QA information"
City,Quito,-0.1807,-78.4678,2019-08-29,h10v09,86.0,735.0,0.4092,2062.0,3.0,0b0000100000001110,0b10,"Pixel produced, but most probably cloudy",0b0011,Decreasing quality,0b00,Climatology,0b0,No,0b0,No,0b0,No,0b001,Land (Nothing else but land),0b0,No,0b0,No,0b00000000000000000000000000000011,0b00000000000000000000000000000011,"Cloudy data, Target not visible, covered with cloud"
City,Quito,-0.1807,-78.4678,2019-09-14,h10v09,86.0,735.0,0.3877,34892.0,1.0,0b1000100001001100,0b00,VI produced with good quality,0b0011,Decreasing quality,0b01,Low,0b0,No,0b0,No,0b0,No,0b001,Land (Nothing else but land),0b0,No,0b1,Yes,0b00000000000000000000000000000001,0b00000000000000000000000000000001,"Marginal data, Useful, but look at other QA information"
City,Quito,-0.1807,-78.4678,2019-09-30,h10v09,86.0,735.0,0.3934,2062.0,3.0,0b0000100000001110,0b10,"Pixel produced, but most probably cloudy",0b0011,Decreasing quality,0b00,Climatology,0b0,No,0b0,No,0b0,No,0b001,Land (Nothing else but land),0b0,No,0b0,No,0b00000000000000000000000000000011,0b00000000000000000000000000000011,"Cloudy data, Target not visible, covered with cloud"
City,Quito,-0.1807,-78.4678,2019-10-16,h10v09,86.0,735.0,0.3761,2445.0,1.0,0b0000100110001101,0b01,"VI produced, but check other QA",0b0011,Decreasing quality,0b10,Average,0b1,Yes,0b0,No,0b0,No,0b001,Land (Nothing else but land),0b0,No,0b0,No,0b00000000000000000000000000000001,0b00000000000000000000000000000001,"Marginal data, Useful, but look at other QA information"
City,Quito,-0.1807,-78.4678,2019-11-01,h10v09,86.0,735.0,0.573,2376.0,1.0,0b0000100101001000,0b00,VI produced with good quality,0b0010,Decreasing quality,0b01,Low,0b1,Yes,0b0,No,0b0,No,0b001,Land (Nothing else but land),0b0,No,0b0,No,0b00000000000000000000000000000001,0b00000000000000000000000000000001,"Marginal data, Useful, but look at other QA information"
City,Quito,-0.1807,-78.4678,2019-11-17,h10v09,86.0,735.0,0.6957,2261.0,1.0,0b0000100011010101,0b01,"VI produced, but check other QA",0b0101,Decreasing quality,0b11,High,0b0,No,0b0,No,0b0,No,0b001,Land (Nothing else but land),0b0,No,0b0,No,0b00000000000000000000000000000001,0b00000000000000000000000000000001,"Marginal data, Useful, but look at other QA information"
City,Quito,-0.1807,-78.4678,2019-12-03,h10v09,86.0,735.0,0.5106,2445.0,1.0,0b0000100110001101,0b01,"VI produced, but check other QA",0b0011,Decreasing quality,0b10,Average,0b1,Yes,0b0,No,0b0,No,0b001,Land (Nothing else but land),0b0,No,0b0,No,0b00000000000000000000000000000001,0b00000000000000000000000000000001,"Marginal data, Useful, but look at other QA information"
City,Quito,-0.1807,-78.4678,2019-12-19,h10v09,86.0,735.0,0.6687,35221.0,1.0,0b1000100110010101,0b01,"VI produced, but check other QA",0b0101,Decreasing quality,0b10,Average,0b1,Yes,0b0,No,0b0,No,0b001,Land (Nothing else but land),0b0,No,0b1,Yes,0b00000000000000000000000000000001,0b00000000000000000000000000000001,"Marginal data, Useful, but look at other QA information"
City,Quito,-0.1807,-78.4678,2020-01-01,h10v09,86.0,735.0,0.6805,2189.0,1.0,0b0000100010001101,0b01,"VI produced, but check other QA",0b0011,Decreasing quality,0b10,Average,0b0,No,0b0,No,0b0,No,0b001,Land (Nothing else but land),0b0,No,0b0,No,0b00000000000000000000000000000001,0b00000000000000000000000000000001,"Marginal data, Useful, but look at other QA information"
City,Quito,-0.1807,-78.4678,2020-01-17,h10v09,86.0,735.0,0.5845,2062.0,3.0,0b0000100000001110,0b10,"Pixel produced, but most probably cloudy",0b0011,Decreasing quality,0b00,Climatology,0b0,No,0b0,No,0b0,No,0b001,Land (Nothing else but land),0b0,No,0b0,No,0b00000000000000000000000000000011,0b00000000000000000000000000000011,"Cloudy data, Target not visible, covered with cloud"
City,Quito,-0.1807,-78.4678,2020-02-02,h10v09,86.0,735.0,0.6633,2120.0,1.0,0b0000100001001000,0b00,VI produced with good quality,0b0010,Decreasing quality,0b01,Low,0b0,No,0b0,No,0b0,No,0b001,Land (Nothing else but land),0b0,No,0b0,No,0b00000000000000000000000000000001,0b00000000000000000000000000000001,"Marginal data, Useful, but look at other QA information"
City,Quito,-0.1807,-78.4678,2020-02-18,h10v09,86.0,735.0,0.692,2449.0,1.0,0b0000100110010001,0b01,"VI produced, but check other QA",0b0100,Decreasing quality,0b10,Average,0b1,Yes,0b0,No,0b0,No,0b001,Land (Nothing else but land),0b0,No,0b0,No,0b00000000000000000000000000000001,0b00000000000000000000000000000001,"Marginal data, Useful, but look at other QA information"
City,Quito,-0.1807,-78.4678,2020-03-05,h10v09,86.0,735.0,0.4707,35221.0,1.0,0b1000100110010101,0b01,"VI produced, but check other QA",0b0101,Decreasing quality,0b10,Average,0b1,Yes,0b0,No,0b0,No,0b001,Land (Nothing else but land),0b0,No,0b1,Yes,0b00000000000000000000000000000001,0b00000000000000000000000000000001,"Marginal data, Useful, but look at other QA information"
City,Quito,-0.1807,-78.4678,2020-03-21,h10v09,86.0,735.0,0.2998,35221.0,1.0,0b1000100110010101,0b01,"VI produced, but check other QA",0b0101,Decreasing quality,0b10,Average,0b1,Yes,0b0,No,0b0,No,0b001,Land (Nothing else but land),0b0,No,0b1,Yes,0b00000000000000000000000000000001,0b00000000000000000000000000000001,"Marginal data, Useful, but look at other QA information"
City,Quito,-0.1807,-78.4678,2020-04-06,h10v09,86.0,735.0,0.7864,2376.0,1.0,0b0000100101001000,0b00,VI produced with good quality,0b0010,Decreasing quality,0b01,Low,0b1,Yes,0b0,No,0b0,No,0b001,Land (Nothing else but land),0b0,No,0b0,No,0b00000000000000000000000000000001,0b00000000000000000000000000000001,"Marginal data, Useful, but look at other QA information"
City,Quito,-0.1807,-78.4678,2020-04-22,h10v09,86.0,735.0,0.8712,35297.0,1.0,0b1000100111100001,0b01,"VI produced, but check other QA",0b1000,Decreasing quality,0b11,High,0b1,Yes,0b0,No,0b0,No,0b001,Land (Nothing else but land),0b0,No,0b1,Yes,0b00000000000000000000000000000001,0b00000000000000000000000000000001,"Marginal data, Useful, but look at other QA information"
City,Quito,-0.1807,-78.4678,2020-05-08,h10v09,86.0,735.0,0.6819,2116.0,0.0,0b0000100001000100,0b00,VI produced with good quality,0b0001,Lower quality,0b01,Low,0b0,No,0b0,No,0b0,No,0b001,Land (Nothing else but land),0b0,No,0b0,No,0b00000000000000000000000000000000,0b00000000000000000000000000000000,"Good data, use with confidence"
City,Quito,-0.1807,-78.4678,2020-05-24,h10v09,86.0,735.0,0.6999,2380.0,1.0,0b0000100101001100,0b00,VI produced with good quality,0b0011,Decreasing quality,0b01,Low,0b1,Yes,0b0,No,0b0,No,0b001,Land (Nothing else but land),0b0,No,0b0,No,0b00000000000000000000000000000001,0b00000000000000000000000000000001,"Marginal data, Useful, but look at other QA information"
City,Quito,-0.1807,-78.4678,2020-06-09,h10v09,86.0,735.0,0.514,35221.0,1.0,0b1000100110010101,0b01,"VI produced, but check other QA",0b0101,Decreasing quality,0b10,Average,0b1,Yes,0b0,No,0b0,No,0b001,Land (Nothing else but land),0b0,No,0b1,Yes,0b00000000000000000000000000000001,0b00000000000000000000000000000001,"Marginal data, Useful, but look at other QA information"
City,Quito,-0.1807,-78.4678,2020-06-25,h10v09,86.0,735.0,0.5861,2066.0,3.0,0b0000100000010010,0b10,"Pixel produced, but most probably cloudy",0b0100,Decreasing quality,0b00,Climatology,0b0,No,0b0,No,0b0,No,0b001,Land (Nothing else but land),0b0,No,0b0,No,0b00000000000000000000000000000011,0b00000000000000000000000000000011,"Cloudy data, Target not visible, covered with cloud"
City,Quito,-0.1807,-78.4678,2020-07-11,h10v09,86.0,735.0,0.6655,35152.0,1.0,0b1000100101010000,0b00,VI produced with good quality,0b0100,Decreasing quality,0b01,Low,0b1,Yes,0b0,No,0b0,No,0b001,Land (Nothing else but land),0b0,No,0b1,Yes,0b00000000000000000000000000000001,0b00000000000000000000000000000001,"Marginal data, Useful, but look at other QA information"
City,Quito,-0.1807,-78.4678,2020-07-27,h10v09,86.0,735.0,0.606,2376.0,1.0,0b0000100101001000,0b00,VI produced with good quality,0b0010,Decreasing quality,0b01,Low,0b1,Yes,0b0,No,0b0,No,0b001,Land (Nothing else but land),0b0,No,0b0,No,0b00000000000000000000000000000001,0b00000000000000000000000000000001,"Marginal data, Useful, but look at other QA information"
City,Quito,-0.1807,-78.4678,2020-08-12,h10v09,86.0,735.0,0.5239,2376.0,1.0,0b0000100101001000,0b00,VI produced with good quality,0b0010,Decreasing quality,0b01,Low,0b1,Yes,0b0,No,0b0,No,0b001,Land (Nothing else but land),0b0,No,0b0,No,0b00000000000000000000000000000001,0b00000000000000000000000000000001,"Marginal data, Useful, but look at other QA information"
City,Quito,-0.1807,-78.4678,2020-08-28,h10v09,86.0,735.0,0.5235,2376.0,1.0,0b0000100101001000,0b00,VI produced with good quality,0b0010,Decreasing quality,0b01,Low,0b1,Yes,0b0,No,0b0,No,0b001,Land (Nothing else but land),0b0,No,0b0,No,0b00000000000000000000000000000001,0b00000000000000000000000000000001,"Marginal data, Useful, but look at other QA information"
City,Quito,-0.1807,-78.4678,2020-09-13,h10v09,86.0,735.0,0.5043,35225.0,1.0,0b1000100110011001,0b01,"VI produced, but check other QA",0b0110,Decreasing quality,0b10,Average,0b1,Yes,0b0,No,0b0,No,0b001,Land (Nothing else but land),0b0,No,0b1,Yes,0b00000000000000000000000000000001,0b00000000000000000000000000000001,"Marginal data, Useful, but look at other QA information"
City,Quito,-0.1807,-78.4678,2020-09-29,h10v09,86.0,735.0,0.5002,2380.0,1.0,0b0000100101001100,0b00,VI produced with good quality,0b0011,Decreasing quality,0b01,Low,0b1,Yes,0b0,No,0b0,No,0b001,Land (Nothing else but land),0b0,No,0b0,No,0b00000000000000000000000000000001,0b00000000000000000000000000000001,"Marginal data, Useful, but look at other QA information"
City,Quito,-0.1807,-78.4678,2020-10-15,h10v09,86.0,735.0,0.4661,2376.0,1.0,0b0000100101001000,0b00,VI produced with good quality,0b0010,Decreasing quality,0b01,Low,0b1,Yes,0b0,No,0b0,No,0b001,Land (Nothing else but land),0b0,No,0b0,No,0b00000000000000000000000000000001,0b00000000000000000000000000000001,"Marginal data, Useful, but look at other QA information"
City,Quito,-0.1807,-78.4678,2020-10-31,h10v09,86.0,735.0,0.5117,2380.0,1.0,0b0000100101001100,0b00,VI produced with good quality,0b0011,Decreasing quality,0b01,Low,0b1,Yes,0b0,No,0b0,No,0b001,Land (Nothing else but land),0b0,No,0b0,No,0b00000000000000000000000000000001,0b00000000000000000000000000000001,"Marginal data, Useful, but look at other QA information"
City,Quito,-0.1807,-78.4678,2020-11-16,h10v09,86.0,735.0,0.4052,36258.0,3.0,0b1000110110100010,0b10,"Pixel produced, but most probably cloudy",0b1000,Decreasing quality,0b10,Average,0b1,Yes,0b0,No,0b1,Yes,0b001,Land (Nothing else but land),0b0,No,0b1,Yes,0b00000000000000000000000000000011,0b00000000000000000000000000000011,"Cloudy data, Target not visible, covered with cloud"
City,Quito,-0.1807,-78.4678,2020-12-02,h10v09,86.0,735.0,0.7032,2062.0,3.0,0b0000100000001110,0b10,"Pixel produced, but most probably cloudy",0b0011,Decreasing quality,0b00,Climatology,0b0,No,0b0,No,0b0,No,0b001,Land (Nothing else but land),0b0,No,0b0,No,0b00000000000000000000000000000011,0b00000000000000000000000000000011,"Cloudy data, Target not visible, covered with cloud"
City,Quito,-0.1807,-78.4678,2020-12-18,h10v09,86.0,735.0,0.5651,2066.0,3.0,0b0000100000010010,0b10,"Pixel produced, but most probably cloudy",0b0100,Decreasing quality,0b00,Climatology,0b0,No,0b0,No,0b0,No,0b001,Land (Nothing else but land),0b0,No,0b0,No,0b00000000000000000000000000000011,0b00000000000000000000000000000011,"Cloudy data, Target not visible, covered with cloud"
City,Quito,-0.1807,-78.4678,2021-01-01,h10v09,86.0,735.0,0.2434,2066.0,3.0,0b0000100000010010,0b10,"Pixel produced, but most probably cloudy",0b0100,Decreasing quality,0b00,Climatology,0b0,No,0b0,No,0b0,No,0b001,Land (Nothing else but land),0b0,No,0b0,No,0b00000000000000000000000000000011,0b00000000000000000000000000000011,"Cloudy data, Target not visible, covered with cloud"
City,Quito,-0.1807,-78.4678,2021-01-17,h10v09,86.0,735.0,0.6678,2116.0,0.0,0b0000100001000100,0b00,VI produced with good quality,0b0001,Lower quality,0b01,Low,0b0,No,0b0,No,0b0,No,0b001,Land (Nothing else but land),0b0,No,0b0,No,0b00000000000000000000000000000000,0b00000000000000000000000000000000,"Good data, use with confidence"
City,Quito,-0.1807,-78.4678,2021-02-02,h10v09,86.0,735.0,0.3224,2062.0,3.0,0b0000100000001110,0b10,"Pixel produced, but most probably cloudy",0b0011,Decreasing quality,0b00,Climatology,0b0,No,0b0,No,0b0,No,0b001,Land (Nothing else but land),0b0,No,0b0,No,0b00000000000000000000000000000011,0b00000000000000000000000000000011,"Cloudy data, Target not visible, covered with cloud"
City,Quito,-0.1807,-78.4678,2021-02-18,h10v09,86.0,735.0,0.4992,2062.0,3.0,0b0000100000001110,0b10,"Pixel produced, but most probably cloudy",0b0011,Decreasing quality,0b00,Climatology,0b0,No,0b0,No,0b0,No,0b001,Land (Nothing else but land),0b0,No,0b0,No,0b00000000000000000000000000000011,0b00000000000000000000000000000011,"Cloudy data, Target not visible, covered with cloud"
City,Quito,-0.1807,-78.4678,2021-03-06,h10v09,86.0,735.0,0.6164,2062.0,3.0,0b0000100000001110,0b10,"Pixel produced, but most probably cloudy",0b0011,Decreasing quality,0b00,Climatology,0b0,No,0b0,No,0b0,No,0b001,Land (Nothing else but land),0b0,No,0b0,No,0b00000000000000000000000000000011,0b00000000000000000000000000000011,"Cloudy data, Target not visible, covered with cloud"
City,Quito,-0.1807,-78.4678,2021-03-22,h10v09,86.0,735.0,0.6137,2445.0,1.0,0b0000100110001101,0b01,"VI produced, but check other QA",0b0011,Decreasing quality,0b10,Average,0b1,Yes,0b0,No,0b0,No,0b001,Land (Nothing else but land),0b0,No,0b0,No,0b00000000000000000000000000000001,0b00000000000000000000000000000001,"Marginal data, Useful, but look at other QA information"
City,Quito,-0.1807,-78.4678,2021-04-07,h10v09,86.0,735.0,0.8341,2445.0,1.0,0b0000100110001101,0b01,"VI produced, but check other QA",0b0011,Decreasing quality,0b10,Average,0b1,Yes,0b0,No,0b0,No,0b001,Land (Nothing else but land),0b0,No,0b0,No,0b00000000000000000000000000000001,0b00000000000000000000000000000001,"Marginal data, Useful, but look at other QA information"
City,Quito,-0.1807,-78.4678,2021-04-23,h10v09,86.0,735.0,0.6271,2185.0,1.0,0b0000100010001001,0b01,"VI produced, but check other QA",0b0010,Decreasing quality,0b10,Average,0b0,No,0b0,No,0b0,No,0b001,Land (Nothing else but land),0b0,No,0b0,No,0b00000000000000000000000000000001,0b00000000000000000000000000000001,"Marginal data, Useful, but look at other QA information"
City,Quito,-0.1807,-78.4678,2021-05-09,h10v09,86.0,735.0,0.7209,2376.0,1.0,0b0000100101001000,0b00,VI produced with good quality,0b0010,Decreasing quality,0b01,Low,0b1,Yes,0b0,No,0b0,No,0b001,Land (Nothing else but land),0b0,No,0b0,No,0b00000000000000000000000000000001,0b00000000000000000000000000000001,"Marginal data, Useful, but look at other QA information"
City,Quito,-0.1807,-78.4678,2021-05-25,h10v09,86.0,735.0,0.6865,2376.0,1.0,0b0000100101001000,0b00,VI produced with good quality,0b0010,Decreasing quality,0b01,Low,0b1,Yes,0b0,No,0b0,No,0b001,Land (Nothing else but land),0b0,No,0b0,No,0b00000000000000000000000000000001,0b00000000000000000000000000000001,"Marginal data, Useful, but look at other QA information"
City,Quito,-0.1807,-78.4678,2021-06-10,h10v09,86.0,735.0,0.7828,2116.0,0.0,0b0000100001000100,0b00,VI produced with good quality,0b0001,Lower quality,0b01,Low,0b0,No,0b0,No,0b0,No,0b001,Land (Nothing else but land),0b0,No,0b0,No,0b00000000000000000000000000000000,0b00000000000000000000000000000000,"Good data, use with confidence"
City,Quito,-0.1807,-78.4678,2021-06-26,h10v09,86.0,735.0,0.6773,2116.0,0.0,0b0000100001000100,0b00,VI produced with good quality,0b0001,Lower quality,0b01,Low,0b0,No,0b0,No,0b0,No,0b001,Land (Nothing else but land),0b0,No,0b0,No,0b00000000000000000000000000000000,0b00000000000000000000000000000000,"Good data, use with confidence"
City,Quito,-0.1807,-78.4678,2021-07-12,h10v09,86.0,735.0,0.75,2449.0,1.0,0b0000100110010001,0b01,"VI produced, but check other QA",0b0100,Decreasing quality,0b10,Average,0b1,Yes,0b0,No,0b0,No,0b001,Land (Nothing else but land),0b0,No,0b0,No,0b00000000000000000000000000000001,0b00000000000000000000000000000001,"Marginal data, Useful, but look at other QA information"
City,Quito,-0.1807,-78.4678,2021-07-28,h10v09,86.0,735.0,0.6382,2376.0,1.0,0b0000100101001000,0b00,VI produced with good quality,0b0010,Decreasing quality,0b01,Low,0b1,Yes,0b0,No,0b0,No,0b001,Land (Nothing else but land),0b0,No,0b0,No,0b00000000000000000000000000000001,0b00000000000000000000000000000001,"Marginal data, Useful, but look at other QA information"
City,Quito,-0.1807,-78.4678,2021-08-13,h10v09,86.0,735.0,0.563,2116.0,0.0,0b0000100001000100,0b00,VI produced with good quality,0b0001,Lower quality,0b01,Low,0b0,No,0b0,No,0b0,No,0b001,Land (Nothing else but land),0b0,No,0b0,No,0b00000000000000000000000000000000,0b00000000000000000000000000000000,"Good data, use with confidence"
City,Quito,-0.1807,-78.4678,2021-08-29,h10v09,86.0,735.0,0.6272,2376.0,1.0,0b0000100101001000,0b00,VI produced with good quality,0b0010,Decreasing quality,0b01,Low,0b1,Yes,0b0,No,0b0,No,0b001,Land (Nothing else but land),0b0,No,0b0,No,0b00000000000000000000000000000001,0b00000000000000000000000000000001,"Marginal data, Useful, but look at other QA information"
City,Quito,-0.1807,-78.4678,2021-09-14,h10v09,86.0,735.0,0.5588,2376.0,1.0,0b0000100101001000,0b00,VI produced with good quality,0b0010,Decreasing quality,0b01,Low,0b1,Yes,0b0,No,0b0,No,0b001,Land (Nothing else but land),0b0,No,0b0,No,0b00000000000000000000000000000001,0b00000000000000000000000000000001,"Marginal data, Useful, but look at other QA information"
City,Quito,-0.1807,-78.4678,2021-09-30,h10v09,86.0,735.0,0.5866,2189.0,1.0,0b0000100010001101,0b01,"VI produced, but check other QA",0b0011,Decreasing quality,0b10,Average,0b0,No,0b0,No,0b0,No,0b001,Land (Nothing else but land),0b0,No,0b0,No,0b00000000000000000000000000000001,0b00000000000000000000000000000001,"Marginal data, Useful, but look at other QA information"
City,Quito,-0.1807,-78.4678,2021-10-16,h10v09,86.0,735.0,0.5922,35152.0,1.0,0b1000100101010000,0b00,VI produced with good quality,0b0100,Decreasing quality,0b01,Low,0b1,Yes,0b0,No,0b0,No,0b001,Land (Nothing else but land),0b0,No,0b1,Yes,0b00000000000000000000000000000001,0b00000000000000000000000000000001,"Marginal data, Useful, but look at other QA information"
City,Quito,-0.1807,-78.4678,2021-11-01,h10v09,86.0,735.0,0.6371,2062.0,3.0,0b0000100000001110,0b10,"Pixel produced, but most probably cloudy",0b0011,Decreasing quality,0b00,Climatology,0b0,No,0b0,No,0b0,No,0b001,Land (Nothing else but land),0b0,No,0b0,No,0b00000000000000000000000000000011,0b00000000000000000000000000000011,"Cloudy data, Target not visible, covered with cloud"
City,Quito,-0.1807,-78.4678,2021-11-17,h10v09,86.0,735.0,0.6693,2062.0,3.0,0b0000100000001110,0b10,"Pixel produced, but most probably cloudy",0b0011,Decreasing quality,0b00,Climatology,0b0,No,0b0,No,0b0,No,0b001,Land (Nothing else but land),0b0,No,0b0,No,0b00000000000000000000000000000011,0b00000000000000000000000000000011,"Cloudy data, Target not visible, covered with cloud"
City,Quito,-0.1807,-78.4678,2021-12-03,h10v09,86.0,735.0,0.6719,35221.0,1.0,0b1000100110010101,0b01,"VI produced, but check other QA",0b0101,Decreasing quality,0b10,Average,0b1,Yes,0b0,No,0b0,No,0b001,Land (Nothing else but land),0b0,No,0b1,Yes,0b00000000000000000000000000000001,0b00000000000000000000000000000001,"Marginal data, Useful, but look at other QA information"
City,Quito,-0.1807,-78.4678,2021-12-19,h10v09,86.0,735.0,0.7277,2445.0,1.0,0b0000100110001101,0b01,"VI produced, but check other QA",0b0011,Decreasing quality,0b10,Average,0b1,Yes,0b0,No,0b0,No,0b001,Land (Nothing else but land),0b0,No,0b0,No,0b00000000000000000000000000000001,0b00000000000000000000000000000001,"Marginal data, Useful, but look at other QA information"
City,Quito,-0.1807,-78.4678,2022-01-01,h10v09,86.0,735.0,0.6758,2445.0,1.0,0b0000100110001101,0b01,"VI produced, but check other QA",0b0011,Decreasing quality,0b10,Average,0b1,Yes,0b0,No,0b0,No,0b001,Land (Nothing else but land),0b0,No,0b0,No,0b00000000000000000000000000000001,0b00000000000000000000000000000001,"Marginal data, Useful, but look at other QA information"
City,Quito,-0.1807,-78.4678,2022-01-17,h10v09,86.0,735.0,0.3925,3098.0,3.0,0b0000110000011010,0b10,"Pixel produced, but most probably cloudy",0b0110,Decreasing quality,0b00,Climatology,0b0,No,0b0,No,0b1,Yes,0b001,Land (Nothing else but land),0b0,No,0b0,No,0b00000000000000000000000000000011,0b00000000000000000000000000000011,"Cloudy data, Target not visible, covered with cloud"
City,Quito,-0.1807,-78.4678,2022-02-02,h10v09,86.0,735.0,0.7123,2517.0,1.0,0b0000100111010101,0b01,"VI produced, but check other QA",0b0101,Decreasing quality,0b11,High,0b1,Yes,0b0,No,0b0,No,0b001,Land (Nothing else but land),0b0,No,0b0,No,0b00000000000000000000000000000001,0b00000000000000000000000000000001,"Marginal data, Useful, but look at other QA information"
City,Quito,-0.1807,-78.4678,2022-02-18,h10v09,86.0,735.0,0.4243,2062.0,3.0,0b0000100000001110,0b10,"Pixel produced, but most probably cloudy",0b0011,Decreasing quality,0b00,Climatology,0b0,No,0b0,No,0b0,No,0b001,Land (Nothing else but land),0b0,No,0b0,No,0b00000000000000000000000000000011,0b00000000000000000000000000000011,"Cloudy data, Target not visible, covered with cloud"
City,Quito,-0.1807,-78.4678,2022-03-06,h10v09,86.0,735.0,0.6567,35221.0,1.0,0b1000100110010101,0b01,"VI produced, but check other QA",0b0101,Decreasing quality,0b10,Average,0b1,Yes,0b0,No,0b0,No,0b001,Land (Nothing else but land),0b0,No,0b1,Yes,0b00000000000000000000000000000001,0b00000000000000000000000000000001,"Marginal data, Useful, but look at other QA information"
City,Quito,-0.1807,-78.4678,2022-03-22,h10v09,86.0,735.0,0.6717,2116.0,0.0,0b0000100001000100,0b00,VI produced with good quality,0b0001,Lower quality,0b01,Low,0b0,No,0b0,No,0b0,No,0b001,Land (Nothing else but land),0b0,No,0b0,No,0b00000000000000000000000000000000,0b00000000000000000000000000000000,"Good data, use with confidence"
City,Quito,-0.1807,-78.4678,2022-04-07,h10v09,86.0,735.0,0.5521,2062.0,3.0,0b0000100000001110,0b10,"Pixel produced, but most probably cloudy",0b0011,Decreasing quality,0b00,Climatology,0b0,No,0b0,No,0b0,No,0b001,Land (Nothing else but land),0b0,No,0b0,No,0b00000000000000000000000000000011,0b00000000000000000000000000000011,"Cloudy data, Target not visible, covered with cloud"
City,Quito,-0.1807,-78.4678,2022-04-23,h10v09,86.0,735.0,0.7093,2062.0,3.0,0b0000100000001110,0b10,"Pixel produced, but most probably cloudy",0b0011,Decreasing quality,0b00,Climatology,0b0,No,0b0,No,0b0,No,0b001,Land (Nothing else but land),0b0,No,0b0,No,0b00000000000000000000000000000011,0b00000000000000000000000000000011,"Cloudy data, Target not visible, covered with cloud"
City,Quito,-0.1807,-78.4678,2022-05-09,h10v09,86.0,735.0,0.5869,2376.0,1.0,0b0000100101001000,0b00,VI produced with good quality,0b0010,Decreasing quality,0b01,Low,0b1,Yes,0b0,No,0b0,No,0b001,Land (Nothing else but land),0b0,No,0b0,No,0b00000000000000000000000000000001,0b00000000000000000000000000000001,"Marginal data, Useful, but look at other QA information"
City,Quito,-0.1807,-78.4678,2022-05-25,h10v09,86.0,735.0,0.6779,2116.0,0.0,0b0000100001000100,0b00,VI produced with good quality,0b0001,Lower quality,0b01,Low,0b0,No,0b0,No,0b0,No,0b001,Land (Nothing else but land),0b0,No,0b0,No,0b00000000000000000000000000000000,0b00000000000000000000000000000000,"Good data, use with confidence"
City,Quito,-0.1807,-78.4678,2022-06-10,h10v09,86.0,735.0,0.6631,2062.0,3.0,0b0000100000001110,0b10,"Pixel produced, but most probably cloudy",0b0011,Decreasing quality,0b00,Climatology,0b0,No,0b0,No,0b0,No,0b001,Land (Nothing else but land),0b0,No,0b0,No,0b00000000000000000000000000000011,0b00000000000000000000000000000011,"Cloudy data, Target not visible, covered with cloud"
City,Quito,-0.1807,-78.4678,2022-06-26,h10v09,86.0,735.0,0.7796,2116.0,0.0,0b0000100001000100,0b00,VI produced with good quality,0b0001,Lower quality,0b01,Low,0b0,No,0b0,No,0b0,No,0b001,Land (Nothing else but land),0b0,No,0b0,No,0b00000000000000000000000000000000,0b00000000000000000000000000000000,"Good data, use with confidence"
City,Quito,-0.1807,-78.4678,2022-07-12,h10v09,86.0,735.0,0.6972,3102.0,3.0,0b0000110000011110,0b10,"Pixel produced, but most probably cloudy",0b0111,Decreasing quality,0b00,Climatology,0b0,No,0b0,No,0b1,Yes,0b001,Land (Nothing else but land),0b0,No,0b0,No,0b00000000000000000000000000000011,0b00000000000000000000000000000011,"Cloudy data, Target not visible, covered with cloud"
City,Quito,-0.1807,-78.4678,2022-07-28,h10v09,86.0,735.0,0.6532,2116.0,0.0,0b0000100001000100,0b00,VI produced with good quality,0b0001,Lower quality,0b01,Low,0b0,No,0b0,No,0b0,No,0b001,Land (Nothing else but land),0b0,No,0b0,No,0b00000000000000000000000000000000,0b00000000000000000000000000000000,"Good data, use with confidence"
City,Quito,-0.1807,-78.4678,2022-08-13,h10v09,86.0,735.0,0.6173,2116.0,0.0,0b0000100001000100,0b00,VI produced with good quality,0b0001,Lower quality,0b01,Low,0b0,No,0b0,No,0b0,No,0b001,Land (Nothing else but land),0b0,No,0b0,No,0b00000000000000000000000000000000,0b00000000000000000000000000000000,"Good data, use with confidence"
City,Quito,-0.1807,-78.4678,2022-08-29,h10v09,86.0,735.0,0.6635,2445.0,1.0,0b0000100110001101,0b01,"VI produced, but check other QA",0b0011,Decreasing quality,0b10,Average,0b1,Yes,0b0,No,0b0,No,0b001,Land (Nothing else but land),0b0,No,0b0,No,0b00000000000000000000000000000001,0b00000000000000000000000000000001,"Marginal data, Useful, but look at other QA information"
City,Quito,-0.1807,-78.4678,2022-09-14,h10v09,86.0,735.0,0.5589,2376.0,1.0,0b0000100101001000,0b00,VI produced with good quality,0b0010,Decreasing quality,0b01,Low,0b1,Yes,0b0,No,0b0,No,0b001,Land (Nothing else but land),0b0,No,0b0,No,0b00000000000000000000000000000001,0b00000000000000000000000000000001,"Marginal data, Useful, but look at other QA information"
City,Quito,-0.1807,-78.4678,2022-09-30,h10v09,86.0,735.0,0.4749,2376.0,1.0,0b0000100101001000,0b00,VI produced with good quality,0b0010,Decreasing quality,0b01,Low,0b1,Yes,0b0,No,0b0,No,0b001,Land (Nothing else but land),0b0,No,0b0,No,0b00000000000000000000000000000001,0b00000000000000000000000000000001,"Marginal data, Useful, but look at other QA information"
City,Quito,-0.1807,-78.4678,2022-10-16,h10v09,86.0,735.0,0.6304,2116.0,0.0,0b0000100001000100,0b00,VI produced with good quality,0b0001,Lower quality,0b01,Low,0b0,No,0b0,No,0b0,No,0b001,Land (Nothing else but land),0b0,No,0b0,No,0b00000000000000000000000000000000,0b00000000000000000000000000000000,"Good data, use with confidence"
City,Quito,-0.1807,-78.4678,2022-11-01,h10v09,86.0,735.0,0.6526,2116.0,0.0,0b0000100001000100,0b00,VI produced with good quality,0b0001,Lower quality,0b01,Low,0b0,No,0b0,No,0b0,No,0b001,Land (Nothing else but land),0b0,No,0b0,No,0b00000000000000000000000000000000,0b00000000000000000000000000000000,"Good data, use with confidence"
City,Quito,-0.1807,-78.4678,2022-11-17,h10v09,86.0,735.0,0.7077,2376.0,1.0,0b0000100101001000,0b00,VI produced with good quality,0b0010,Decreasing quality,0b01,Low,0b1,Yes,0b0,No,0b0,No,0b001,Land (Nothing else but land),0b0,No,0b0,No,0b00000000000000000000000000000001,0b00000000000000000000000000000001,"Marginal data, Useful, but look at other QA information"
City,Quito,-0.1807,-78.4678,2022-12-03,h10v09,86.0,735.0,0.5817,2062.0,3.0,0b0000100000001110,0b10,"Pixel produced, but most probably cloudy",0b0011,Decreasing quality,0b00,Climatology,0b0,No,0b0,No,0b0,No,0b001,Land (Nothing else but land),0b0,No,0b0,No,0b00000000000000000000000000000011,0b00000000000000000000000000000011,"Cloudy data, Target not visible, covered with cloud"
City,Quito,-0.1807,-78.4678,2022-12-19,h10v09,86.0,735.0,0.5577,4114.0,3.0,0b0001000000010010,0b10,"Pixel produced, but most probably cloudy",0b0100,Decreasing quality,0b00,Climatology,0b0,No,0b0,No,0b0,No,0b010,Ocean coastlines and lake shorelines,0b0,No,0b0,No,0b00000000000000000000000000000011,0b00000000000000000000000000000011,"Cloudy data, Target not visible, covered with cloud"
City,Quito,-0.1807,-78.4678,2023-01-01,h10v09,86.0,735.0,0.1551,2062.0,3.0,0b0000100000001110,0b10,"Pixel produced, but most probably cloudy",0b0011,Decreasing quality,0b00,Climatology,0b0,No,0b0,No,0b0,No,0b001,Land (Nothing else but land),0b0,No,0b0,No,0b00000000000000000000000000000011,0b00000000000000000000000000000011,"Cloudy data, Target not visible, covered with cloud"
City,Quito,-0.1807,-78.4678,2023-01-17,h10v09,86.0,735.0,0.651,2376.0,1.0,0b0000100101001000,0b00,VI produced with good quality,0b0010,Decreasing quality,0b01,Low,0b1,Yes,0b0,No,0b0,No,0b001,Land (Nothing else but land),0b0,No,0b0,No,0b00000000000000000000000000000001,0b00000000000000000000000000000001,"Marginal data, Useful, but look at other QA information"
City,Quito,-0.1807,-78.4678,2023-02-02,h10v09,86.0,735.0,0.6498,2376.0,1.0,0b0000100101001000,0b00,VI produced with good quality,0b0010,Decreasing quality,0b01,Low,0b1,Yes,0b0,No,0b0,No,0b001,Land (Nothing else but land),0b0,No,0b0,No,0b00000000000000000000000000000001,0b00000000000000000000000000000001,"Marginal data, Useful, but look at other QA information"
City,Quito,-0.1807,-78.4678,2023-02-18,h10v09,86.0,735.0,0.6871,2376.0,1.0,0b0000100101001000,0b00,VI produced with good quality,0b0010,Decreasing quality,0b01,Low,0b1,Yes,0b0,No,0b0,No,0b001,Land (Nothing else but land),0b0,No,0b0,No,0b00000000000000000000000000000001,0b00000000000000000000000000000001,"Marginal data, Useful, but look at other QA information"
City,Quito,-0.1807,-78.4678,2023-03-06,h10v09,86.0,735.0,0.3757,2062.0,3.0,0b0000100000001110,0b10,"Pixel produced, but most probably cloudy",0b0011,Decreasing quality,0b00,Climatology,0b0,No,0b0,No,0b0,No,0b001,Land (Nothing else but land),0b0,No,0b0,No,0b00000000000000000000000000000011,0b00000000000000000000000000000011,"Cloudy data, Target not visible, covered with cloud"
City,Quito,-0.1807,-78.4678,2023-03-22,h10v09,86.0,735.0,0.4851,2445.0,1.0,0b0000100110001101,0b01,"VI produced, but check other QA",0b0011,Decreasing quality,0b10,Average,0b1,Yes,0b0,No,0b0,No,0b001,Land (Nothing else but land),0b0,No,0b0,No,0b00000000000000000000000000000001,0b00000000000000000000000000000001,"Marginal data, Useful, but look at other QA information"
City,Quito,-0.1807,-78.4678,2023-04-07,h10v09,86.0,735.0,0.7619,35152.0,1.0,0b1000100101010000,0b00,VI produced with good quality,0b0100,Decreasing quality,0b01,Low,0b1,Yes,0b0,No,0b0,No,0b001,Land (Nothing else but land),0b0,No,0b1,Yes,0b00000000000000000000000000000001,0b00000000000000000000000000000001,"Marginal data, Useful, but look at other QA information"
City,Quito,-0.1807,-78.4678,2023-04-23,h10v09,86.0,735.0,0.6279,2376.0,1.0,0b0000100101001000,0b00,VI produced with good quality,0b0010,Decreasing quality,0b01,Low,0b1,Yes,0b0,No,0b0,No,0b001,Land (Nothing else but land),0b0,No,0b0,No,0b00000000000000000000000000000001,0b00000000000000000000000000000001,"Marginal data, Useful, but look at other QA information"
City,Quito,-0.1807,-78.4678,2023-05-09,h10v09,86.0,735.0,0.6171,35152.0,1.0,0b1000100101010000,0b00,VI produced with good quality,0b0100,Decreasing quality,0b01,Low,0b1,Yes,0b0,No,0b0,No,0b001,Land (Nothing else but land),0b0,No,0b1,Yes,0b00000000000000000000000000000001,0b00000000000000000000000000000001,"Marginal data, Useful, but look at other QA information"
City,Quito,-0.1807,-78.4678,2023-05-25,h10v09,86.0,735.0,0.6265,35152.0,1.0,0b1000100101010000,0b00,VI produced with good quality,0b0100,Decreasing quality,0b01,Low,0b1,Yes,0b0,No,0b0,No,0b001,Land (Nothing else but land),0b0,No,0b1,Yes,0b00000000000000000000000000000001,0b00000000000000000000000000000001,"Marginal data, Useful, but look at other QA information"
City,Quito,-0.1807,-78.4678,2023-06-10,h10v09,86.0,735.0,0.5992,2376.0,1.0,0b0000100101001000,0b00,VI produced with good quality,0b0010,Decreasing quality,0b01,Low,0b1,Yes,0b0,No,0b0,No,0b001,Land (Nothing else but land),0b0,No,0b0,No,0b00000000000000000000000000000001,0b00000000000000000000000000000001,"Marginal data, Useful, but look at other QA information"
City,Quito,-0.1807,-78.4678,2023-06-26,h10v09,86.0,735.0,0.666,2376.0,1.0,0b0000100101001000,0b00,VI produced with good quality,0b0010,Decreasing quality,0b01,Low,0b1,Yes,0b0,No,0b0,No,0b001,Land (Nothing else but land),0b0,No,0b0,No,0b00000000000000000000000000000001,0b00000000000000000000000000000001,"Marginal data, Useful, but look at other QA information"
City,Quito,-0.1807,-78.4678,2023-07-12,h10v09,86.0,735.0,0.6371,2185.0,1.0,0b0000100010001001,0b01,"VI produced, but check other QA",0b0010,Decreasing quality,0b10,Average,0b0,No,0b0,No,0b0,No,0b001,Land (Nothing else but land),0b0,No,0b0,No,0b00000000000000000000000000000001,0b00000000000000000000000000000001,"Marginal data, Useful, but look at other QA information"
City,Quito,-0.1807,-78.4678,2023-07-28,h10v09,86.0,735.0,0.6319,2376.0,1.0,0b0000100101001000,0b00,VI produced with good quality,0b0010,Decreasing quality,0b01,Low,0b1,Yes,0b0,No,0b0,No,0b001,Land (Nothing else but land),0b0,No,0b0,No,0b00000000000000000000000000000001,0b00000000000000000000000000000001,"Marginal data, Useful, but look at other QA information"
City,Quito,-0.1807,-78.4678,2023-08-13,h10v09,86.0,735.0,0.5898,2376.0,1.0,0b0000100101001000,0b00,VI produced with good quality,0b0010,Decreasing quality,0b01,Low,0b1,Yes,0b0,No,0b0,No,0b001,Land (Nothing else but land),0b0,No,0b0,No,0b00000000000000000000000000000001,0b00000000000000000000000000000001,"Marginal data, Useful, but look at other QA information"
City,Quito,-0.1807,-78.4678,2023-08-29,h10v09,86.0,735.0,0.6094,2376.0,1.0,0b0000100101001000,0b00,VI produced with good quality,0b0010,Decreasing quality,0b01,Low,0b1,Yes,0b0,No,0b0,No,0b001,Land (Nothing else but land),0b0,No,0b0,No,0b00000000000000000000000000000001,0b00000000000000000000000000000001,"Marginal data, Useful, but look at other QA information"
City,Quito,-0.1807,-78.4678,2023-09-14,h10v09,86.0,735.0,0.5927,2189.0,1.0,0b0000100010001101,0b01,"VI produced, but check other QA",0b0011,Decreasing quality,0b10,Average,0b0,No,0b0,No,0b0,No,0b001,Land (Nothing else but land),0b0,No,0b0,No,0b00000000000000000000000000000001,0b00000000000000000000000000000001,"Marginal data, Useful, but look at other QA information"
City,Quito,-0.1807,-78.4678,2023-09-30,h10v09,86.0,735.0,0.521,2376.0,1.0,0b0000100101001000,0b00,VI produced with good quality,0b0010,Decreasing quality,0b01,Low,0b1,Yes,0b0,No,0b0,No,0b001,Land (Nothing else but land),0b0,No,0b0,No,0b00000000000000000000000000000001,0b00000000000000000000000000000001,"Marginal data, Useful, but look at other QA information"
City,Quito,-0.1807,-78.4678,2023-10-16,h10v09,86.0,735.0,0.3497,2445.0,1.0,0b0000100110001101,0b01,"VI produced, but check other QA",0b0011,Decreasing quality,0b10,Average,0b1,Yes,0b0,No,0b0,No,0b001,Land (Nothing else but land),0b0,No,0b0,No,0b00000000000000000000000000000001,0b00000000000000000000000000000001,"Marginal data, Useful, but look at other QA information"
City,Quito,-0.1807,-78.4678,2023-11-01,h10v09,86.0,735.0,0.6507,2376.0,1.0,0b0000100101001000,0b00,VI produced with good quality,0b0010,Decreasing quality,0b01,Low,0b1,Yes,0b0,No,0b0,No,0b001,Land (Nothing else but land),0b0,No,0b0,No,0b00000000000000000000000000000001,0b00000000000000000000000000000001,"Marginal data, Useful, but look at other QA information"
City,Quito,-0.1807,-78.4678,2023-11-17,h10v09,86.0,735.0,0.6716,2376.0,1.0,0b0000100101001000,0b00,VI produced with good quality,0b0010,Decreasing quality,0b01,Low,0b1,Yes,0b0,No,0b0,No,0b001,Land (Nothing else but land),0b0,No,0b0,No,0b00000000000000000000000000000001,0b00000000000000000000000000000001,"Marginal data, Useful, but look at other QA information"
City,Quito,-0.1807,-78.4678,2023-12-03,h10v09,86.0,735.0,0.6999,2376.0,1.0,0b0000100101001000,0b00,VI produced with good quality,0b0010,Decreasing quality,0b01,Low,0b1,Yes,0b0,No,0b0,No,0b001,Land (Nothing else but land),0b0,No,0b0,No,0b00000000000000000000000000000001,0b00000000000000000000000000000001,"Marginal data, Useful, but look at other QA information"
City,Quito,-0.1807,-78.4678,2023-12-19,h10v09,86.0,735.0,0.7749,2445.0,1.0,0b0000100110001101,0b01,"VI produced, but check other QA",0b0011,Decreasing quality,0b10,Average,0b1,Yes,0b0,No,0b0,No,0b001,Land (Nothing else but land),0b0,No,0b0,No,0b00000000000000000000000000000001,0b00000000000000000000000000000001,"Marginal data, Useful, but look at other QA information"
City,Quito,-0.1807,-78.4678,2024-01-01,h10v09,86.0,735.0,0.6867,35221.0,1.0,0b1000100110010101,0b01,"VI produced, but check other QA",0b0101,Decreasing quality,0b10,Average,0b1,Yes,0b0,No,0b0,No,0b001,Land (Nothing else but land),0b0,No,0b1,Yes,0b00000000000000000000000000000001,0b00000000000000000000000000000001,"Marginal data, Useful, but look at other QA information"
City,Quito,-0.1807,-78.4678,2024-01-17,h10v09,86.0,735.0,0.7137,2062.0,3.0,0b0000100000001110,0b10,"Pixel produced, but most probably cloudy",0b0011,Decreasing quality,0b00,Climatology,0b0,No,0b0,No,0b0,No,0b001,Land (Nothing else but land),0b0,No,0b0,No,0b00000000000000000000000000000011,0b00000000000000000000000000000011,"Cloudy data, Target not visible, covered with cloud"
City,Quito,-0.1807,-78.4678,2024-02-02,h10v09,86.0,735.0,0.7116,2376.0,1.0,0b0000100101001000,0b00,VI produced with good quality,0b0010,Decreasing quality,0b01,Low,0b1,Yes,0b0,No,0b0,No,0b001,Land (Nothing else but land),0b0,No,0b0,No,0b00000000000000000000000000000001,0b00000000000000000000000000000001,"Marginal data, Useful, but look at other QA information"
City,Quito,-0.1807,-78.4678,2024-02-18,h10v09,86.0,735.0,0.3616,35298.0,3.0,0b1000100111100010,0b10,"Pixel produced, but most probably cloudy",0b1000,Decreasing quality,0b11,High,0b1,Yes,0b0,No,0b0,No,0b001,Land (Nothing else but land),0b0,No,0b1,Yes,0b00000000000000000000000000000011,0b00000000000000000000000000000011,"Cloudy data, Target not visible, covered with cloud"
City,Quito,-0.1807,-78.4678,2024-03-05,h10v09,86.0,735.0,0.5674,36258.0,3.0,0b1000110110100010,0b10,"Pixel produced, but most probably cloudy",0b1000,Decreasing quality,0b10,Average,0b1,Yes,0b0,No,0b1,Yes,0b001,Land (Nothing else but land),0b0,No,0b1,Yes,0b00000000000000000000000000000011,0b00000000000000000000000000000011,"Cloudy data, Target not visible, covered with cloud"
City,Quito,-0.1807,-78.4678,2024-03-21,h10v09,86.0,735.0,0.6563,35152.0,1.0,0b1000100101010000,0b00,VI produced with good quality,0b0100,Decreasing quality,0b01,Low,0b1,Yes,0b0,No,0b0,No,0b001,Land (Nothing else but land),0b0,No,0b1,Yes,0b00000000000000000000000000000001,0b00000000000000000000000000000001,"Marginal data, Useful, but look at other QA information"
City,Quito,-0.1807,-78.4678,2024-04-06,h10v09,86.0,735.0,0.5645,2376.0,1.0,0b0000100101001000,0b00,VI produced with good quality,0b0010,Decreasing quality,0b01,Low,0b1,Yes,0b0,No,0b0,No,0b001,Land (Nothing else but land),0b0,No,0b0,No,0b00000000000000000000000000000001,0b00000000000000000000000000000001,"Marginal data, Useful, but look at other QA information"
City,Quito,-0.1807,-78.4678,2024-04-22,h10v09,86.0,735.0,0.8151,2189.0,1.0,0b0000100010001101,0b01,"VI produced, but check other QA",0b0011,Decreasing quality,0b10,Average,0b0,No,0b0,No,0b0,No,0b001,Land (Nothing else but land),0b0,No,0b0,No,0b00000000000000000000000000000001,0b00000000000000000000000000000001,"Marginal data, Useful, but look at other QA information"
City,Quito,-0.1807,-78.4678,2024-05-08,h10v09,86.0,735.0,0.7086,2445.0,1.0,0b0000100110001101,0b01,"VI produced, but check other QA",0b0011,Decreasing quality,0b10,Average,0b1,Yes,0b0,No,0b0,No,0b001,Land (Nothing else but land),0b0,No,0b0,No,0b00000000000000000000000000000001,0b00000000000000000000000000000001,"Marginal data, Useful, but look at other QA information"
City,Quito,-0.1807,-78.4678,2024-05-24,h10v09,86.0,735.0,0.7555,2189.0,1.0,0b0000100010001101,0b01,"VI produced, but check other QA",0b0011,Decreasing quality,0b10,Average,0b0,No,0b0,No,0b0,No,0b001,Land (Nothing else but land),0b0,No,0b0,No,0b00000000000000000000000000000001,0b00000000000000000000000000000001,"Marginal data, Useful, but look at other QA information"
City,Quito,-0.1807,-78.4678,2024-06-09,h10v09,86.0,735.0,0.6659,2376.0,1.0,0b0000100101001000,0b00,VI produced with good quality,0b0010,Decreasing quality,0b01,Low,0b1,Yes,0b0,No,0b0,No,0b001,Land (Nothing else but land),0b0,No,0b0,No,0b00000000000000000000000000000001,0b00000000000000000000000000000001,"Marginal data, Useful, but look at other QA information"
City,Quito,-0.1807,-78.4678,2024-06-25,h10v09,86.0,735.0,0.6059,2376.0,1.0,0b0000100101001000,0b00,VI produced with good quality,0b0010,Decreasing quality,0b01,Low,0b1,Yes,0b0,No,0b0,No,0b001,Land (Nothing else but land),0b0,No,0b0,No,0b00000000000000000000000000000001,0b00000000000000000000000000000001,"Marginal data, Useful, but look at other QA information"
City,Quito,-0.1807,-78.4678,2024-07-11,h10v09,86.0,735.0,0.64,2116.0,0.0,0b0000100001000100,0b00,VI produced with good quality,0b0001,Lower quality,0b01,Low,0b0,No,0b0,No,0b0,No,0b001,Land (Nothing else but land),0b0,No,0b0,No,0b00000000000000000000000000000000,0b00000000000000000000000000000000,"Good data, use with confidence"
City,Quito,-0.1807,-78.4678,2024-07-27,h10v09,86.0,735.0,0.6434,2116.0,0.0,0b0000100001000100,0b00,VI produced with good quality,0b0001,Lower quality,0b01,Low,0b0,No,0b0,No,0b0,No,0b001,Land (Nothing else but land),0b0,No,0b0,No,0b00000000000000000000000000000000,0b00000000000000000000000000000000,"Good data, use with confidence"
City,Quito,-0.1807,-78.4678,2024-08-12,h10v09,86.0,735.0,0.606,2189.0,1.0,0b0000100010001101,0b01,"VI produced, but check other QA",0b0011,Decreasing quality,0b10,Average,0b0,No,0b0,No,0b0,No,0b001,Land (Nothing else but land),0b0,No,0b0,No,0b00000000000000000000000000000001,0b00000000000000000000000000000001,"Marginal data, Useful, but look at other QA information"
City,Quito,-0.1807,-78.4678,2024-08-28,h10v09,86.0,735.0,0.5194,2116.0,0.0,0b0000100001000100,0b00,VI produced with good quality,0b0001,Lower quality,0b01,Low,0b0,No,0b0,No,0b0,No,0b001,Land (Nothing else but land),0b0,No,0b0,No,0b00000000000000000000000000000000,0b00000000000000000000000000000000,"Good data, use with confidence"
City,Quito,-0.1807,-78.4678,2024-09-13,h10v09,86.0,735.0,0.4108,2376.0,1.0,0b0000100101001000,0b00,VI produced with good quality,0b0010,Decreasing quality,0b01,Low,0b1,Yes,0b0,No,0b0,No,0b001,Land (Nothing else but land),0b0,No,0b0,No,0b00000000000000000000000000000001,0b00000000000000000000000000000001,"Marginal data, Useful, but look at other QA information"
City,Quito,-0.1807,-78.4678,2024-09-29,h10v09,86.0,735.0,0.4898,2376.0,1.0,0b0000100101001000,0b00,VI produced with good quality,0b0010,Decreasing quality,0b01,Low,0b1,Yes,0b0,No,0b0,No,0b001,Land (Nothing else but land),0b0,No,0b0,No,0b00000000000000000000000000000001,0b00000000000000000000000000000001,"Marginal data, Useful, but look at other QA information"
City,Quito,-0.1807,-78.4678,2024-10-15,h10v09,86.0,735.0,0.662,2376.0,1.0,0b0000100101001000,0b00,VI produced with good quality,0b0010,Decreasing quality,0b01,Low,0b1,Yes,0b0,No,0b0,No,0b001,Land (Nothing else but land),0b0,No,0b0,No,0b00000000000000000000000000000001,0b00000000000000000000000000000001,"Marginal data, Useful, but look at other QA information"
City,Quito,-0.1807,-78.4678,2024-10-31,h10v09,86.0,735.0,0.4084,2521.0,1.0,0b0000100111011001,0b01,"VI produced, but check other QA",0b0110,Decreasing quality,0b11,High,0b1,Yes,0b0,No,0b0,No,0b001,Land (Nothing else but land),0b0,No,0b0,No,0b00000000000000000000000000000001,0b00000000000000000000000000000001,"Marginal data, Useful, but look at other QA information"
City,Quito,-0.1807,-78.4678,2024-11-16,h10v09,86.0,735.0,0.6288,2376.0,1.0,0b0000100101001000,0b00,VI produced with good quality,0b0010,Decreasing quality,0b01,Low,0b1,Yes,0b0,No,0b0,No,0b001,Land (Nothing else but land),0b0,No,0b0,No,0b00000000000000000000000000000001,0b00000000000000000000000000000001,"Marginal data, Useful, but look at other QA information"
City,Quito,-0.1807,-78.4678,2024-12-02,h10v09,86.0,735.0,0.59,35152.0,1.0,0b1000100101010000,0b00,VI produced with good quality,0b0100,Decreasing quality,0b01,Low,0b1,Yes,0b0,No,0b0,No,0b001,Land (Nothing else but land),0b0,No,0b1,Yes,0b00000000000000000000000000000001,0b00000000000000000000000000000001,"Marginal data, Useful, but look at other QA information"
City,Quito,-0.1807,-78.4678,2024-12-18,h10v09,86.0,735.0,0.5847,2066.0,3.0,0b0000100000010010,0b10,"Pixel produced, but most probably cloudy",0b0100,Decreasing quality,0b00,Climatology,0b0,No,0b0,No,0b0,No,0b001,Land (Nothing else but land),0b0,No,0b0,No,0b00000000000000000000000000000011,0b00000000000000000000000000000011,"Cloudy data, Target not visible, covered with cloud"
City,Quito,-0.1807,-78.4678,2025-01-01,h10v09,86.0,735.0,0.6079,2445.0,1.0,0b0000100110001101,0b01,"VI produced, but check other QA",0b0011,Decreasing quality,0b10,Average,0b1,Yes,0b0,No,0b0,No,0b001,Land (Nothing else but land),0b0,No,0b0,No,0b00000000000000000000000000000001,0b00000000000000000000000000000001,"Marginal data, Useful, but look at other QA information"
City,Quito,-0.1807,-78.4678,2025-01-17,h10v09,86.0,735.0,0.745,35221.0,1.0,0b1000100110010101,0b01,"VI produced, but check other QA",0b0101,Decreasing quality,0b10,Average,0b1,Yes,0b0,No,0b0,No,0b001,Land (Nothing else but land),0b0,No,0b1,Yes,0b00000000000000000000000000000001,0b00000000000000000000000000000001,"Marginal data, Useful, but look at other QA information"
City,Quito,-0.1807,-78.4678,2025-02-02,h10v09,86.0,735.0,0.1908,2062.0,3.0,0b0000100000001110,0b10,"Pixel produced, but most probably cloudy",0b0011,Decreasing quality,0b00,Climatology,0b0,No,0b0,No,0b0,No,0b001,Land (Nothing else but land),0b0,No,0b0,No,0b00000000000000000000000000000011,0b00000000000000000000000000000011,"Cloudy data, Target not visible, covered with cloud"
City,Quito,-0.1807,-78.4678,2025-02-18,h10v09,86.0,735.0,0.572,35221.0,1.0,0b1000100110010101,0b01,"VI produced, but check other QA",0b0101,Decreasing quality,0b10,Average,0b1,Yes,0b0,No,0b0,No,0b001,Land (Nothing else but land),0b0,No,0b1,Yes,0b00000000000000000000000000000001,0b00000000000000000000000000000001,"Marginal data, Useful, but look at other QA information"
City,Quito,-0.1807,-78.4678,2025-03-06,h10v09,86.0,735.0,0.5802,2062.0,3.0,0b0000100000001110,0b10,"Pixel produced, but most probably cloudy",0b0011,Decreasing quality,0b00,Climatology,0b0,No,0b0,No,0b0,No,0b001,Land (Nothing else but land),0b0,No,0b0,No,0b00000000000000000000000000000011,0b00000000000000000000000000000011,"Cloudy data, Target not visible, covered with cloud"
City,Quito,-0.1807,-78.4678,2025-03-22,h10v09,86.0,735.0,0.697,35152.0,1.0,0b1000100101010000,0b00,VI produced with good quality,0b0100,Decreasing quality,0b01,Low,0b1,Yes,0b0,No,0b0,No,0b001,Land (Nothing else but land),0b0,No,0b1,Yes,0b00000000000000000000000000000001,0b00000000000000000000000000000001,"Marginal data, Useful, but look at other QA information"
City,Quito,-0.1807,-78.4678,2025-04-07,h10v09,86.0,735.0,0.6952,2376.0,1.0,0b0000100101001000,0b00,VI produced with good quality,0b0010,Decreasing quality,0b01,Low,0b1,Yes,0b0,No,0b0,No,0b001,Land (Nothing else but land),0b0,No,0b0,No,0b00000000000000000000000000000001,0b00000000000000000000000000000001,"Marginal data, Useful, but look at other QA information"
City,Quito,-0.1807,-78.4678,2025-04-23,h10v09,86.0,735.0,0.5435,2062.0,3.0,0b0000100000001110,0b10,"Pixel produced, but most probably cloudy",0b0011,Decreasing quality,0b00,Climatology,0b0,No,0b0,No,0b0,No,0b001,Land (Nothing else but land),0b0,No,0b0,No,0b00000000000000000000000000000011,0b00000000000000000000000000000011,"Cloudy data, Target not visible, covered with cloud"
City,Quito,-0.1807,-78.4678,2025-05-09,h10v09,86.0,735.0,0.7566,3102.0,3.0,0b0000110000011110,0b10,"Pixel produced, but most probably cloudy",0b0111,Decreasing quality,0b00,Climatology,0b0,No,0b0,No,0b1,Yes,0b001,Land (Nothing else but land),0b0,No,0b0,No,0b00000000000000000000000000000011,0b00000000000000000000000000000011,"Cloudy data, Target not visible, covered with cloud"
City,Quito,-0.1807,-78.4678,2025-05-25,h10v09,86.0,735.0,0.7756,2449.0,1.0,0b0000100110010001,0b01,"VI produced, but check other QA",0b0100,Decreasing quality,0b10,Average,0b1,Yes,0b0,No,0b0,No,0b001,Land (Nothing else but land),0b0,No,0b0,No,0b00000000000000000000000000000001,0b00000000000000000000000000000001,"Marginal data, Useful, but look at other QA information"
City,Quito,-0.1807,-78.4678,2025-06-10,h10v09,86.0,735.0,0.7682,35152.0,1.0,0b1000100101010000,0b00,VI produced with good quality,0b0100,Decreasing quality,0b01,Low,0b1,Yes,0b0,No,0b0,No,0b001,Land (Nothing else but land),0b0,No,0b1,Yes,0b00000000000000000000000000000001,0b00000000000000000000000000000001,"Marginal data, Useful, but look at other QA information"
City,Quito,-0.1807,-78.4678,2025-06-26,h10v09,86.0,735.0,0.691,2376.0,1.0,0b0000100101001000,0b00,VI produced with good quality,0b0010,Decreasing quality,0b01,Low,0b1,Yes,0b0,No,0b0,No,0b001,Land (Nothing else but land),0b0,No,0b0,No,0b00000000000000000000000000000001,0b00000000000000000000000000000001,"Marginal data, Useful, but look at other QA information"
City,Quito,-0.1807,-78.4678,2025-07-12,h10v09,86.0,735.0,0.651,2376.0,1.0,0b0000100101001000,0b00,VI produced with good quality,0b0010,Decreasing quality,0b01,Low,0b1,Yes,0b0,No,0b0,No,0b001,Land (Nothing else but land),0b0,No,0b0,No,0b00000000000000000000000000000001,0b00000000000000000000000000000001,"Marginal data, Useful, but look at other QA information"
City,Quito,-0.1807,-78.4678,2025-07-28,h10v09,86.0,735.0,0.6086,2376.0,1.0,0b0000100101001000,0b00,VI produced with good quality,0b0010,Decreasing quality,0b01,Low,0b1,Yes,0b0,No,0b0,No,0b001,Land (Nothing else but land),0b0,No,0b0,No,0b00000000000000000000000000000001,0b00000000000000000000000000000001,"Marginal data, Useful, but look at other QA information"
City,Quito,-0.1807,-78.4678,2025-08-13,h10v09,86.0,735.0,0.6083,2376.0,1.0,0b0000100101001000,0b00,VI produced with good quality,0b0010,Decreasing quality,0b01,Low,0b1,Yes,0b0,No,0b0,No,0b001,Land (Nothing else but land),0b0,No,0b0,No,0b00000000000000000000000000000001,0b00000000000000000000000000000001,"Marginal data, Useful, but look at other QA information"
City,Quito,-0.1807,-78.4678,2025-08-29,h10v09,86.0,735.0,0.5461,35152.0,1.0,0b1000100101010000,0b00,VI produced with good quality,0b0100,Decreasing quality,0b01,Low,0b1,Yes,0b0,No,0b0,No,0b001,Land (Nothing else but land),0b0,No,0b1,Yes,0b00000000000000000000000000000001,0b00000000000000000000000000000001,"Marginal data, Useful, but look at other QA information"
City,Quito,-0.1807,-78.4678,2025-09-14,h10v09,86.0,735.0,0.4422,2376.0,1.0,0b0000100101001000,0b00,VI produced with good quality,0b0010,Decreasing quality,0b01,Low,0b1,Yes,0b0,No,0b0,No,0b001,Land (Nothing else but land),0b0,No,0b0,No,0b00000000000000000000000000000001,0b00000000000000000000000000000001,"Marginal data, Useful, but look at other QA information"
City,Quito,-0.1807,-78.4678,2025-09-30,h10v09,86.0,735.0,0.6197,2376.0,1.0,0b0000100101001000,0b00,VI produced with good quality,0b0010,Decreasing quality,0b01,Low,0b1,Yes,0b0,No,0b0,No,0b001,Land (Nothing else but land),0b0,No,0b0,No,0b00000000000000000000000000000001,0b00000000000000000000000000000001,"Marginal data, Useful, but look at other QA information"
City,Quito,-0.1807,-78.4678,2025-10-16,h10v09,86.0,735.0,0.6857,2376.0,1.0,0b0000100101001000,0b00,VI produced with good quality,0b0010,Decreasing quality,0b01,Low,0b1,Yes,0b0,No,0b0,No,0b001,Land (Nothing else but land),0b0,No,0b0,No,0b00000000000000000000000000000001,0b00000000000000000000000000000001,"Marginal data, Useful, but look at other QA information"
City,Quito,-0.1807,-78.4678,2025-11-01,h10v09,86.0,735.0,0.6505,2445.0,1.0,0b0000100110001101,0b01,"VI produced, but check other QA",0b0011,Decreasing quality,0b10,Average,0b1,Yes,0b0,No,0b0,No,0b001,Land (Nothing else but land),0b0,No,0b0,No,0b00000000000000000000000000000001,0b00000000000000000000000000000001,"Marginal data, Useful, but look at other QA information"
City,Quito,-0.1807,-78.4678,2025-11-17,h10v09,86.0,735.0,0.2674,2062.0,3.0,0b0000100000001110,0b10,"Pixel produced, but most probably cloudy",0b0011,Decreasing quality,0b00,Climatology,0b0,No,0b0,No,0b0,No,0b001,Land (Nothing else but land),0b0,No,0b0,No,0b00000000000000000000000000000011,0b00000000000000000000000000000011,"Cloudy data, Target not visible, covered with cloud"
City,Quito,-0.1807,-78.4678,2025-12-03,h10v09,86.0,735.0,0.5548,2120.0,1.0,0b0000100001001000,0b00,VI produced with good quality,0b0010,Decreasing quality,0b01,Low,0b0,No,0b0,No,0b0,No,0b001,Land (Nothing else but land),0b0,No,0b0,No,0b00000000000000000000000000000001,0b00000000000000000000000000000001,"Marginal data, Useful, but look at other QA information"
City,Quito,-0.1807,-78.4678,2025-12-19,h10v09,86.0,735.0,0.6457,35152.0,1.0,0b1000100101010000,0b00,VI produced with good quality,0b0100,Decreasing quality,0b01,Low,0b1,Yes,0b0,No,0b0,No,0b001,Land (Nothing else but land),0b0,No,0b1,Yes,0b00000000000000000000000000000001,0b00000000000000000000000000000001,"Marginal data, Useful, but look at other QA information"
City,Quito,-0.1807,-78.4678,2026-01-01,h10v09,86.0,735.0,0.664,2445.0,1.0,0b0000100110001101,0b01,"VI produced, but check other QA",0b0011,Decreasing quality,0b10,Average,0b1,Yes,0b0,No,0b0,No,0b001,Land (Nothing else but land),0b0,No,0b0,No,0b00000000000000000000000000000001,0b00000000000000000000000000000001,"Marginal data, Useful, but look at other QA information"
City,Quito,-0.1807,-78.4678,2026-01-17,h10v09,86.0,735.0,0.6488,2376.0,1.0,0b0000100101001000,0b00,VI produced with good quality,0b0010,Decreasing quality,0b01,Low,0b1,Yes,0b0,No,0b0,No,0b001,Land (Nothing else but land),0b0,No,0b0,No,0b00000000000000000000000000000001,0b00000000000000000000000000000001,"Marginal data, Useful, but look at other QA information"
City,Quito,-0.1807,-78.4678,2026-02-02,h10v09,86.0,735.0,0.1633,2062.0,3.0,0b0000100000001110,0b10,"Pixel produced, but most probably cloudy",0b0011,Decreasing quality,0b00,Climatology,0b0,No,0b0,No,0b0,No,0b001,Land (Nothing else but land),0b0,No,0b0,No,0b00000000000000000000000000000011,0b00000000000000000000000000000011,"Cloudy data, Target not visible, covered with cloud"
City,Quito,-0.1807,-78.4678,2026-02-18,h10v09,86.0,735.0,0.7266,2376.0,1.0,0b0000100101001000,0b00,VI produced with good quality,0b0010,Decreasing quality,0b01,Low,0b1,Yes,0b0,No,0b0,No,0b001,Land (Nothing else but land),0b0,No,0b0,No,0b00000000000000000000000000000001,0b00000000000000000000000000000001,"Marginal data, Useful, but look at other QA information"
City,Quito,-0.1807,-78.4678,2026-03-06,h10v09,86.0,735.0,0.741,2376.0,1.0,0b0000100101001000,0b00,VI produced with good quality,0b0010,Decreasing quality,0b01,Low,0b1,Yes,0b0,No,0b0,No,0b001,Land (Nothing else but land),0b0,No,0b0,No,0b00000000000000000000000000000001,0b00000000000000000000000000000001,"Marginal data, Useful, but look at other QA information"
City,Quito,-0.1807,-78.4678,2026-03-22,h10v09,86.0,735.0,0.6733,2521.0,1.0,0b0000100111011001,0b01,"VI produced, but check other QA",0b0110,Decreasing quality,0b11,High,0b1,Yes,0b0,No,0b0,No,0b001,Land (Nothing else but land),0b0,No,0b0,No,0b00000000000000000000000000000001,0b00000000000000000000000000000001,"Marginal data, Useful, but look at other QA information"
City,Quito,-0.1807,-78.4678,2026-04-07,h10v09,86.0,735.0,0.6311,35221.0,1.0,0b1000100110010101,0b01,"VI produced, but check other QA",0b0101,Decreasing quality,0b10,Average,0b1,Yes,0b0,No,0b0,No,0b001,Land (Nothing else but land),0b0,No,0b1,Yes,0b00000000000000000000000000000001,0b00000000000000000000000000000001,"Marginal data, Useful, but look at other QA information"
City,Quito,-0.1807,-78.4678,2026-04-23,h10v09,86.0,735.0,0.6666,2116.0,0.0,0b0000100001000100,0b00,VI produced with good quality,0b0001,Lower quality,0b01,Low,0b0,No,0b0,No,0b0,No,0b001,Land (Nothing else but land),0b0,No,0b0,No,0b00000000000000000000000000000000,0b00000000000000000000000000000000,"Good data, use with confidence"
City,Quito,-0.1807,-78.4678,2026-05-09,h10v09,86.0,735.0,0.6938,2376.0,1.0,0b0000100101001000,0b00,VI produced with good quality,0b0010,Decreasing quality,0b01,Low,0b1,Yes,0b0,No,0b0,No,0b001,Land (Nothing else but land),0b0,No,0b0,No,0b00000000000000000000000000000001,0b00000000000000000000000000000001,"Marginal data, Useful, but look at other QA information"
City,Riobamba,-1.6731,-78.653,2011-12-19,h10v09,803.0,662.0,0.1255,3098.0,3.0,0b0000110000011010,0b10,"Pixel produced, but most probably cloudy",0b0110,Decreasing quality,0b00,Climatology,0b0,No,0b0,No,0b1,Yes,0b001,Land (Nothing else but land),0b0,No,0b0,No,0b00000000000000000000000000000011,0b00000000000000000000000000000011,"Cloudy data, Target not visible, covered with cloud"
City,Riobamba,-1.6731,-78.653,2012-01-01,h10v09,803.0,662.0,0.102,35297.0,1.0,0b1000100111100001,0b01,"VI produced, but check other QA",0b1000,Decreasing quality,0b11,High,0b1,Yes,0b0,No,0b0,No,0b001,Land (Nothing else but land),0b0,No,0b1,Yes,0b00000000000000000000000000000001,0b00000000000000000000000000000001,"Marginal data, Useful, but look at other QA information"
City,Riobamba,-1.6731,-78.653,2012-01-17,h10v09,803.0,662.0,0.1015,2062.0,3.0,0b0000100000001110,0b10,"Pixel produced, but most probably cloudy",0b0011,Decreasing quality,0b00,Climatology,0b0,No,0b0,No,0b0,No,0b001,Land (Nothing else but land),0b0,No,0b0,No,0b00000000000000000000000000000011,0b00000000000000000000000000000011,"Cloudy data, Target not visible, covered with cloud"
City,Riobamba,-1.6731,-78.653,2012-02-02,h10v09,803.0,662.0,0.1204,2066.0,3.0,0b0000100000010010,0b10,"Pixel produced, but most probably cloudy",0b0100,Decreasing quality,0b00,Climatology,0b0,No,0b0,No,0b0,No,0b001,Land (Nothing else but land),0b0,No,0b0,No,0b00000000000000000000000000000011,0b00000000000000000000000000000011,"Cloudy data, Target not visible, covered with cloud"
City,Riobamba,-1.6731,-78.653,2012-02-18,h10v09,803.0,662.0,0.084,2066.0,3.0,0b0000100000010010,0b10,"Pixel produced, but most probably cloudy",0b0100,Decreasing quality,0b00,Climatology,0b0,No,0b0,No,0b0,No,0b001,Land (Nothing else but land),0b0,No,0b0,No,0b00000000000000000000000000000011,0b00000000000000000000000000000011,"Cloudy data, Target not visible, covered with cloud"
City,Riobamba,-1.6731,-78.653,2012-03-05,h10v09,803.0,662.0,0.0853,2066.0,3.0,0b0000100000010010,0b10,"Pixel produced, but most probably cloudy",0b0100,Decreasing quality,0b00,Climatology,0b0,No,0b0,No,0b0,No,0b001,Land (Nothing else but land),0b0,No,0b0,No,0b00000000000000000000000000000011,0b00000000000000000000000000000011,"Cloudy data, Target not visible, covered with cloud"
City,Riobamba,-1.6731,-78.653,2012-03-21,h10v09,803.0,662.0,0.0963,2062.0,3.0,0b0000100000001110,0b10,"Pixel produced, but most probably cloudy",0b0011,Decreasing quality,0b00,Climatology,0b0,No,0b0,No,0b0,No,0b001,Land (Nothing else but land),0b0,No,0b0,No,0b00000000000000000000000000000011,0b00000000000000000000000000000011,"Cloudy data, Target not visible, covered with cloud"
City,Riobamba,-1.6731,-78.653,2012-04-06,h10v09,803.0,662.0,0.1142,2062.0,3.0,0b0000100000001110,0b10,"Pixel produced, but most probably cloudy",0b0011,Decreasing quality,0b00,Climatology,0b0,No,0b0,No,0b0,No,0b001,Land (Nothing else but land),0b0,No,0b0,No,0b00000000000000000000000000000011,0b00000000000000000000000000000011,"Cloudy data, Target not visible, covered with cloud"
City,Riobamba,-1.6731,-78.653,2012-04-22,h10v09,803.0,662.0,0.1126,2062.0,3.0,0b0000100000001110,0b10,"Pixel produced, but most probably cloudy",0b0011,Decreasing quality,0b00,Climatology,0b0,No,0b0,No,0b0,No,0b001,Land (Nothing else but land),0b0,No,0b0,No,0b00000000000000000000000000000011,0b00000000000000000000000000000011,"Cloudy data, Target not visible, covered with cloud"
City,Riobamba,-1.6731,-78.653,2012-05-08,h10v09,803.0,662.0,0.1054,35152.0,1.0,0b1000100101010000,0b00,VI produced with good quality,0b0100,Decreasing quality,0b01,Low,0b1,Yes,0b0,No,0b0,No,0b001,Land (Nothing else but land),0b0,No,0b1,Yes,0b00000000000000000000000000000001,0b00000000000000000000000000000001,"Marginal data, Useful, but look at other QA information"
City,Riobamba,-1.6731,-78.653,2012-05-24,h10v09,803.0,662.0,0.1002,2062.0,3.0,0b0000100000001110,0b10,"Pixel produced, but most probably cloudy",0b0011,Decreasing quality,0b00,Climatology,0b0,No,0b0,No,0b0,No,0b001,Land (Nothing else but land),0b0,No,0b0,No,0b00000000000000000000000000000011,0b00000000000000000000000000000011,"Cloudy data, Target not visible, covered with cloud"
City,Riobamba,-1.6731,-78.653,2012-06-09,h10v09,803.0,662.0,0.1144,35152.0,1.0,0b1000100101010000,0b00,VI produced with good quality,0b0100,Decreasing quality,0b01,Low,0b1,Yes,0b0,No,0b0,No,0b001,Land (Nothing else but land),0b0,No,0b1,Yes,0b00000000000000000000000000000001,0b00000000000000000000000000000001,"Marginal data, Useful, but look at other QA information"
City,Riobamba,-1.6731,-78.653,2012-06-25,h10v09,803.0,662.0,0.079,2066.0,3.0,0b0000100000010010,0b10,"Pixel produced, but most probably cloudy",0b0100,Decreasing quality,0b00,Climatology,0b0,No,0b0,No,0b0,No,0b001,Land (Nothing else but land),0b0,No,0b0,No,0b00000000000000000000000000000011,0b00000000000000000000000000000011,"Cloudy data, Target not visible, covered with cloud"
City,Riobamba,-1.6731,-78.653,2012-07-11,h10v09,803.0,662.0,0.1213,2062.0,3.0,0b0000100000001110,0b10,"Pixel produced, but most probably cloudy",0b0011,Decreasing quality,0b00,Climatology,0b0,No,0b0,No,0b0,No,0b001,Land (Nothing else but land),0b0,No,0b0,No,0b00000000000000000000000000000011,0b00000000000000000000000000000011,"Cloudy data, Target not visible, covered with cloud"
City,Riobamba,-1.6731,-78.653,2012-07-27,h10v09,803.0,662.0,0.0884,2066.0,3.0,0b0000100000010010,0b10,"Pixel produced, but most probably cloudy",0b0100,Decreasing quality,0b00,Climatology,0b0,No,0b0,No,0b0,No,0b001,Land (Nothing else but land),0b0,No,0b0,No,0b00000000000000000000000000000011,0b00000000000000000000000000000011,"Cloudy data, Target not visible, covered with cloud"
City,Riobamba,-1.6731,-78.653,2012-08-12,h10v09,803.0,662.0,0.0694,2062.0,3.0,0b0000100000001110,0b10,"Pixel produced, but most probably cloudy",0b0011,Decreasing quality,0b00,Climatology,0b0,No,0b0,No,0b0,No,0b001,Land (Nothing else but land),0b0,No,0b0,No,0b00000000000000000000000000000011,0b00000000000000000000000000000011,"Cloudy data, Target not visible, covered with cloud"
City,Riobamba,-1.6731,-78.653,2012-08-28,h10v09,803.0,662.0,0.0993,2062.0,3.0,0b0000100000001110,0b10,"Pixel produced, but most probably cloudy",0b0011,Decreasing quality,0b00,Climatology,0b0,No,0b0,No,0b0,No,0b001,Land (Nothing else but land),0b0,No,0b0,No,0b00000000000000000000000000000011,0b00000000000000000000000000000011,"Cloudy data, Target not visible, covered with cloud"
City,Riobamba,-1.6731,-78.653,2012-09-13,h10v09,803.0,662.0,0.1056,2062.0,3.0,0b0000100000001110,0b10,"Pixel produced, but most probably cloudy",0b0011,Decreasing quality,0b00,Climatology,0b0,No,0b0,No,0b0,No,0b001,Land (Nothing else but land),0b0,No,0b0,No,0b00000000000000000000000000000011,0b00000000000000000000000000000011,"Cloudy data, Target not visible, covered with cloud"
City,Riobamba,-1.6731,-78.653,2012-09-29,h10v09,803.0,662.0,0.0837,2066.0,3.0,0b0000100000010010,0b10,"Pixel produced, but most probably cloudy",0b0100,Decreasing quality,0b00,Climatology,0b0,No,0b0,No,0b0,No,0b001,Land (Nothing else but land),0b0,No,0b0,No,0b00000000000000000000000000000011,0b00000000000000000000000000000011,"Cloudy data, Target not visible, covered with cloud"
City,Riobamba,-1.6731,-78.653,2012-10-15,h10v09,803.0,662.0,0.1022,2062.0,3.0,0b0000100000001110,0b10,"Pixel produced, but most probably cloudy",0b0011,Decreasing quality,0b00,Climatology,0b0,No,0b0,No,0b0,No,0b001,Land (Nothing else but land),0b0,No,0b0,No,0b00000000000000000000000000000011,0b00000000000000000000000000000011,"Cloudy data, Target not visible, covered with cloud"
City,Riobamba,-1.6731,-78.653,2012-10-31,h10v09,803.0,662.0,0.111,2062.0,3.0,0b0000100000001110,0b10,"Pixel produced, but most probably cloudy",0b0011,Decreasing quality,0b00,Climatology,0b0,No,0b0,No,0b0,No,0b001,Land (Nothing else but land),0b0,No,0b0,No,0b00000000000000000000000000000011,0b00000000000000000000000000000011,"Cloudy data, Target not visible, covered with cloud"
City,Riobamba,-1.6731,-78.653,2012-11-16,h10v09,803.0,662.0,0.1072,2062.0,3.0,0b0000100000001110,0b10,"Pixel produced, but most probably cloudy",0b0011,Decreasing quality,0b00,Climatology,0b0,No,0b0,No,0b0,No,0b001,Land (Nothing else but land),0b0,No,0b0,No,0b00000000000000000000000000000011,0b00000000000000000000000000000011,"Cloudy data, Target not visible, covered with cloud"
City,Riobamba,-1.6731,-78.653,2012-12-02,h10v09,803.0,662.0,0.0912,2120.0,1.0,0b0000100001001000,0b00,VI produced with good quality,0b0010,Decreasing quality,0b01,Low,0b0,No,0b0,No,0b0,No,0b001,Land (Nothing else but land),0b0,No,0b0,No,0b00000000000000000000000000000001,0b00000000000000000000000000000001,"Marginal data, Useful, but look at other QA information"
City,Riobamba,-1.6731,-78.653,2012-12-18,h10v09,803.0,662.0,0.0882,2062.0,3.0,0b0000100000001110,0b10,"Pixel produced, but most probably cloudy",0b0011,Decreasing quality,0b00,Climatology,0b0,No,0b0,No,0b0,No,0b001,Land (Nothing else but land),0b0,No,0b0,No,0b00000000000000000000000000000011,0b00000000000000000000000000000011,"Cloudy data, Target not visible, covered with cloud"
City,Riobamba,-1.6731,-78.653,2013-01-01,h10v09,803.0,662.0,0.0991,2062.0,3.0,0b0000100000001110,0b10,"Pixel produced, but most probably cloudy",0b0011,Decreasing quality,0b00,Climatology,0b0,No,0b0,No,0b0,No,0b001,Land (Nothing else but land),0b0,No,0b0,No,0b00000000000000000000000000000011,0b00000000000000000000000000000011,"Cloudy data, Target not visible, covered with cloud"
City,Riobamba,-1.6731,-78.653,2013-01-17,h10v09,803.0,662.0,0.0884,2066.0,3.0,0b0000100000010010,0b10,"Pixel produced, but most probably cloudy",0b0100,Decreasing quality,0b00,Climatology,0b0,No,0b0,No,0b0,No,0b001,Land (Nothing else but land),0b0,No,0b0,No,0b00000000000000000000000000000011,0b00000000000000000000000000000011,"Cloudy data, Target not visible, covered with cloud"
City,Riobamba,-1.6731,-78.653,2013-02-02,h10v09,803.0,662.0,0.1439,35297.0,1.0,0b1000100111100001,0b01,"VI produced, but check other QA",0b1000,Decreasing quality,0b11,High,0b1,Yes,0b0,No,0b0,No,0b001,Land (Nothing else but land),0b0,No,0b1,Yes,0b00000000000000000000000000000001,0b00000000000000000000000000000001,"Marginal data, Useful, but look at other QA information"
City,Riobamba,-1.6731,-78.653,2013-02-18,h10v09,803.0,662.0,0.1051,2062.0,3.0,0b0000100000001110,0b10,"Pixel produced, but most probably cloudy",0b0011,Decreasing quality,0b00,Climatology,0b0,No,0b0,No,0b0,No,0b001,Land (Nothing else but land),0b0,No,0b0,No,0b00000000000000000000000000000011,0b00000000000000000000000000000011,"Cloudy data, Target not visible, covered with cloud"
City,Riobamba,-1.6731,-78.653,2013-03-06,h10v09,803.0,662.0,0.0938,2062.0,3.0,0b0000100000001110,0b10,"Pixel produced, but most probably cloudy",0b0011,Decreasing quality,0b00,Climatology,0b0,No,0b0,No,0b0,No,0b001,Land (Nothing else but land),0b0,No,0b0,No,0b00000000000000000000000000000011,0b00000000000000000000000000000011,"Cloudy data, Target not visible, covered with cloud"
City,Riobamba,-1.6731,-78.653,2013-03-22,h10v09,803.0,662.0,0.1115,2062.0,3.0,0b0000100000001110,0b10,"Pixel produced, but most probably cloudy",0b0011,Decreasing quality,0b00,Climatology,0b0,No,0b0,No,0b0,No,0b001,Land (Nothing else but land),0b0,No,0b0,No,0b00000000000000000000000000000011,0b00000000000000000000000000000011,"Cloudy data, Target not visible, covered with cloud"
City,Riobamba,-1.6731,-78.653,2013-04-07,h10v09,803.0,662.0,0.0888,2445.0,1.0,0b0000100110001101,0b01,"VI produced, but check other QA",0b0011,Decreasing quality,0b10,Average,0b1,Yes,0b0,No,0b0,No,0b001,Land (Nothing else but land),0b0,No,0b0,No,0b00000000000000000000000000000001,0b00000000000000000000000000000001,"Marginal data, Useful, but look at other QA information"
City,Riobamba,-1.6731,-78.653,2013-04-23,h10v09,803.0,662.0,0.1162,2066.0,3.0,0b0000100000010010,0b10,"Pixel produced, but most probably cloudy",0b0100,Decreasing quality,0b00,Climatology,0b0,No,0b0,No,0b0,No,0b001,Land (Nothing else but land),0b0,No,0b0,No,0b00000000000000000000000000000011,0b00000000000000000000000000000011,"Cloudy data, Target not visible, covered with cloud"
City,Riobamba,-1.6731,-78.653,2013-05-09,h10v09,803.0,662.0,0.1315,2062.0,3.0,0b0000100000001110,0b10,"Pixel produced, but most probably cloudy",0b0011,Decreasing quality,0b00,Climatology,0b0,No,0b0,No,0b0,No,0b001,Land (Nothing else but land),0b0,No,0b0,No,0b00000000000000000000000000000011,0b00000000000000000000000000000011,"Cloudy data, Target not visible, covered with cloud"
City,Riobamba,-1.6731,-78.653,2013-05-25,h10v09,803.0,662.0,0.0835,2066.0,3.0,0b0000100000010010,0b10,"Pixel produced, but most probably cloudy",0b0100,Decreasing quality,0b00,Climatology,0b0,No,0b0,No,0b0,No,0b001,Land (Nothing else but land),0b0,No,0b0,No,0b00000000000000000000000000000011,0b00000000000000000000000000000011,"Cloudy data, Target not visible, covered with cloud"
City,Riobamba,-1.6731,-78.653,2013-06-10,h10v09,803.0,662.0,0.1048,2062.0,3.0,0b0000100000001110,0b10,"Pixel produced, but most probably cloudy",0b0011,Decreasing quality,0b00,Climatology,0b0,No,0b0,No,0b0,No,0b001,Land (Nothing else but land),0b0,No,0b0,No,0b00000000000000000000000000000011,0b00000000000000000000000000000011,"Cloudy data, Target not visible, covered with cloud"
City,Riobamba,-1.6731,-78.653,2013-06-26,h10v09,803.0,662.0,0.0827,2062.0,3.0,0b0000100000001110,0b10,"Pixel produced, but most probably cloudy",0b0011,Decreasing quality,0b00,Climatology,0b0,No,0b0,No,0b0,No,0b001,Land (Nothing else but land),0b0,No,0b0,No,0b00000000000000000000000000000011,0b00000000000000000000000000000011,"Cloudy data, Target not visible, covered with cloud"
City,Riobamba,-1.6731,-78.653,2013-07-12,h10v09,803.0,662.0,0.0786,2066.0,3.0,0b0000100000010010,0b10,"Pixel produced, but most probably cloudy",0b0100,Decreasing quality,0b00,Climatology,0b0,No,0b0,No,0b0,No,0b001,Land (Nothing else but land),0b0,No,0b0,No,0b00000000000000000000000000000011,0b00000000000000000000000000000011,"Cloudy data, Target not visible, covered with cloud"
City,Riobamba,-1.6731,-78.653,2013-07-28,h10v09,803.0,662.0,0.0995,2066.0,3.0,0b0000100000010010,0b10,"Pixel produced, but most probably cloudy",0b0100,Decreasing quality,0b00,Climatology,0b0,No,0b0,No,0b0,No,0b001,Land (Nothing else but land),0b0,No,0b0,No,0b00000000000000000000000000000011,0b00000000000000000000000000000011,"Cloudy data, Target not visible, covered with cloud"
City,Riobamba,-1.6731,-78.653,2013-08-13,h10v09,803.0,662.0,0.1107,2062.0,3.0,0b0000100000001110,0b10,"Pixel produced, but most probably cloudy",0b0011,Decreasing quality,0b00,Climatology,0b0,No,0b0,No,0b0,No,0b001,Land (Nothing else but land),0b0,No,0b0,No,0b00000000000000000000000000000011,0b00000000000000000000000000000011,"Cloudy data, Target not visible, covered with cloud"
City,Riobamba,-1.6731,-78.653,2013-08-29,h10v09,803.0,662.0,0.0874,2376.0,1.0,0b0000100101001000,0b00,VI produced with good quality,0b0010,Decreasing quality,0b01,Low,0b1,Yes,0b0,No,0b0,No,0b001,Land (Nothing else but land),0b0,No,0b0,No,0b00000000000000000000000000000001,0b00000000000000000000000000000001,"Marginal data, Useful, but look at other QA information"
City,Riobamba,-1.6731,-78.653,2013-09-14,h10v09,803.0,662.0,0.0878,35156.0,1.0,0b1000100101010100,0b00,VI produced with good quality,0b0101,Decreasing quality,0b01,Low,0b1,Yes,0b0,No,0b0,No,0b001,Land (Nothing else but land),0b0,No,0b1,Yes,0b00000000000000000000000000000001,0b00000000000000000000000000000001,"Marginal data, Useful, but look at other QA information"
City,Riobamba,-1.6731,-78.653,2013-09-30,h10v09,803.0,662.0,0.0875,2376.0,1.0,0b0000100101001000,0b00,VI produced with good quality,0b0010,Decreasing quality,0b01,Low,0b1,Yes,0b0,No,0b0,No,0b001,Land (Nothing else but land),0b0,No,0b0,No,0b00000000000000000000000000000001,0b00000000000000000000000000000001,"Marginal data, Useful, but look at other QA information"
City,Riobamba,-1.6731,-78.653,2013-10-16,h10v09,803.0,662.0,0.0901,2062.0,3.0,0b0000100000001110,0b10,"Pixel produced, but most probably cloudy",0b0011,Decreasing quality,0b00,Climatology,0b0,No,0b0,No,0b0,No,0b001,Land (Nothing else but land),0b0,No,0b0,No,0b00000000000000000000000000000011,0b00000000000000000000000000000011,"Cloudy data, Target not visible, covered with cloud"
City,Riobamba,-1.6731,-78.653,2013-11-01,h10v09,803.0,662.0,0.0894,2380.0,1.0,0b0000100101001100,0b00,VI produced with good quality,0b0011,Decreasing quality,0b01,Low,0b1,Yes,0b0,No,0b0,No,0b001,Land (Nothing else but land),0b0,No,0b0,No,0b00000000000000000000000000000001,0b00000000000000000000000000000001,"Marginal data, Useful, but look at other QA information"
City,Riobamba,-1.6731,-78.653,2013-11-17,h10v09,803.0,662.0,0.1301,2189.0,1.0,0b0000100010001101,0b01,"VI produced, but check other QA",0b0011,Decreasing quality,0b10,Average,0b0,No,0b0,No,0b0,No,0b001,Land (Nothing else but land),0b0,No,0b0,No,0b00000000000000000000000000000001,0b00000000000000000000000000000001,"Marginal data, Useful, but look at other QA information"
City,Riobamba,-1.6731,-78.653,2013-12-03,h10v09,803.0,662.0,0.1235,35297.0,1.0,0b1000100111100001,0b01,"VI produced, but check other QA",0b1000,Decreasing quality,0b11,High,0b1,Yes,0b0,No,0b0,No,0b001,Land (Nothing else but land),0b0,No,0b1,Yes,0b00000000000000000000000000000001,0b00000000000000000000000000000001,"Marginal data, Useful, but look at other QA information"
City,Riobamba,-1.6731,-78.653,2013-12-19,h10v09,803.0,662.0,0.1107,2062.0,3.0,0b0000100000001110,0b10,"Pixel produced, but most probably cloudy",0b0011,Decreasing quality,0b00,Climatology,0b0,No,0b0,No,0b0,No,0b001,Land (Nothing else but land),0b0,No,0b0,No,0b00000000000000000000000000000011,0b00000000000000000000000000000011,"Cloudy data, Target not visible, covered with cloud"
City,Riobamba,-1.6731,-78.653,2014-01-01,h10v09,803.0,662.0,0.0927,2066.0,3.0,0b0000100000010010,0b10,"Pixel produced, but most probably cloudy",0b0100,Decreasing quality,0b00,Climatology,0b0,No,0b0,No,0b0,No,0b001,Land (Nothing else but land),0b0,No,0b0,No,0b00000000000000000000000000000011,0b00000000000000000000000000000011,"Cloudy data, Target not visible, covered with cloud"
City,Riobamba,-1.6731,-78.653,2014-01-17,h10v09,803.0,662.0,0.0897,35152.0,1.0,0b1000100101010000,0b00,VI produced with good quality,0b0100,Decreasing quality,0b01,Low,0b1,Yes,0b0,No,0b0,No,0b001,Land (Nothing else but land),0b0,No,0b1,Yes,0b00000000000000000000000000000001,0b00000000000000000000000000000001,"Marginal data, Useful, but look at other QA information"
City,Riobamba,-1.6731,-78.653,2014-02-02,h10v09,803.0,662.0,0.1198,2066.0,3.0,0b0000100000010010,0b10,"Pixel produced, but most probably cloudy",0b0100,Decreasing quality,0b00,Climatology,0b0,No,0b0,No,0b0,No,0b001,Land (Nothing else but land),0b0,No,0b0,No,0b00000000000000000000000000000011,0b00000000000000000000000000000011,"Cloudy data, Target not visible, covered with cloud"
City,Riobamba,-1.6731,-78.653,2014-02-18,h10v09,803.0,662.0,0.0721,2062.0,3.0,0b0000100000001110,0b10,"Pixel produced, but most probably cloudy",0b0011,Decreasing quality,0b00,Climatology,0b0,No,0b0,No,0b0,No,0b001,Land (Nothing else but land),0b0,No,0b0,No,0b00000000000000000000000000000011,0b00000000000000000000000000000011,"Cloudy data, Target not visible, covered with cloud"
City,Riobamba,-1.6731,-78.653,2014-03-06,h10v09,803.0,662.0,0.0894,2066.0,3.0,0b0000100000010010,0b10,"Pixel produced, but most probably cloudy",0b0100,Decreasing quality,0b00,Climatology,0b0,No,0b0,No,0b0,No,0b001,Land (Nothing else but land),0b0,No,0b0,No,0b00000000000000000000000000000011,0b00000000000000000000000000000011,"Cloudy data, Target not visible, covered with cloud"
City,Riobamba,-1.6731,-78.653,2014-03-22,h10v09,803.0,662.0,0.1053,2062.0,3.0,0b0000100000001110,0b10,"Pixel produced, but most probably cloudy",0b0011,Decreasing quality,0b00,Climatology,0b0,No,0b0,No,0b0,No,0b001,Land (Nothing else but land),0b0,No,0b0,No,0b00000000000000000000000000000011,0b00000000000000000000000000000011,"Cloudy data, Target not visible, covered with cloud"
City,Riobamba,-1.6731,-78.653,2014-04-07,h10v09,803.0,662.0,0.0857,2062.0,3.0,0b0000100000001110,0b10,"Pixel produced, but most probably cloudy",0b0011,Decreasing quality,0b00,Climatology,0b0,No,0b0,No,0b0,No,0b001,Land (Nothing else but land),0b0,No,0b0,No,0b00000000000000000000000000000011,0b00000000000000000000000000000011,"Cloudy data, Target not visible, covered with cloud"
City,Riobamba,-1.6731,-78.653,2014-04-23,h10v09,803.0,662.0,0.1602,35221.0,1.0,0b1000100110010101,0b01,"VI produced, but check other QA",0b0101,Decreasing quality,0b10,Average,0b1,Yes,0b0,No,0b0,No,0b001,Land (Nothing else but land),0b0,No,0b1,Yes,0b00000000000000000000000000000001,0b00000000000000000000000000000001,"Marginal data, Useful, but look at other QA information"
City,Riobamba,-1.6731,-78.653,2014-05-09,h10v09,803.0,662.0,0.1111,35225.0,1.0,0b1000100110011001,0b01,"VI produced, but check other QA",0b0110,Decreasing quality,0b10,Average,0b1,Yes,0b0,No,0b0,No,0b001,Land (Nothing else but land),0b0,No,0b1,Yes,0b00000000000000000000000000000001,0b00000000000000000000000000000001,"Marginal data, Useful, but look at other QA information"
City,Riobamba,-1.6731,-78.653,2014-05-25,h10v09,803.0,662.0,0.0908,2062.0,3.0,0b0000100000001110,0b10,"Pixel produced, but most probably cloudy",0b0011,Decreasing quality,0b00,Climatology,0b0,No,0b0,No,0b0,No,0b001,Land (Nothing else but land),0b0,No,0b0,No,0b00000000000000000000000000000011,0b00000000000000000000000000000011,"Cloudy data, Target not visible, covered with cloud"
City,Riobamba,-1.6731,-78.653,2014-06-10,h10v09,803.0,662.0,0.1065,2062.0,3.0,0b0000100000001110,0b10,"Pixel produced, but most probably cloudy",0b0011,Decreasing quality,0b00,Climatology,0b0,No,0b0,No,0b0,No,0b001,Land (Nothing else but land),0b0,No,0b0,No,0b00000000000000000000000000000011,0b00000000000000000000000000000011,"Cloudy data, Target not visible, covered with cloud"
City,Riobamba,-1.6731,-78.653,2014-06-26,h10v09,803.0,662.0,0.1669,2062.0,3.0,0b0000100000001110,0b10,"Pixel produced, but most probably cloudy",0b0011,Decreasing quality,0b00,Climatology,0b0,No,0b0,No,0b0,No,0b001,Land (Nothing else but land),0b0,No,0b0,No,0b00000000000000000000000000000011,0b00000000000000000000000000000011,"Cloudy data, Target not visible, covered with cloud"
City,Riobamba,-1.6731,-78.653,2014-07-12,h10v09,803.0,662.0,0.0762,2066.0,3.0,0b0000100000010010,0b10,"Pixel produced, but most probably cloudy",0b0100,Decreasing quality,0b00,Climatology,0b0,No,0b0,No,0b0,No,0b001,Land (Nothing else but land),0b0,No,0b0,No,0b00000000000000000000000000000011,0b00000000000000000000000000000011,"Cloudy data, Target not visible, covered with cloud"
City,Riobamba,-1.6731,-78.653,2014-07-28,h10v09,803.0,662.0,0.1071,2062.0,3.0,0b0000100000001110,0b10,"Pixel produced, but most probably cloudy",0b0011,Decreasing quality,0b00,Climatology,0b0,No,0b0,No,0b0,No,0b001,Land (Nothing else but land),0b0,No,0b0,No,0b00000000000000000000000000000011,0b00000000000000000000000000000011,"Cloudy data, Target not visible, covered with cloud"
City,Riobamba,-1.6731,-78.653,2014-08-13,h10v09,803.0,662.0,0.0879,2066.0,3.0,0b0000100000010010,0b10,"Pixel produced, but most probably cloudy",0b0100,Decreasing quality,0b00,Climatology,0b0,No,0b0,No,0b0,No,0b001,Land (Nothing else but land),0b0,No,0b0,No,0b00000000000000000000000000000011,0b00000000000000000000000000000011,"Cloudy data, Target not visible, covered with cloud"
City,Riobamba,-1.6731,-78.653,2014-08-29,h10v09,803.0,662.0,0.0851,2325.0,1.0,0b0000100100010101,0b01,"VI produced, but check other QA",0b0101,Decreasing quality,0b00,Climatology,0b1,Yes,0b0,No,0b0,No,0b001,Land (Nothing else but land),0b0,No,0b0,No,0b00000000000000000000000000000001,0b00000000000000000000000000000001,"Marginal data, Useful, but look at other QA information"
City,Riobamba,-1.6731,-78.653,2014-09-14,h10v09,803.0,662.0,0.0925,2066.0,3.0,0b0000100000010010,0b10,"Pixel produced, but most probably cloudy",0b0100,Decreasing quality,0b00,Climatology,0b0,No,0b0,No,0b0,No,0b001,Land (Nothing else but land),0b0,No,0b0,No,0b00000000000000000000000000000011,0b00000000000000000000000000000011,"Cloudy data, Target not visible, covered with cloud"
City,Riobamba,-1.6731,-78.653,2014-09-30,h10v09,803.0,662.0,0.1909,35297.0,1.0,0b1000100111100001,0b01,"VI produced, but check other QA",0b1000,Decreasing quality,0b11,High,0b1,Yes,0b0,No,0b0,No,0b001,Land (Nothing else but land),0b0,No,0b1,Yes,0b00000000000000000000000000000001,0b00000000000000000000000000000001,"Marginal data, Useful, but look at other QA information"
City,Riobamba,-1.6731,-78.653,2014-10-16,h10v09,803.0,662.0,0.1009,2062.0,3.0,0b0000100000001110,0b10,"Pixel produced, but most probably cloudy",0b0011,Decreasing quality,0b00,Climatology,0b0,No,0b0,No,0b0,No,0b001,Land (Nothing else but land),0b0,No,0b0,No,0b00000000000000000000000000000011,0b00000000000000000000000000000011,"Cloudy data, Target not visible, covered with cloud"
City,Riobamba,-1.6731,-78.653,2014-11-01,h10v09,803.0,662.0,0.131,2062.0,3.0,0b0000100000001110,0b10,"Pixel produced, but most probably cloudy",0b0011,Decreasing quality,0b00,Climatology,0b0,No,0b0,No,0b0,No,0b001,Land (Nothing else but land),0b0,No,0b0,No,0b00000000000000000000000000000011,0b00000000000000000000000000000011,"Cloudy data, Target not visible, covered with cloud"
City,Riobamba,-1.6731,-78.653,2014-11-17,h10v09,803.0,662.0,0.0843,2261.0,1.0,0b0000100011010101,0b01,"VI produced, but check other QA",0b0101,Decreasing quality,0b11,High,0b0,No,0b0,No,0b0,No,0b001,Land (Nothing else but land),0b0,No,0b0,No,0b00000000000000000000000000000001,0b00000000000000000000000000000001,"Marginal data, Useful, but look at other QA information"
City,Riobamba,-1.6731,-78.653,2014-12-03,h10v09,803.0,662.0,0.1058,2062.0,3.0,0b0000100000001110,0b10,"Pixel produced, but most probably cloudy",0b0011,Decreasing quality,0b00,Climatology,0b0,No,0b0,No,0b0,No,0b001,Land (Nothing else but land),0b0,No,0b0,No,0b00000000000000000000000000000011,0b00000000000000000000000000000011,"Cloudy data, Target not visible, covered with cloud"
City,Riobamba,-1.6731,-78.653,2014-12-19,h10v09,803.0,662.0,0.1386,2066.0,3.0,0b0000100000010010,0b10,"Pixel produced, but most probably cloudy",0b0100,Decreasing quality,0b00,Climatology,0b0,No,0b0,No,0b0,No,0b001,Land (Nothing else but land),0b0,No,0b0,No,0b00000000000000000000000000000011,0b00000000000000000000000000000011,"Cloudy data, Target not visible, covered with cloud"
City,Riobamba,-1.6731,-78.653,2015-01-01,h10v09,803.0,662.0,0.0815,2066.0,3.0,0b0000100000010010,0b10,"Pixel produced, but most probably cloudy",0b0100,Decreasing quality,0b00,Climatology,0b0,No,0b0,No,0b0,No,0b001,Land (Nothing else but land),0b0,No,0b0,No,0b00000000000000000000000000000011,0b00000000000000000000000000000011,"Cloudy data, Target not visible, covered with cloud"
City,Riobamba,-1.6731,-78.653,2015-01-17,h10v09,803.0,662.0,0.139,2062.0,3.0,0b0000100000001110,0b10,"Pixel produced, but most probably cloudy",0b0011,Decreasing quality,0b00,Climatology,0b0,No,0b0,No,0b0,No,0b001,Land (Nothing else but land),0b0,No,0b0,No,0b00000000000000000000000000000011,0b00000000000000000000000000000011,"Cloudy data, Target not visible, covered with cloud"
City,Riobamba,-1.6731,-78.653,2015-02-02,h10v09,803.0,662.0,0.1067,2066.0,3.0,0b0000100000010010,0b10,"Pixel produced, but most probably cloudy",0b0100,Decreasing quality,0b00,Climatology,0b0,No,0b0,No,0b0,No,0b001,Land (Nothing else but land),0b0,No,0b0,No,0b00000000000000000000000000000011,0b00000000000000000000000000000011,"Cloudy data, Target not visible, covered with cloud"
City,Riobamba,-1.6731,-78.653,2015-02-18,h10v09,803.0,662.0,0.1121,2445.0,1.0,0b0000100110001101,0b01,"VI produced, but check other QA",0b0011,Decreasing quality,0b10,Average,0b1,Yes,0b0,No,0b0,No,0b001,Land (Nothing else but land),0b0,No,0b0,No,0b00000000000000000000000000000001,0b00000000000000000000000000000001,"Marginal data, Useful, but look at other QA information"
City,Riobamba,-1.6731,-78.653,2015-03-06,h10v09,803.0,662.0,0.0662,2062.0,3.0,0b0000100000001110,0b10,"Pixel produced, but most probably cloudy",0b0011,Decreasing quality,0b00,Climatology,0b0,No,0b0,No,0b0,No,0b001,Land (Nothing else but land),0b0,No,0b0,No,0b00000000000000000000000000000011,0b00000000000000000000000000000011,"Cloudy data, Target not visible, covered with cloud"
City,Riobamba,-1.6731,-78.653,2015-03-22,h10v09,803.0,662.0,0.1287,2062.0,3.0,0b0000100000001110,0b10,"Pixel produced, but most probably cloudy",0b0011,Decreasing quality,0b00,Climatology,0b0,No,0b0,No,0b0,No,0b001,Land (Nothing else but land),0b0,No,0b0,No,0b00000000000000000000000000000011,0b00000000000000000000000000000011,"Cloudy data, Target not visible, covered with cloud"
City,Riobamba,-1.6731,-78.653,2015-04-07,h10v09,803.0,662.0,0.2773,35297.0,1.0,0b1000100111100001,0b01,"VI produced, but check other QA",0b1000,Decreasing quality,0b11,High,0b1,Yes,0b0,No,0b0,No,0b001,Land (Nothing else but land),0b0,No,0b1,Yes,0b00000000000000000000000000000001,0b00000000000000000000000000000001,"Marginal data, Useful, but look at other QA information"
City,Riobamba,-1.6731,-78.653,2015-04-23,h10v09,803.0,662.0,0.1191,2062.0,3.0,0b0000100000001110,0b10,"Pixel produced, but most probably cloudy",0b0011,Decreasing quality,0b00,Climatology,0b0,No,0b0,No,0b0,No,0b001,Land (Nothing else but land),0b0,No,0b0,No,0b00000000000000000000000000000011,0b00000000000000000000000000000011,"Cloudy data, Target not visible, covered with cloud"
City,Riobamba,-1.6731,-78.653,2015-05-09,h10v09,803.0,662.0,0.095,35221.0,1.0,0b1000100110010101,0b01,"VI produced, but check other QA",0b0101,Decreasing quality,0b10,Average,0b1,Yes,0b0,No,0b0,No,0b001,Land (Nothing else but land),0b0,No,0b1,Yes,0b00000000000000000000000000000001,0b00000000000000000000000000000001,"Marginal data, Useful, but look at other QA information"
City,Riobamba,-1.6731,-78.653,2015-05-25,h10v09,803.0,662.0,0.1806,35297.0,1.0,0b1000100111100001,0b01,"VI produced, but check other QA",0b1000,Decreasing quality,0b11,High,0b1,Yes,0b0,No,0b0,No,0b001,Land (Nothing else but land),0b0,No,0b1,Yes,0b00000000000000000000000000000001,0b00000000000000000000000000000001,"Marginal data, Useful, but look at other QA information"
City,Riobamba,-1.6731,-78.653,2015-06-10,h10v09,803.0,662.0,0.0505,35225.0,1.0,0b1000100110011001,0b01,"VI produced, but check other QA",0b0110,Decreasing quality,0b10,Average,0b1,Yes,0b0,No,0b0,No,0b001,Land (Nothing else but land),0b0,No,0b1,Yes,0b00000000000000000000000000000001,0b00000000000000000000000000000001,"Marginal data, Useful, but look at other QA information"
City,Riobamba,-1.6731,-78.653,2015-06-26,h10v09,803.0,662.0,0.0862,2062.0,3.0,0b0000100000001110,0b10,"Pixel produced, but most probably cloudy",0b0011,Decreasing quality,0b00,Climatology,0b0,No,0b0,No,0b0,No,0b001,Land (Nothing else but land),0b0,No,0b0,No,0b00000000000000000000000000000011,0b00000000000000000000000000000011,"Cloudy data, Target not visible, covered with cloud"
City,Riobamba,-1.6731,-78.653,2015-07-12,h10v09,803.0,662.0,0.0754,2062.0,3.0,0b0000100000001110,0b10,"Pixel produced, but most probably cloudy",0b0011,Decreasing quality,0b00,Climatology,0b0,No,0b0,No,0b0,No,0b001,Land (Nothing else but land),0b0,No,0b0,No,0b00000000000000000000000000000011,0b00000000000000000000000000000011,"Cloudy data, Target not visible, covered with cloud"
City,Riobamba,-1.6731,-78.653,2015-07-28,h10v09,803.0,662.0,0.0909,3098.0,3.0,0b0000110000011010,0b10,"Pixel produced, but most probably cloudy",0b0110,Decreasing quality,0b00,Climatology,0b0,No,0b0,No,0b1,Yes,0b001,Land (Nothing else but land),0b0,No,0b0,No,0b00000000000000000000000000000011,0b00000000000000000000000000000011,"Cloudy data, Target not visible, covered with cloud"
City,Riobamba,-1.6731,-78.653,2015-08-13,h10v09,803.0,662.0,0.0853,2380.0,1.0,0b0000100101001100,0b00,VI produced with good quality,0b0011,Decreasing quality,0b01,Low,0b1,Yes,0b0,No,0b0,No,0b001,Land (Nothing else but land),0b0,No,0b0,No,0b00000000000000000000000000000001,0b00000000000000000000000000000001,"Marginal data, Useful, but look at other QA information"
City,Riobamba,-1.6731,-78.653,2015-08-29,h10v09,803.0,662.0,0.0991,2380.0,1.0,0b0000100101001100,0b00,VI produced with good quality,0b0011,Decreasing quality,0b01,Low,0b1,Yes,0b0,No,0b0,No,0b001,Land (Nothing else but land),0b0,No,0b0,No,0b00000000000000000000000000000001,0b00000000000000000000000000000001,"Marginal data, Useful, but look at other QA information"
City,Riobamba,-1.6731,-78.653,2015-09-14,h10v09,803.0,662.0,0.0964,2062.0,3.0,0b0000100000001110,0b10,"Pixel produced, but most probably cloudy",0b0011,Decreasing quality,0b00,Climatology,0b0,No,0b0,No,0b0,No,0b001,Land (Nothing else but land),0b0,No,0b0,No,0b00000000000000000000000000000011,0b00000000000000000000000000000011,"Cloudy data, Target not visible, covered with cloud"
City,Riobamba,-1.6731,-78.653,2015-09-30,h10v09,803.0,662.0,0.11,2066.0,3.0,0b0000100000010010,0b10,"Pixel produced, but most probably cloudy",0b0100,Decreasing quality,0b00,Climatology,0b0,No,0b0,No,0b0,No,0b001,Land (Nothing else but land),0b0,No,0b0,No,0b00000000000000000000000000000011,0b00000000000000000000000000000011,"Cloudy data, Target not visible, covered with cloud"
City,Riobamba,-1.6731,-78.653,2015-10-16,h10v09,803.0,662.0,0.0881,2380.0,1.0,0b0000100101001100,0b00,VI produced with good quality,0b0011,Decreasing quality,0b01,Low,0b1,Yes,0b0,No,0b0,No,0b001,Land (Nothing else but land),0b0,No,0b0,No,0b00000000000000000000000000000001,0b00000000000000000000000000000001,"Marginal data, Useful, but look at other QA information"
City,Riobamba,-1.6731,-78.653,2015-11-01,h10v09,803.0,662.0,0.1197,2062.0,3.0,0b0000100000001110,0b10,"Pixel produced, but most probably cloudy",0b0011,Decreasing quality,0b00,Climatology,0b0,No,0b0,No,0b0,No,0b001,Land (Nothing else but land),0b0,No,0b0,No,0b00000000000000000000000000000011,0b00000000000000000000000000000011,"Cloudy data, Target not visible, covered with cloud"
City,Riobamba,-1.6731,-78.653,2015-11-17,h10v09,803.0,662.0,0.0972,2062.0,3.0,0b0000100000001110,0b10,"Pixel produced, but most probably cloudy",0b0011,Decreasing quality,0b00,Climatology,0b0,No,0b0,No,0b0,No,0b001,Land (Nothing else but land),0b0,No,0b0,No,0b00000000000000000000000000000011,0b00000000000000000000000000000011,"Cloudy data, Target not visible, covered with cloud"
City,Riobamba,-1.6731,-78.653,2015-12-03,h10v09,803.0,662.0,0.098,2062.0,3.0,0b0000100000001110,0b10,"Pixel produced, but most probably cloudy",0b0011,Decreasing quality,0b00,Climatology,0b0,No,0b0,No,0b0,No,0b001,Land (Nothing else but land),0b0,No,0b0,No,0b00000000000000000000000000000011,0b00000000000000000000000000000011,"Cloudy data, Target not visible, covered with cloud"
City,Riobamba,-1.6731,-78.653,2015-12-19,h10v09,803.0,662.0,0.0896,2066.0,3.0,0b0000100000010010,0b10,"Pixel produced, but most probably cloudy",0b0100,Decreasing quality,0b00,Climatology,0b0,No,0b0,No,0b0,No,0b001,Land (Nothing else but land),0b0,No,0b0,No,0b00000000000000000000000000000011,0b00000000000000000000000000000011,"Cloudy data, Target not visible, covered with cloud"
City,Riobamba,-1.6731,-78.653,2016-01-01,h10v09,803.0,662.0,0.1597,2066.0,3.0,0b0000100000010010,0b10,"Pixel produced, but most probably cloudy",0b0100,Decreasing quality,0b00,Climatology,0b0,No,0b0,No,0b0,No,0b001,Land (Nothing else but land),0b0,No,0b0,No,0b00000000000000000000000000000011,0b00000000000000000000000000000011,"Cloudy data, Target not visible, covered with cloud"
City,Riobamba,-1.6731,-78.653,2016-01-17,h10v09,803.0,662.0,0.0843,2062.0,3.0,0b0000100000001110,0b10,"Pixel produced, but most probably cloudy",0b0011,Decreasing quality,0b00,Climatology,0b0,No,0b0,No,0b0,No,0b001,Land (Nothing else but land),0b0,No,0b0,No,0b00000000000000000000000000000011,0b00000000000000000000000000000011,"Cloudy data, Target not visible, covered with cloud"
City,Riobamba,-1.6731,-78.653,2016-02-02,h10v09,803.0,662.0,0.0924,2066.0,3.0,0b0000100000010010,0b10,"Pixel produced, but most probably cloudy",0b0100,Decreasing quality,0b00,Climatology,0b0,No,0b0,No,0b0,No,0b001,Land (Nothing else but land),0b0,No,0b0,No,0b00000000000000000000000000000011,0b00000000000000000000000000000011,"Cloudy data, Target not visible, covered with cloud"
City,Riobamba,-1.6731,-78.653,2016-02-18,h10v09,803.0,662.0,0.0257,2062.0,3.0,0b0000100000001110,0b10,"Pixel produced, but most probably cloudy",0b0011,Decreasing quality,0b00,Climatology,0b0,No,0b0,No,0b0,No,0b001,Land (Nothing else but land),0b0,No,0b0,No,0b00000000000000000000000000000011,0b00000000000000000000000000000011,"Cloudy data, Target not visible, covered with cloud"
City,Riobamba,-1.6731,-78.653,2016-03-05,h10v09,803.0,662.0,0.0844,2062.0,3.0,0b0000100000001110,0b10,"Pixel produced, but most probably cloudy",0b0011,Decreasing quality,0b00,Climatology,0b0,No,0b0,No,0b0,No,0b001,Land (Nothing else but land),0b0,No,0b0,No,0b00000000000000000000000000000011,0b00000000000000000000000000000011,"Cloudy data, Target not visible, covered with cloud"
City,Riobamba,-1.6731,-78.653,2016-03-21,h10v09,803.0,662.0,0.1032,2062.0,3.0,0b0000100000001110,0b10,"Pixel produced, but most probably cloudy",0b0011,Decreasing quality,0b00,Climatology,0b0,No,0b0,No,0b0,No,0b001,Land (Nothing else but land),0b0,No,0b0,No,0b00000000000000000000000000000011,0b00000000000000000000000000000011,"Cloudy data, Target not visible, covered with cloud"
City,Riobamba,-1.6731,-78.653,2016-04-06,h10v09,803.0,662.0,0.0869,2066.0,3.0,0b0000100000010010,0b10,"Pixel produced, but most probably cloudy",0b0100,Decreasing quality,0b00,Climatology,0b0,No,0b0,No,0b0,No,0b001,Land (Nothing else but land),0b0,No,0b0,No,0b00000000000000000000000000000011,0b00000000000000000000000000000011,"Cloudy data, Target not visible, covered with cloud"
City,Riobamba,-1.6731,-78.653,2016-04-22,h10v09,803.0,662.0,0.0995,2062.0,3.0,0b0000100000001110,0b10,"Pixel produced, but most probably cloudy",0b0011,Decreasing quality,0b00,Climatology,0b0,No,0b0,No,0b0,No,0b001,Land (Nothing else but land),0b0,No,0b0,No,0b00000000000000000000000000000011,0b00000000000000000000000000000011,"Cloudy data, Target not visible, covered with cloud"
City,Riobamba,-1.6731,-78.653,2016-05-08,h10v09,803.0,662.0,0.1642,2066.0,3.0,0b0000100000010010,0b10,"Pixel produced, but most probably cloudy",0b0100,Decreasing quality,0b00,Climatology,0b0,No,0b0,No,0b0,No,0b001,Land (Nothing else but land),0b0,No,0b0,No,0b00000000000000000000000000000011,0b00000000000000000000000000000011,"Cloudy data, Target not visible, covered with cloud"
City,Riobamba,-1.6731,-78.653,2016-05-24,h10v09,803.0,662.0,0.0966,2062.0,3.0,0b0000100000001110,0b10,"Pixel produced, but most probably cloudy",0b0011,Decreasing quality,0b00,Climatology,0b0,No,0b0,No,0b0,No,0b001,Land (Nothing else but land),0b0,No,0b0,No,0b00000000000000000000000000000011,0b00000000000000000000000000000011,"Cloudy data, Target not visible, covered with cloud"
City,Riobamba,-1.6731,-78.653,2016-06-09,h10v09,803.0,662.0,0.1182,2062.0,3.0,0b0000100000001110,0b10,"Pixel produced, but most probably cloudy",0b0011,Decreasing quality,0b00,Climatology,0b0,No,0b0,No,0b0,No,0b001,Land (Nothing else but land),0b0,No,0b0,No,0b00000000000000000000000000000011,0b00000000000000000000000000000011,"Cloudy data, Target not visible, covered with cloud"
City,Riobamba,-1.6731,-78.653,2016-06-25,h10v09,803.0,662.0,0.1259,2449.0,1.0,0b0000100110010001,0b01,"VI produced, but check other QA",0b0100,Decreasing quality,0b10,Average,0b1,Yes,0b0,No,0b0,No,0b001,Land (Nothing else but land),0b0,No,0b0,No,0b00000000000000000000000000000001,0b00000000000000000000000000000001,"Marginal data, Useful, but look at other QA information"
City,Riobamba,-1.6731,-78.653,2016-07-11,h10v09,803.0,662.0,0.0945,2062.0,3.0,0b0000100000001110,0b10,"Pixel produced, but most probably cloudy",0b0011,Decreasing quality,0b00,Climatology,0b0,No,0b0,No,0b0,No,0b001,Land (Nothing else but land),0b0,No,0b0,No,0b00000000000000000000000000000011,0b00000000000000000000000000000011,"Cloudy data, Target not visible, covered with cloud"
City,Riobamba,-1.6731,-78.653,2016-07-27,h10v09,803.0,662.0,0.1037,2062.0,3.0,0b0000100000001110,0b10,"Pixel produced, but most probably cloudy",0b0011,Decreasing quality,0b00,Climatology,0b0,No,0b0,No,0b0,No,0b001,Land (Nothing else but land),0b0,No,0b0,No,0b00000000000000000000000000000011,0b00000000000000000000000000000011,"Cloudy data, Target not visible, covered with cloud"
City,Riobamba,-1.6731,-78.653,2016-08-12,h10v09,803.0,662.0,0.0858,2380.0,1.0,0b0000100101001100,0b00,VI produced with good quality,0b0011,Decreasing quality,0b01,Low,0b1,Yes,0b0,No,0b0,No,0b001,Land (Nothing else but land),0b0,No,0b0,No,0b00000000000000000000000000000001,0b00000000000000000000000000000001,"Marginal data, Useful, but look at other QA information"
City,Riobamba,-1.6731,-78.653,2016-08-28,h10v09,803.0,662.0,0.0725,2380.0,1.0,0b0000100101001100,0b00,VI produced with good quality,0b0011,Decreasing quality,0b01,Low,0b1,Yes,0b0,No,0b0,No,0b001,Land (Nothing else but land),0b0,No,0b0,No,0b00000000000000000000000000000001,0b00000000000000000000000000000001,"Marginal data, Useful, but look at other QA information"
City,Riobamba,-1.6731,-78.653,2016-09-13,h10v09,803.0,662.0,0.1119,2066.0,3.0,0b0000100000010010,0b10,"Pixel produced, but most probably cloudy",0b0100,Decreasing quality,0b00,Climatology,0b0,No,0b0,No,0b0,No,0b001,Land (Nothing else but land),0b0,No,0b0,No,0b00000000000000000000000000000011,0b00000000000000000000000000000011,"Cloudy data, Target not visible, covered with cloud"
City,Riobamba,-1.6731,-78.653,2016-09-29,h10v09,803.0,662.0,0.0859,2449.0,1.0,0b0000100110010001,0b01,"VI produced, but check other QA",0b0100,Decreasing quality,0b10,Average,0b1,Yes,0b0,No,0b0,No,0b001,Land (Nothing else but land),0b0,No,0b0,No,0b00000000000000000000000000000001,0b00000000000000000000000000000001,"Marginal data, Useful, but look at other QA information"
City,Riobamba,-1.6731,-78.653,2016-10-15,h10v09,803.0,662.0,0.1118,2062.0,3.0,0b0000100000001110,0b10,"Pixel produced, but most probably cloudy",0b0011,Decreasing quality,0b00,Climatology,0b0,No,0b0,No,0b0,No,0b001,Land (Nothing else but land),0b0,No,0b0,No,0b00000000000000000000000000000011,0b00000000000000000000000000000011,"Cloudy data, Target not visible, covered with cloud"
City,Riobamba,-1.6731,-78.653,2016-10-31,h10v09,803.0,662.0,0.1047,2066.0,3.0,0b0000100000010010,0b10,"Pixel produced, but most probably cloudy",0b0100,Decreasing quality,0b00,Climatology,0b0,No,0b0,No,0b0,No,0b001,Land (Nothing else but land),0b0,No,0b0,No,0b00000000000000000000000000000011,0b00000000000000000000000000000011,"Cloudy data, Target not visible, covered with cloud"
City,Riobamba,-1.6731,-78.653,2016-11-16,h10v09,803.0,662.0,0.1041,2062.0,3.0,0b0000100000001110,0b10,"Pixel produced, but most probably cloudy",0b0011,Decreasing quality,0b00,Climatology,0b0,No,0b0,No,0b0,No,0b001,Land (Nothing else but land),0b0,No,0b0,No,0b00000000000000000000000000000011,0b00000000000000000000000000000011,"Cloudy data, Target not visible, covered with cloud"
City,Riobamba,-1.6731,-78.653,2016-12-02,h10v09,803.0,662.0,0.1053,2376.0,1.0,0b0000100101001000,0b00,VI produced with good quality,0b0010,Decreasing quality,0b01,Low,0b1,Yes,0b0,No,0b0,No,0b001,Land (Nothing else but land),0b0,No,0b0,No,0b00000000000000000000000000000001,0b00000000000000000000000000000001,"Marginal data, Useful, but look at other QA information"
City,Riobamba,-1.6731,-78.653,2016-12-18,h10v09,803.0,662.0,0.0887,2066.0,3.0,0b0000100000010010,0b10,"Pixel produced, but most probably cloudy",0b0100,Decreasing quality,0b00,Climatology,0b0,No,0b0,No,0b0,No,0b001,Land (Nothing else but land),0b0,No,0b0,No,0b00000000000000000000000000000011,0b00000000000000000000000000000011,"Cloudy data, Target not visible, covered with cloud"
City,Riobamba,-1.6731,-78.653,2017-01-01,h10v09,803.0,662.0,0.0608,35297.0,1.0,0b1000100111100001,0b01,"VI produced, but check other QA",0b1000,Decreasing quality,0b11,High,0b1,Yes,0b0,No,0b0,No,0b001,Land (Nothing else but land),0b0,No,0b1,Yes,0b00000000000000000000000000000001,0b00000000000000000000000000000001,"Marginal data, Useful, but look at other QA information"
City,Riobamba,-1.6731,-78.653,2017-01-17,h10v09,803.0,662.0,0.105,2062.0,3.0,0b0000100000001110,0b10,"Pixel produced, but most probably cloudy",0b0011,Decreasing quality,0b00,Climatology,0b0,No,0b0,No,0b0,No,0b001,Land (Nothing else but land),0b0,No,0b0,No,0b00000000000000000000000000000011,0b00000000000000000000000000000011,"Cloudy data, Target not visible, covered with cloud"
City,Riobamba,-1.6731,-78.653,2017-02-02,h10v09,803.0,662.0,0.1031,2062.0,3.0,0b0000100000001110,0b10,"Pixel produced, but most probably cloudy",0b0011,Decreasing quality,0b00,Climatology,0b0,No,0b0,No,0b0,No,0b001,Land (Nothing else but land),0b0,No,0b0,No,0b00000000000000000000000000000011,0b00000000000000000000000000000011,"Cloudy data, Target not visible, covered with cloud"
City,Riobamba,-1.6731,-78.653,2017-02-18,h10v09,803.0,662.0,0.1819,2066.0,3.0,0b0000100000010010,0b10,"Pixel produced, but most probably cloudy",0b0100,Decreasing quality,0b00,Climatology,0b0,No,0b0,No,0b0,No,0b001,Land (Nothing else but land),0b0,No,0b0,No,0b00000000000000000000000000000011,0b00000000000000000000000000000011,"Cloudy data, Target not visible, covered with cloud"
City,Riobamba,-1.6731,-78.653,2017-03-06,h10v09,803.0,662.0,0.139,2062.0,3.0,0b0000100000001110,0b10,"Pixel produced, but most probably cloudy",0b0011,Decreasing quality,0b00,Climatology,0b0,No,0b0,No,0b0,No,0b001,Land (Nothing else but land),0b0,No,0b0,No,0b00000000000000000000000000000011,0b00000000000000000000000000000011,"Cloudy data, Target not visible, covered with cloud"
City,Riobamba,-1.6731,-78.653,2017-03-22,h10v09,803.0,662.0,0.1139,2066.0,3.0,0b0000100000010010,0b10,"Pixel produced, but most probably cloudy",0b0100,Decreasing quality,0b00,Climatology,0b0,No,0b0,No,0b0,No,0b001,Land (Nothing else but land),0b0,No,0b0,No,0b00000000000000000000000000000011,0b00000000000000000000000000000011,"Cloudy data, Target not visible, covered with cloud"
City,Riobamba,-1.6731,-78.653,2017-04-07,h10v09,803.0,662.0,0.1628,2062.0,3.0,0b0000100000001110,0b10,"Pixel produced, but most probably cloudy",0b0011,Decreasing quality,0b00,Climatology,0b0,No,0b0,No,0b0,No,0b001,Land (Nothing else but land),0b0,No,0b0,No,0b00000000000000000000000000000011,0b00000000000000000000000000000011,"Cloudy data, Target not visible, covered with cloud"
City,Riobamba,-1.6731,-78.653,2017-04-23,h10v09,803.0,662.0,0.1197,2062.0,3.0,0b0000100000001110,0b10,"Pixel produced, but most probably cloudy",0b0011,Decreasing quality,0b00,Climatology,0b0,No,0b0,No,0b0,No,0b001,Land (Nothing else but land),0b0,No,0b0,No,0b00000000000000000000000000000011,0b00000000000000000000000000000011,"Cloudy data, Target not visible, covered with cloud"
City,Riobamba,-1.6731,-78.653,2017-05-09,h10v09,803.0,662.0,0.1241,2062.0,3.0,0b0000100000001110,0b10,"Pixel produced, but most probably cloudy",0b0011,Decreasing quality,0b00,Climatology,0b0,No,0b0,No,0b0,No,0b001,Land (Nothing else but land),0b0,No,0b0,No,0b00000000000000000000000000000011,0b00000000000000000000000000000011,"Cloudy data, Target not visible, covered with cloud"
City,Riobamba,-1.6731,-78.653,2017-05-25,h10v09,803.0,662.0,0.1053,2062.0,3.0,0b0000100000001110,0b10,"Pixel produced, but most probably cloudy",0b0011,Decreasing quality,0b00,Climatology,0b0,No,0b0,No,0b0,No,0b001,Land (Nothing else but land),0b0,No,0b0,No,0b00000000000000000000000000000011,0b00000000000000000000000000000011,"Cloudy data, Target not visible, covered with cloud"
City,Riobamba,-1.6731,-78.653,2017-06-10,h10v09,803.0,662.0,0.1257,2062.0,3.0,0b0000100000001110,0b10,"Pixel produced, but most probably cloudy",0b0011,Decreasing quality,0b00,Climatology,0b0,No,0b0,No,0b0,No,0b001,Land (Nothing else but land),0b0,No,0b0,No,0b00000000000000000000000000000011,0b00000000000000000000000000000011,"Cloudy data, Target not visible, covered with cloud"
City,Riobamba,-1.6731,-78.653,2017-06-26,h10v09,803.0,662.0,0.1181,2062.0,3.0,0b0000100000001110,0b10,"Pixel produced, but most probably cloudy",0b0011,Decreasing quality,0b00,Climatology,0b0,No,0b0,No,0b0,No,0b001,Land (Nothing else but land),0b0,No,0b0,No,0b00000000000000000000000000000011,0b00000000000000000000000000000011,"Cloudy data, Target not visible, covered with cloud"
City,Riobamba,-1.6731,-78.653,2017-07-12,h10v09,803.0,662.0,0.1117,2065.0,1.0,0b0000100000010001,0b01,"VI produced, but check other QA",0b0100,Decreasing quality,0b00,Climatology,0b0,No,0b0,No,0b0,No,0b001,Land (Nothing else but land),0b0,No,0b0,No,0b00000000000000000000000000000001,0b00000000000000000000000000000001,"Marginal data, Useful, but look at other QA information"
City,Riobamba,-1.6731,-78.653,2017-07-28,h10v09,803.0,662.0,0.0916,2062.0,3.0,0b0000100000001110,0b10,"Pixel produced, but most probably cloudy",0b0011,Decreasing quality,0b00,Climatology,0b0,No,0b0,No,0b0,No,0b001,Land (Nothing else but land),0b0,No,0b0,No,0b00000000000000000000000000000011,0b00000000000000000000000000000011,"Cloudy data, Target not visible, covered with cloud"
City,Riobamba,-1.6731,-78.653,2017-08-13,h10v09,803.0,662.0,0.1259,2065.0,1.0,0b0000100000010001,0b01,"VI produced, but check other QA",0b0100,Decreasing quality,0b00,Climatology,0b0,No,0b0,No,0b0,No,0b001,Land (Nothing else but land),0b0,No,0b0,No,0b00000000000000000000000000000001,0b00000000000000000000000000000001,"Marginal data, Useful, but look at other QA information"
City,Riobamba,-1.6731,-78.653,2017-08-29,h10v09,803.0,662.0,0.1006,2062.0,3.0,0b0000100000001110,0b10,"Pixel produced, but most probably cloudy",0b0011,Decreasing quality,0b00,Climatology,0b0,No,0b0,No,0b0,No,0b001,Land (Nothing else but land),0b0,No,0b0,No,0b00000000000000000000000000000011,0b00000000000000000000000000000011,"Cloudy data, Target not visible, covered with cloud"
City,Riobamba,-1.6731,-78.653,2017-09-14,h10v09,803.0,662.0,0.1047,2062.0,3.0,0b0000100000001110,0b10,"Pixel produced, but most probably cloudy",0b0011,Decreasing quality,0b00,Climatology,0b0,No,0b0,No,0b0,No,0b001,Land (Nothing else but land),0b0,No,0b0,No,0b00000000000000000000000000000011,0b00000000000000000000000000000011,"Cloudy data, Target not visible, covered with cloud"
City,Riobamba,-1.6731,-78.653,2017-09-30,h10v09,803.0,662.0,0.0892,2066.0,3.0,0b0000100000010010,0b10,"Pixel produced, but most probably cloudy",0b0100,Decreasing quality,0b00,Climatology,0b0,No,0b0,No,0b0,No,0b001,Land (Nothing else but land),0b0,No,0b0,No,0b00000000000000000000000000000011,0b00000000000000000000000000000011,"Cloudy data, Target not visible, covered with cloud"
City,Riobamba,-1.6731,-78.653,2017-10-16,h10v09,803.0,662.0,0.0927,2062.0,3.0,0b0000100000001110,0b10,"Pixel produced, but most probably cloudy",0b0011,Decreasing quality,0b00,Climatology,0b0,No,0b0,No,0b0,No,0b001,Land (Nothing else but land),0b0,No,0b0,No,0b00000000000000000000000000000011,0b00000000000000000000000000000011,"Cloudy data, Target not visible, covered with cloud"
City,Riobamba,-1.6731,-78.653,2017-11-01,h10v09,803.0,662.0,0.0854,35221.0,1.0,0b1000100110010101,0b01,"VI produced, but check other QA",0b0101,Decreasing quality,0b10,Average,0b1,Yes,0b0,No,0b0,No,0b001,Land (Nothing else but land),0b0,No,0b1,Yes,0b00000000000000000000000000000001,0b00000000000000000000000000000001,"Marginal data, Useful, but look at other QA information"
City,Riobamba,-1.6731,-78.653,2017-11-17,h10v09,803.0,662.0,0.0846,2062.0,3.0,0b0000100000001110,0b10,"Pixel produced, but most probably cloudy",0b0011,Decreasing quality,0b00,Climatology,0b0,No,0b0,No,0b0,No,0b001,Land (Nothing else but land),0b0,No,0b0,No,0b00000000000000000000000000000011,0b00000000000000000000000000000011,"Cloudy data, Target not visible, covered with cloud"
City,Riobamba,-1.6731,-78.653,2017-12-03,h10v09,803.0,662.0,0.1017,2062.0,3.0,0b0000100000001110,0b10,"Pixel produced, but most probably cloudy",0b0011,Decreasing quality,0b00,Climatology,0b0,No,0b0,No,0b0,No,0b001,Land (Nothing else but land),0b0,No,0b0,No,0b00000000000000000000000000000011,0b00000000000000000000000000000011,"Cloudy data, Target not visible, covered with cloud"
City,Riobamba,-1.6731,-78.653,2017-12-19,h10v09,803.0,662.0,0.106,2062.0,3.0,0b0000100000001110,0b10,"Pixel produced, but most probably cloudy",0b0011,Decreasing quality,0b00,Climatology,0b0,No,0b0,No,0b0,No,0b001,Land (Nothing else but land),0b0,No,0b0,No,0b00000000000000000000000000000011,0b00000000000000000000000000000011,"Cloudy data, Target not visible, covered with cloud"
City,Riobamba,-1.6731,-78.653,2018-01-01,h10v09,803.0,662.0,0.1218,2062.0,3.0,0b0000100000001110,0b10,"Pixel produced, but most probably cloudy",0b0011,Decreasing quality,0b00,Climatology,0b0,No,0b0,No,0b0,No,0b001,Land (Nothing else but land),0b0,No,0b0,No,0b00000000000000000000000000000011,0b00000000000000000000000000000011,"Cloudy data, Target not visible, covered with cloud"
City,Riobamba,-1.6731,-78.653,2018-01-17,h10v09,803.0,662.0,0.1145,2062.0,3.0,0b0000100000001110,0b10,"Pixel produced, but most probably cloudy",0b0011,Decreasing quality,0b00,Climatology,0b0,No,0b0,No,0b0,No,0b001,Land (Nothing else but land),0b0,No,0b0,No,0b00000000000000000000000000000011,0b00000000000000000000000000000011,"Cloudy data, Target not visible, covered with cloud"
City,Riobamba,-1.6731,-78.653,2018-02-02,h10v09,803.0,662.0,0.1029,2062.0,3.0,0b0000100000001110,0b10,"Pixel produced, but most probably cloudy",0b0011,Decreasing quality,0b00,Climatology,0b0,No,0b0,No,0b0,No,0b001,Land (Nothing else but land),0b0,No,0b0,No,0b00000000000000000000000000000011,0b00000000000000000000000000000011,"Cloudy data, Target not visible, covered with cloud"
City,Riobamba,-1.6731,-78.653,2018-02-18,h10v09,803.0,662.0,0.107,2062.0,3.0,0b0000100000001110,0b10,"Pixel produced, but most probably cloudy",0b0011,Decreasing quality,0b00,Climatology,0b0,No,0b0,No,0b0,No,0b001,Land (Nothing else but land),0b0,No,0b0,No,0b00000000000000000000000000000011,0b00000000000000000000000000000011,"Cloudy data, Target not visible, covered with cloud"
City,Riobamba,-1.6731,-78.653,2018-03-06,h10v09,803.0,662.0,0.0861,2062.0,3.0,0b0000100000001110,0b10,"Pixel produced, but most probably cloudy",0b0011,Decreasing quality,0b00,Climatology,0b0,No,0b0,No,0b0,No,0b001,Land (Nothing else but land),0b0,No,0b0,No,0b00000000000000000000000000000011,0b00000000000000000000000000000011,"Cloudy data, Target not visible, covered with cloud"
City,Riobamba,-1.6731,-78.653,2018-03-22,h10v09,803.0,662.0,0.1005,35225.0,1.0,0b1000100110011001,0b01,"VI produced, but check other QA",0b0110,Decreasing quality,0b10,Average,0b1,Yes,0b0,No,0b0,No,0b001,Land (Nothing else but land),0b0,No,0b1,Yes,0b00000000000000000000000000000001,0b00000000000000000000000000000001,"Marginal data, Useful, but look at other QA information"
City,Riobamba,-1.6731,-78.653,2018-04-07,h10v09,803.0,662.0,0.0893,2066.0,3.0,0b0000100000010010,0b10,"Pixel produced, but most probably cloudy",0b0100,Decreasing quality,0b00,Climatology,0b0,No,0b0,No,0b0,No,0b001,Land (Nothing else but land),0b0,No,0b0,No,0b00000000000000000000000000000011,0b00000000000000000000000000000011,"Cloudy data, Target not visible, covered with cloud"
City,Riobamba,-1.6731,-78.653,2018-04-23,h10v09,803.0,662.0,0.091,2066.0,3.0,0b0000100000010010,0b10,"Pixel produced, but most probably cloudy",0b0100,Decreasing quality,0b00,Climatology,0b0,No,0b0,No,0b0,No,0b001,Land (Nothing else but land),0b0,No,0b0,No,0b00000000000000000000000000000011,0b00000000000000000000000000000011,"Cloudy data, Target not visible, covered with cloud"
City,Riobamba,-1.6731,-78.653,2018-05-09,h10v09,803.0,662.0,0.1097,2062.0,3.0,0b0000100000001110,0b10,"Pixel produced, but most probably cloudy",0b0011,Decreasing quality,0b00,Climatology,0b0,No,0b0,No,0b0,No,0b001,Land (Nothing else but land),0b0,No,0b0,No,0b00000000000000000000000000000011,0b00000000000000000000000000000011,"Cloudy data, Target not visible, covered with cloud"
City,Riobamba,-1.6731,-78.653,2018-05-25,h10v09,803.0,662.0,0.163,2066.0,3.0,0b0000100000010010,0b10,"Pixel produced, but most probably cloudy",0b0100,Decreasing quality,0b00,Climatology,0b0,No,0b0,No,0b0,No,0b001,Land (Nothing else but land),0b0,No,0b0,No,0b00000000000000000000000000000011,0b00000000000000000000000000000011,"Cloudy data, Target not visible, covered with cloud"
City,Riobamba,-1.6731,-78.653,2018-06-10,h10v09,803.0,662.0,0.1398,2062.0,3.0,0b0000100000001110,0b10,"Pixel produced, but most probably cloudy",0b0011,Decreasing quality,0b00,Climatology,0b0,No,0b0,No,0b0,No,0b001,Land (Nothing else but land),0b0,No,0b0,No,0b00000000000000000000000000000011,0b00000000000000000000000000000011,"Cloudy data, Target not visible, covered with cloud"
City,Riobamba,-1.6731,-78.653,2018-06-26,h10v09,803.0,662.0,0.0909,2066.0,3.0,0b0000100000010010,0b10,"Pixel produced, but most probably cloudy",0b0100,Decreasing quality,0b00,Climatology,0b0,No,0b0,No,0b0,No,0b001,Land (Nothing else but land),0b0,No,0b0,No,0b00000000000000000000000000000011,0b00000000000000000000000000000011,"Cloudy data, Target not visible, covered with cloud"
City,Riobamba,-1.6731,-78.653,2018-07-12,h10v09,803.0,662.0,0.1471,2066.0,3.0,0b0000100000010010,0b10,"Pixel produced, but most probably cloudy",0b0100,Decreasing quality,0b00,Climatology,0b0,No,0b0,No,0b0,No,0b001,Land (Nothing else but land),0b0,No,0b0,No,0b00000000000000000000000000000011,0b00000000000000000000000000000011,"Cloudy data, Target not visible, covered with cloud"
City,Riobamba,-1.6731,-78.653,2018-07-28,h10v09,803.0,662.0,0.0909,2062.0,3.0,0b0000100000001110,0b10,"Pixel produced, but most probably cloudy",0b0011,Decreasing quality,0b00,Climatology,0b0,No,0b0,No,0b0,No,0b001,Land (Nothing else but land),0b0,No,0b0,No,0b00000000000000000000000000000011,0b00000000000000000000000000000011,"Cloudy data, Target not visible, covered with cloud"
City,Riobamba,-1.6731,-78.653,2018-08-13,h10v09,803.0,662.0,0.0928,2066.0,3.0,0b0000100000010010,0b10,"Pixel produced, but most probably cloudy",0b0100,Decreasing quality,0b00,Climatology,0b0,No,0b0,No,0b0,No,0b001,Land (Nothing else but land),0b0,No,0b0,No,0b00000000000000000000000000000011,0b00000000000000000000000000000011,"Cloudy data, Target not visible, covered with cloud"
City,Riobamba,-1.6731,-78.653,2018-08-29,h10v09,803.0,662.0,0.094,2062.0,3.0,0b0000100000001110,0b10,"Pixel produced, but most probably cloudy",0b0011,Decreasing quality,0b00,Climatology,0b0,No,0b0,No,0b0,No,0b001,Land (Nothing else but land),0b0,No,0b0,No,0b00000000000000000000000000000011,0b00000000000000000000000000000011,"Cloudy data, Target not visible, covered with cloud"
City,Riobamba,-1.6731,-78.653,2018-09-14,h10v09,803.0,662.0,0.0967,2062.0,3.0,0b0000100000001110,0b10,"Pixel produced, but most probably cloudy",0b0011,Decreasing quality,0b00,Climatology,0b0,No,0b0,No,0b0,No,0b001,Land (Nothing else but land),0b0,No,0b0,No,0b00000000000000000000000000000011,0b00000000000000000000000000000011,"Cloudy data, Target not visible, covered with cloud"
City,Riobamba,-1.6731,-78.653,2018-09-30,h10v09,803.0,662.0,0.0976,2062.0,3.0,0b0000100000001110,0b10,"Pixel produced, but most probably cloudy",0b0011,Decreasing quality,0b00,Climatology,0b0,No,0b0,No,0b0,No,0b001,Land (Nothing else but land),0b0,No,0b0,No,0b00000000000000000000000000000011,0b00000000000000000000000000000011,"Cloudy data, Target not visible, covered with cloud"
City,Riobamba,-1.6731,-78.653,2018-10-16,h10v09,803.0,662.0,0.1023,2062.0,3.0,0b0000100000001110,0b10,"Pixel produced, but most probably cloudy",0b0011,Decreasing quality,0b00,Climatology,0b0,No,0b0,No,0b0,No,0b001,Land (Nothing else but land),0b0,No,0b0,No,0b00000000000000000000000000000011,0b00000000000000000000000000000011,"Cloudy data, Target not visible, covered with cloud"
City,Riobamba,-1.6731,-78.653,2018-11-01,h10v09,803.0,662.0,0.099,2066.0,3.0,0b0000100000010010,0b10,"Pixel produced, but most probably cloudy",0b0100,Decreasing quality,0b00,Climatology,0b0,No,0b0,No,0b0,No,0b001,Land (Nothing else but land),0b0,No,0b0,No,0b00000000000000000000000000000011,0b00000000000000000000000000000011,"Cloudy data, Target not visible, covered with cloud"
City,Riobamba,-1.6731,-78.653,2018-11-17,h10v09,803.0,662.0,0.0947,2066.0,3.0,0b0000100000010010,0b10,"Pixel produced, but most probably cloudy",0b0100,Decreasing quality,0b00,Climatology,0b0,No,0b0,No,0b0,No,0b001,Land (Nothing else but land),0b0,No,0b0,No,0b00000000000000000000000000000011,0b00000000000000000000000000000011,"Cloudy data, Target not visible, covered with cloud"
City,Riobamba,-1.6731,-78.653,2018-12-03,h10v09,803.0,662.0,0.1132,2062.0,3.0,0b0000100000001110,0b10,"Pixel produced, but most probably cloudy",0b0011,Decreasing quality,0b00,Climatology,0b0,No,0b0,No,0b0,No,0b001,Land (Nothing else but land),0b0,No,0b0,No,0b00000000000000000000000000000011,0b00000000000000000000000000000011,"Cloudy data, Target not visible, covered with cloud"
City,Riobamba,-1.6731,-78.653,2018-12-19,h10v09,803.0,662.0,0.0984,2062.0,3.0,0b0000100000001110,0b10,"Pixel produced, but most probably cloudy",0b0011,Decreasing quality,0b00,Climatology,0b0,No,0b0,No,0b0,No,0b001,Land (Nothing else but land),0b0,No,0b0,No,0b00000000000000000000000000000011,0b00000000000000000000000000000011,"Cloudy data, Target not visible, covered with cloud"
City,Riobamba,-1.6731,-78.653,2019-01-01,h10v09,803.0,662.0,0.1044,2062.0,3.0,0b0000100000001110,0b10,"Pixel produced, but most probably cloudy",0b0011,Decreasing quality,0b00,Climatology,0b0,No,0b0,No,0b0,No,0b001,Land (Nothing else but land),0b0,No,0b0,No,0b00000000000000000000000000000011,0b00000000000000000000000000000011,"Cloudy data, Target not visible, covered with cloud"
City,Riobamba,-1.6731,-78.653,2019-01-17,h10v09,803.0,662.0,0.0989,2062.0,3.0,0b0000100000001110,0b10,"Pixel produced, but most probably cloudy",0b0011,Decreasing quality,0b00,Climatology,0b0,No,0b0,No,0b0,No,0b001,Land (Nothing else but land),0b0,No,0b0,No,0b00000000000000000000000000000011,0b00000000000000000000000000000011,"Cloudy data, Target not visible, covered with cloud"
City,Riobamba,-1.6731,-78.653,2019-02-02,h10v09,803.0,662.0,0.1073,2062.0,3.0,0b0000100000001110,0b10,"Pixel produced, but most probably cloudy",0b0011,Decreasing quality,0b00,Climatology,0b0,No,0b0,No,0b0,No,0b001,Land (Nothing else but land),0b0,No,0b0,No,0b00000000000000000000000000000011,0b00000000000000000000000000000011,"Cloudy data, Target not visible, covered with cloud"
City,Riobamba,-1.6731,-78.653,2019-02-18,h10v09,803.0,662.0,0.1265,2062.0,3.0,0b0000100000001110,0b10,"Pixel produced, but most probably cloudy",0b0011,Decreasing quality,0b00,Climatology,0b0,No,0b0,No,0b0,No,0b001,Land (Nothing else but land),0b0,No,0b0,No,0b00000000000000000000000000000011,0b00000000000000000000000000000011,"Cloudy data, Target not visible, covered with cloud"
City,Riobamba,-1.6731,-78.653,2019-03-06,h10v09,803.0,662.0,0.1267,2062.0,3.0,0b0000100000001110,0b10,"Pixel produced, but most probably cloudy",0b0011,Decreasing quality,0b00,Climatology,0b0,No,0b0,No,0b0,No,0b001,Land (Nothing else but land),0b0,No,0b0,No,0b00000000000000000000000000000011,0b00000000000000000000000000000011,"Cloudy data, Target not visible, covered with cloud"
City,Riobamba,-1.6731,-78.653,2019-03-22,h10v09,803.0,662.0,0.0874,2062.0,3.0,0b0000100000001110,0b10,"Pixel produced, but most probably cloudy",0b0011,Decreasing quality,0b00,Climatology,0b0,No,0b0,No,0b0,No,0b001,Land (Nothing else but land),0b0,No,0b0,No,0b00000000000000000000000000000011,0b00000000000000000000000000000011,"Cloudy data, Target not visible, covered with cloud"
City,Riobamba,-1.6731,-78.653,2019-04-07,h10v09,803.0,662.0,0.1219,2062.0,3.0,0b0000100000001110,0b10,"Pixel produced, but most probably cloudy",0b0011,Decreasing quality,0b00,Climatology,0b0,No,0b0,No,0b0,No,0b001,Land (Nothing else but land),0b0,No,0b0,No,0b00000000000000000000000000000011,0b00000000000000000000000000000011,"Cloudy data, Target not visible, covered with cloud"
City,Riobamba,-1.6731,-78.653,2019-04-23,h10v09,803.0,662.0,0.1097,2062.0,3.0,0b0000100000001110,0b10,"Pixel produced, but most probably cloudy",0b0011,Decreasing quality,0b00,Climatology,0b0,No,0b0,No,0b0,No,0b001,Land (Nothing else but land),0b0,No,0b0,No,0b00000000000000000000000000000011,0b00000000000000000000000000000011,"Cloudy data, Target not visible, covered with cloud"
City,Riobamba,-1.6731,-78.653,2019-05-09,h10v09,803.0,662.0,0.1027,2066.0,3.0,0b0000100000010010,0b10,"Pixel produced, but most probably cloudy",0b0100,Decreasing quality,0b00,Climatology,0b0,No,0b0,No,0b0,No,0b001,Land (Nothing else but land),0b0,No,0b0,No,0b00000000000000000000000000000011,0b00000000000000000000000000000011,"Cloudy data, Target not visible, covered with cloud"
City,Riobamba,-1.6731,-78.653,2019-05-25,h10v09,803.0,662.0,0.1591,35225.0,1.0,0b1000100110011001,0b01,"VI produced, but check other QA",0b0110,Decreasing quality,0b10,Average,0b1,Yes,0b0,No,0b0,No,0b001,Land (Nothing else but land),0b0,No,0b1,Yes,0b00000000000000000000000000000001,0b00000000000000000000000000000001,"Marginal data, Useful, but look at other QA information"
City,Riobamba,-1.6731,-78.653,2019-06-10,h10v09,803.0,662.0,0.0905,2062.0,3.0,0b0000100000001110,0b10,"Pixel produced, but most probably cloudy",0b0011,Decreasing quality,0b00,Climatology,0b0,No,0b0,No,0b0,No,0b001,Land (Nothing else but land),0b0,No,0b0,No,0b00000000000000000000000000000011,0b00000000000000000000000000000011,"Cloudy data, Target not visible, covered with cloud"
City,Riobamba,-1.6731,-78.653,2019-06-26,h10v09,803.0,662.0,0.1052,2066.0,3.0,0b0000100000010010,0b10,"Pixel produced, but most probably cloudy",0b0100,Decreasing quality,0b00,Climatology,0b0,No,0b0,No,0b0,No,0b001,Land (Nothing else but land),0b0,No,0b0,No,0b00000000000000000000000000000011,0b00000000000000000000000000000011,"Cloudy data, Target not visible, covered with cloud"
City,Riobamba,-1.6731,-78.653,2019-07-12,h10v09,803.0,662.0,0.0979,2062.0,3.0,0b0000100000001110,0b10,"Pixel produced, but most probably cloudy",0b0011,Decreasing quality,0b00,Climatology,0b0,No,0b0,No,0b0,No,0b001,Land (Nothing else but land),0b0,No,0b0,No,0b00000000000000000000000000000011,0b00000000000000000000000000000011,"Cloudy data, Target not visible, covered with cloud"
City,Riobamba,-1.6731,-78.653,2019-07-28,h10v09,803.0,662.0,0.101,2062.0,3.0,0b0000100000001110,0b10,"Pixel produced, but most probably cloudy",0b0011,Decreasing quality,0b00,Climatology,0b0,No,0b0,No,0b0,No,0b001,Land (Nothing else but land),0b0,No,0b0,No,0b00000000000000000000000000000011,0b00000000000000000000000000000011,"Cloudy data, Target not visible, covered with cloud"
City,Riobamba,-1.6731,-78.653,2019-08-13,h10v09,803.0,662.0,0.1044,2062.0,3.0,0b0000100000001110,0b10,"Pixel produced, but most probably cloudy",0b0011,Decreasing quality,0b00,Climatology,0b0,No,0b0,No,0b0,No,0b001,Land (Nothing else but land),0b0,No,0b0,No,0b00000000000000000000000000000011,0b00000000000000000000000000000011,"Cloudy data, Target not visible, covered with cloud"
City,Riobamba,-1.6731,-78.653,2019-08-29,h10v09,803.0,662.0,0.1096,2066.0,3.0,0b0000100000010010,0b10,"Pixel produced, but most probably cloudy",0b0100,Decreasing quality,0b00,Climatology,0b0,No,0b0,No,0b0,No,0b001,Land (Nothing else but land),0b0,No,0b0,No,0b00000000000000000000000000000011,0b00000000000000000000000000000011,"Cloudy data, Target not visible, covered with cloud"
City,Riobamba,-1.6731,-78.653,2019-09-14,h10v09,803.0,662.0,0.0937,2062.0,3.0,0b0000100000001110,0b10,"Pixel produced, but most probably cloudy",0b0011,Decreasing quality,0b00,Climatology,0b0,No,0b0,No,0b0,No,0b001,Land (Nothing else but land),0b0,No,0b0,No,0b00000000000000000000000000000011,0b00000000000000000000000000000011,"Cloudy data, Target not visible, covered with cloud"
City,Riobamba,-1.6731,-78.653,2019-09-30,h10v09,803.0,662.0,0.1065,2189.0,1.0,0b0000100010001101,0b01,"VI produced, but check other QA",0b0011,Decreasing quality,0b10,Average,0b0,No,0b0,No,0b0,No,0b001,Land (Nothing else but land),0b0,No,0b0,No,0b00000000000000000000000000000001,0b00000000000000000000000000000001,"Marginal data, Useful, but look at other QA information"
City,Riobamba,-1.6731,-78.653,2019-10-16,h10v09,803.0,662.0,0.1247,2062.0,3.0,0b0000100000001110,0b10,"Pixel produced, but most probably cloudy",0b0011,Decreasing quality,0b00,Climatology,0b0,No,0b0,No,0b0,No,0b001,Land (Nothing else but land),0b0,No,0b0,No,0b00000000000000000000000000000011,0b00000000000000000000000000000011,"Cloudy data, Target not visible, covered with cloud"
City,Riobamba,-1.6731,-78.653,2019-11-01,h10v09,803.0,662.0,0.0874,2062.0,3.0,0b0000100000001110,0b10,"Pixel produced, but most probably cloudy",0b0011,Decreasing quality,0b00,Climatology,0b0,No,0b0,No,0b0,No,0b001,Land (Nothing else but land),0b0,No,0b0,No,0b00000000000000000000000000000011,0b00000000000000000000000000000011,"Cloudy data, Target not visible, covered with cloud"
City,Riobamba,-1.6731,-78.653,2019-11-17,h10v09,803.0,662.0,0.0896,2189.0,1.0,0b0000100010001101,0b01,"VI produced, but check other QA",0b0011,Decreasing quality,0b10,Average,0b0,No,0b0,No,0b0,No,0b001,Land (Nothing else but land),0b0,No,0b0,No,0b00000000000000000000000000000001,0b00000000000000000000000000000001,"Marginal data, Useful, but look at other QA information"
City,Riobamba,-1.6731,-78.653,2019-12-03,h10v09,803.0,662.0,0.1156,2062.0,3.0,0b0000100000001110,0b10,"Pixel produced, but most probably cloudy",0b0011,Decreasing quality,0b00,Climatology,0b0,No,0b0,No,0b0,No,0b001,Land (Nothing else but land),0b0,No,0b0,No,0b00000000000000000000000000000011,0b00000000000000000000000000000011,"Cloudy data, Target not visible, covered with cloud"
City,Riobamba,-1.6731,-78.653,2019-12-19,h10v09,803.0,662.0,0.0948,2062.0,3.0,0b0000100000001110,0b10,"Pixel produced, but most probably cloudy",0b0011,Decreasing quality,0b00,Climatology,0b0,No,0b0,No,0b0,No,0b001,Land (Nothing else but land),0b0,No,0b0,No,0b00000000000000000000000000000011,0b00000000000000000000000000000011,"Cloudy data, Target not visible, covered with cloud"
City,Riobamba,-1.6731,-78.653,2020-01-01,h10v09,803.0,662.0,0.0941,2062.0,3.0,0b0000100000001110,0b10,"Pixel produced, but most probably cloudy",0b0011,Decreasing quality,0b00,Climatology,0b0,No,0b0,No,0b0,No,0b001,Land (Nothing else but land),0b0,No,0b0,No,0b00000000000000000000000000000011,0b00000000000000000000000000000011,"Cloudy data, Target not visible, covered with cloud"
City,Riobamba,-1.6731,-78.653,2020-01-17,h10v09,803.0,662.0,0.1398,2062.0,3.0,0b0000100000001110,0b10,"Pixel produced, but most probably cloudy",0b0011,Decreasing quality,0b00,Climatology,0b0,No,0b0,No,0b0,No,0b001,Land (Nothing else but land),0b0,No,0b0,No,0b00000000000000000000000000000011,0b00000000000000000000000000000011,"Cloudy data, Target not visible, covered with cloud"
City,Riobamba,-1.6731,-78.653,2020-02-02,h10v09,803.0,662.0,0.1209,2066.0,3.0,0b0000100000010010,0b10,"Pixel produced, but most probably cloudy",0b0100,Decreasing quality,0b00,Climatology,0b0,No,0b0,No,0b0,No,0b001,Land (Nothing else but land),0b0,No,0b0,No,0b00000000000000000000000000000011,0b00000000000000000000000000000011,"Cloudy data, Target not visible, covered with cloud"
City,Riobamba,-1.6731,-78.653,2020-02-18,h10v09,803.0,662.0,0.1074,2062.0,3.0,0b0000100000001110,0b10,"Pixel produced, but most probably cloudy",0b0011,Decreasing quality,0b00,Climatology,0b0,No,0b0,No,0b0,No,0b001,Land (Nothing else but land),0b0,No,0b0,No,0b00000000000000000000000000000011,0b00000000000000000000000000000011,"Cloudy data, Target not visible, covered with cloud"
City,Riobamba,-1.6731,-78.653,2020-03-05,h10v09,803.0,662.0,0.0995,2066.0,3.0,0b0000100000010010,0b10,"Pixel produced, but most probably cloudy",0b0100,Decreasing quality,0b00,Climatology,0b0,No,0b0,No,0b0,No,0b001,Land (Nothing else but land),0b0,No,0b0,No,0b00000000000000000000000000000011,0b00000000000000000000000000000011,"Cloudy data, Target not visible, covered with cloud"
City,Riobamba,-1.6731,-78.653,2020-03-21,h10v09,803.0,662.0,0.1129,2062.0,3.0,0b0000100000001110,0b10,"Pixel produced, but most probably cloudy",0b0011,Decreasing quality,0b00,Climatology,0b0,No,0b0,No,0b0,No,0b001,Land (Nothing else but land),0b0,No,0b0,No,0b00000000000000000000000000000011,0b00000000000000000000000000000011,"Cloudy data, Target not visible, covered with cloud"
City,Riobamba,-1.6731,-78.653,2020-04-06,h10v09,803.0,662.0,0.0992,2062.0,3.0,0b0000100000001110,0b10,"Pixel produced, but most probably cloudy",0b0011,Decreasing quality,0b00,Climatology,0b0,No,0b0,No,0b0,No,0b001,Land (Nothing else but land),0b0,No,0b0,No,0b00000000000000000000000000000011,0b00000000000000000000000000000011,"Cloudy data, Target not visible, covered with cloud"
City,Riobamba,-1.6731,-78.653,2020-04-22,h10v09,803.0,662.0,0.1064,2062.0,3.0,0b0000100000001110,0b10,"Pixel produced, but most probably cloudy",0b0011,Decreasing quality,0b00,Climatology,0b0,No,0b0,No,0b0,No,0b001,Land (Nothing else but land),0b0,No,0b0,No,0b00000000000000000000000000000011,0b00000000000000000000000000000011,"Cloudy data, Target not visible, covered with cloud"
City,Riobamba,-1.6731,-78.653,2020-05-08,h10v09,803.0,662.0,0.1167,3102.0,3.0,0b0000110000011110,0b10,"Pixel produced, but most probably cloudy",0b0111,Decreasing quality,0b00,Climatology,0b0,No,0b0,No,0b1,Yes,0b001,Land (Nothing else but land),0b0,No,0b0,No,0b00000000000000000000000000000011,0b00000000000000000000000000000011,"Cloudy data, Target not visible, covered with cloud"
City,Riobamba,-1.6731,-78.653,2020-05-24,h10v09,803.0,662.0,0.1018,2062.0,3.0,0b0000100000001110,0b10,"Pixel produced, but most probably cloudy",0b0011,Decreasing quality,0b00,Climatology,0b0,No,0b0,No,0b0,No,0b001,Land (Nothing else but land),0b0,No,0b0,No,0b00000000000000000000000000000011,0b00000000000000000000000000000011,"Cloudy data, Target not visible, covered with cloud"
City,Riobamba,-1.6731,-78.653,2020-06-09,h10v09,803.0,662.0,0.2291,2062.0,3.0,0b0000100000001110,0b10,"Pixel produced, but most probably cloudy",0b0011,Decreasing quality,0b00,Climatology,0b0,No,0b0,No,0b0,No,0b001,Land (Nothing else but land),0b0,No,0b0,No,0b00000000000000000000000000000011,0b00000000000000000000000000000011,"Cloudy data, Target not visible, covered with cloud"
City,Riobamba,-1.6731,-78.653,2020-06-25,h10v09,803.0,662.0,0.1058,3098.0,3.0,0b0000110000011010,0b10,"Pixel produced, but most probably cloudy",0b0110,Decreasing quality,0b00,Climatology,0b0,No,0b0,No,0b1,Yes,0b001,Land (Nothing else but land),0b0,No,0b0,No,0b00000000000000000000000000000011,0b00000000000000000000000000000011,"Cloudy data, Target not visible, covered with cloud"
City,Riobamba,-1.6731,-78.653,2020-07-11,h10v09,803.0,662.0,0.0676,35293.0,1.0,0b1000100111011101,0b01,"VI produced, but check other QA",0b0111,Decreasing quality,0b11,High,0b1,Yes,0b0,No,0b0,No,0b001,Land (Nothing else but land),0b0,No,0b1,Yes,0b00000000000000000000000000000001,0b00000000000000000000000000000001,"Marginal data, Useful, but look at other QA information"
City,Riobamba,-1.6731,-78.653,2020-07-27,h10v09,803.0,662.0,0.1158,2062.0,3.0,0b0000100000001110,0b10,"Pixel produced, but most probably cloudy",0b0011,Decreasing quality,0b00,Climatology,0b0,No,0b0,No,0b0,No,0b001,Land (Nothing else but land),0b0,No,0b0,No,0b00000000000000000000000000000011,0b00000000000000000000000000000011,"Cloudy data, Target not visible, covered with cloud"
City,Riobamba,-1.6731,-78.653,2020-08-12,h10v09,803.0,662.0,0.1186,2062.0,3.0,0b0000100000001110,0b10,"Pixel produced, but most probably cloudy",0b0011,Decreasing quality,0b00,Climatology,0b0,No,0b0,No,0b0,No,0b001,Land (Nothing else but land),0b0,No,0b0,No,0b00000000000000000000000000000011,0b00000000000000000000000000000011,"Cloudy data, Target not visible, covered with cloud"
City,Riobamba,-1.6731,-78.653,2020-08-28,h10v09,803.0,662.0,0.1085,2062.0,3.0,0b0000100000001110,0b10,"Pixel produced, but most probably cloudy",0b0011,Decreasing quality,0b00,Climatology,0b0,No,0b0,No,0b0,No,0b001,Land (Nothing else but land),0b0,No,0b0,No,0b00000000000000000000000000000011,0b00000000000000000000000000000011,"Cloudy data, Target not visible, covered with cloud"
City,Riobamba,-1.6731,-78.653,2020-09-13,h10v09,803.0,662.0,0.0919,2380.0,1.0,0b0000100101001100,0b00,VI produced with good quality,0b0011,Decreasing quality,0b01,Low,0b1,Yes,0b0,No,0b0,No,0b001,Land (Nothing else but land),0b0,No,0b0,No,0b00000000000000000000000000000001,0b00000000000000000000000000000001,"Marginal data, Useful, but look at other QA information"
City,Riobamba,-1.6731,-78.653,2020-09-29,h10v09,803.0,662.0,0.0919,2066.0,3.0,0b0000100000010010,0b10,"Pixel produced, but most probably cloudy",0b0100,Decreasing quality,0b00,Climatology,0b0,No,0b0,No,0b0,No,0b001,Land (Nothing else but land),0b0,No,0b0,No,0b00000000000000000000000000000011,0b00000000000000000000000000000011,"Cloudy data, Target not visible, covered with cloud"
City,Riobamba,-1.6731,-78.653,2020-10-15,h10v09,803.0,662.0,0.0841,2066.0,3.0,0b0000100000010010,0b10,"Pixel produced, but most probably cloudy",0b0100,Decreasing quality,0b00,Climatology,0b0,No,0b0,No,0b0,No,0b001,Land (Nothing else but land),0b0,No,0b0,No,0b00000000000000000000000000000011,0b00000000000000000000000000000011,"Cloudy data, Target not visible, covered with cloud"
City,Riobamba,-1.6731,-78.653,2020-10-31,h10v09,803.0,662.0,0.1269,2189.0,1.0,0b0000100010001101,0b01,"VI produced, but check other QA",0b0011,Decreasing quality,0b10,Average,0b0,No,0b0,No,0b0,No,0b001,Land (Nothing else but land),0b0,No,0b0,No,0b00000000000000000000000000000001,0b00000000000000000000000000000001,"Marginal data, Useful, but look at other QA information"
City,Riobamba,-1.6731,-78.653,2020-11-16,h10v09,803.0,662.0,0.1254,2062.0,3.0,0b0000100000001110,0b10,"Pixel produced, but most probably cloudy",0b0011,Decreasing quality,0b00,Climatology,0b0,No,0b0,No,0b0,No,0b001,Land (Nothing else but land),0b0,No,0b0,No,0b00000000000000000000000000000011,0b00000000000000000000000000000011,"Cloudy data, Target not visible, covered with cloud"
City,Riobamba,-1.6731,-78.653,2020-12-02,h10v09,803.0,662.0,0.1146,2066.0,3.0,0b0000100000010010,0b10,"Pixel produced, but most probably cloudy",0b0100,Decreasing quality,0b00,Climatology,0b0,No,0b0,No,0b0,No,0b001,Land (Nothing else but land),0b0,No,0b0,No,0b00000000000000000000000000000011,0b00000000000000000000000000000011,"Cloudy data, Target not visible, covered with cloud"
City,Riobamba,-1.6731,-78.653,2020-12-18,h10v09,803.0,662.0,0.1136,2062.0,3.0,0b0000100000001110,0b10,"Pixel produced, but most probably cloudy",0b0011,Decreasing quality,0b00,Climatology,0b0,No,0b0,No,0b0,No,0b001,Land (Nothing else but land),0b0,No,0b0,No,0b00000000000000000000000000000011,0b00000000000000000000000000000011,"Cloudy data, Target not visible, covered with cloud"
City,Riobamba,-1.6731,-78.653,2021-01-01,h10v09,803.0,662.0,0.1251,2062.0,3.0,0b0000100000001110,0b10,"Pixel produced, but most probably cloudy",0b0011,Decreasing quality,0b00,Climatology,0b0,No,0b0,No,0b0,No,0b001,Land (Nothing else but land),0b0,No,0b0,No,0b00000000000000000000000000000011,0b00000000000000000000000000000011,"Cloudy data, Target not visible, covered with cloud"
City,Riobamba,-1.6731,-78.653,2021-01-17,h10v09,803.0,662.0,0.1186,2062.0,3.0,0b0000100000001110,0b10,"Pixel produced, but most probably cloudy",0b0011,Decreasing quality,0b00,Climatology,0b0,No,0b0,No,0b0,No,0b001,Land (Nothing else but land),0b0,No,0b0,No,0b00000000000000000000000000000011,0b00000000000000000000000000000011,"Cloudy data, Target not visible, covered with cloud"
City,Riobamba,-1.6731,-78.653,2021-02-02,h10v09,803.0,662.0,0.1102,2062.0,3.0,0b0000100000001110,0b10,"Pixel produced, but most probably cloudy",0b0011,Decreasing quality,0b00,Climatology,0b0,No,0b0,No,0b0,No,0b001,Land (Nothing else but land),0b0,No,0b0,No,0b00000000000000000000000000000011,0b00000000000000000000000000000011,"Cloudy data, Target not visible, covered with cloud"
City,Riobamba,-1.6731,-78.653,2021-02-18,h10v09,803.0,662.0,0.1188,2062.0,3.0,0b0000100000001110,0b10,"Pixel produced, but most probably cloudy",0b0011,Decreasing quality,0b00,Climatology,0b0,No,0b0,No,0b0,No,0b001,Land (Nothing else but land),0b0,No,0b0,No,0b00000000000000000000000000000011,0b00000000000000000000000000000011,"Cloudy data, Target not visible, covered with cloud"
City,Riobamba,-1.6731,-78.653,2021-03-06,h10v09,803.0,662.0,0.1292,2062.0,3.0,0b0000100000001110,0b10,"Pixel produced, but most probably cloudy",0b0011,Decreasing quality,0b00,Climatology,0b0,No,0b0,No,0b0,No,0b001,Land (Nothing else but land),0b0,No,0b0,No,0b00000000000000000000000000000011,0b00000000000000000000000000000011,"Cloudy data, Target not visible, covered with cloud"
City,Riobamba,-1.6731,-78.653,2021-03-22,h10v09,803.0,662.0,0.1106,2062.0,3.0,0b0000100000001110,0b10,"Pixel produced, but most probably cloudy",0b0011,Decreasing quality,0b00,Climatology,0b0,No,0b0,No,0b0,No,0b001,Land (Nothing else but land),0b0,No,0b0,No,0b00000000000000000000000000000011,0b00000000000000000000000000000011,"Cloudy data, Target not visible, covered with cloud"
City,Riobamba,-1.6731,-78.653,2021-04-07,h10v09,803.0,662.0,0.1092,2062.0,3.0,0b0000100000001110,0b10,"Pixel produced, but most probably cloudy",0b0011,Decreasing quality,0b00,Climatology,0b0,No,0b0,No,0b0,No,0b001,Land (Nothing else but land),0b0,No,0b0,No,0b00000000000000000000000000000011,0b00000000000000000000000000000011,"Cloudy data, Target not visible, covered with cloud"
City,Riobamba,-1.6731,-78.653,2021-04-23,h10v09,803.0,662.0,0.1222,2062.0,3.0,0b0000100000001110,0b10,"Pixel produced, but most probably cloudy",0b0011,Decreasing quality,0b00,Climatology,0b0,No,0b0,No,0b0,No,0b001,Land (Nothing else but land),0b0,No,0b0,No,0b00000000000000000000000000000011,0b00000000000000000000000000000011,"Cloudy data, Target not visible, covered with cloud"
City,Riobamba,-1.6731,-78.653,2021-05-09,h10v09,803.0,662.0,0.0936,2062.0,3.0,0b0000100000001110,0b10,"Pixel produced, but most probably cloudy",0b0011,Decreasing quality,0b00,Climatology,0b0,No,0b0,No,0b0,No,0b001,Land (Nothing else but land),0b0,No,0b0,No,0b00000000000000000000000000000011,0b00000000000000000000000000000011,"Cloudy data, Target not visible, covered with cloud"
City,Riobamba,-1.6731,-78.653,2021-05-25,h10v09,803.0,662.0,0.117,2062.0,3.0,0b0000100000001110,0b10,"Pixel produced, but most probably cloudy",0b0011,Decreasing quality,0b00,Climatology,0b0,No,0b0,No,0b0,No,0b001,Land (Nothing else but land),0b0,No,0b0,No,0b00000000000000000000000000000011,0b00000000000000000000000000000011,"Cloudy data, Target not visible, covered with cloud"
City,Riobamba,-1.6731,-78.653,2021-06-10,h10v09,803.0,662.0,0.1231,2062.0,3.0,0b0000100000001110,0b10,"Pixel produced, but most probably cloudy",0b0011,Decreasing quality,0b00,Climatology,0b0,No,0b0,No,0b0,No,0b001,Land (Nothing else but land),0b0,No,0b0,No,0b00000000000000000000000000000011,0b00000000000000000000000000000011,"Cloudy data, Target not visible, covered with cloud"
City,Riobamba,-1.6731,-78.653,2021-06-26,h10v09,803.0,662.0,0.2397,35293.0,1.0,0b1000100111011101,0b01,"VI produced, but check other QA",0b0111,Decreasing quality,0b11,High,0b1,Yes,0b0,No,0b0,No,0b001,Land (Nothing else but land),0b0,No,0b1,Yes,0b00000000000000000000000000000001,0b00000000000000000000000000000001,"Marginal data, Useful, but look at other QA information"
City,Riobamba,-1.6731,-78.653,2021-07-12,h10v09,803.0,662.0,0.1215,2062.0,3.0,0b0000100000001110,0b10,"Pixel produced, but most probably cloudy",0b0011,Decreasing quality,0b00,Climatology,0b0,No,0b0,No,0b0,No,0b001,Land (Nothing else but land),0b0,No,0b0,No,0b00000000000000000000000000000011,0b00000000000000000000000000000011,"Cloudy data, Target not visible, covered with cloud"
City,Riobamba,-1.6731,-78.653,2021-07-28,h10v09,803.0,662.0,0.0943,2066.0,3.0,0b0000100000010010,0b10,"Pixel produced, but most probably cloudy",0b0100,Decreasing quality,0b00,Climatology,0b0,No,0b0,No,0b0,No,0b001,Land (Nothing else but land),0b0,No,0b0,No,0b00000000000000000000000000000011,0b00000000000000000000000000000011,"Cloudy data, Target not visible, covered with cloud"
City,Riobamba,-1.6731,-78.653,2021-08-13,h10v09,803.0,662.0,0.0938,2062.0,3.0,0b0000100000001110,0b10,"Pixel produced, but most probably cloudy",0b0011,Decreasing quality,0b00,Climatology,0b0,No,0b0,No,0b0,No,0b001,Land (Nothing else but land),0b0,No,0b0,No,0b00000000000000000000000000000011,0b00000000000000000000000000000011,"Cloudy data, Target not visible, covered with cloud"
City,Riobamba,-1.6731,-78.653,2021-08-29,h10v09,803.0,662.0,0.1099,2062.0,3.0,0b0000100000001110,0b10,"Pixel produced, but most probably cloudy",0b0011,Decreasing quality,0b00,Climatology,0b0,No,0b0,No,0b0,No,0b001,Land (Nothing else but land),0b0,No,0b0,No,0b00000000000000000000000000000011,0b00000000000000000000000000000011,"Cloudy data, Target not visible, covered with cloud"
City,Riobamba,-1.6731,-78.653,2021-09-14,h10v09,803.0,662.0,0.1034,2062.0,3.0,0b0000100000001110,0b10,"Pixel produced, but most probably cloudy",0b0011,Decreasing quality,0b00,Climatology,0b0,No,0b0,No,0b0,No,0b001,Land (Nothing else but land),0b0,No,0b0,No,0b00000000000000000000000000000011,0b00000000000000000000000000000011,"Cloudy data, Target not visible, covered with cloud"
City,Riobamba,-1.6731,-78.653,2021-09-30,h10v09,803.0,662.0,0.1355,3102.0,3.0,0b0000110000011110,0b10,"Pixel produced, but most probably cloudy",0b0111,Decreasing quality,0b00,Climatology,0b0,No,0b0,No,0b1,Yes,0b001,Land (Nothing else but land),0b0,No,0b0,No,0b00000000000000000000000000000011,0b00000000000000000000000000000011,"Cloudy data, Target not visible, covered with cloud"
City,Riobamba,-1.6731,-78.653,2021-10-16,h10v09,803.0,662.0,0.0984,2066.0,3.0,0b0000100000010010,0b10,"Pixel produced, but most probably cloudy",0b0100,Decreasing quality,0b00,Climatology,0b0,No,0b0,No,0b0,No,0b001,Land (Nothing else but land),0b0,No,0b0,No,0b00000000000000000000000000000011,0b00000000000000000000000000000011,"Cloudy data, Target not visible, covered with cloud"
City,Riobamba,-1.6731,-78.653,2021-11-01,h10v09,803.0,662.0,0.1511,2062.0,3.0,0b0000100000001110,0b10,"Pixel produced, but most probably cloudy",0b0011,Decreasing quality,0b00,Climatology,0b0,No,0b0,No,0b0,No,0b001,Land (Nothing else but land),0b0,No,0b0,No,0b00000000000000000000000000000011,0b00000000000000000000000000000011,"Cloudy data, Target not visible, covered with cloud"
City,Riobamba,-1.6731,-78.653,2021-11-17,h10v09,803.0,662.0,0.118,2062.0,3.0,0b0000100000001110,0b10,"Pixel produced, but most probably cloudy",0b0011,Decreasing quality,0b00,Climatology,0b0,No,0b0,No,0b0,No,0b001,Land (Nothing else but land),0b0,No,0b0,No,0b00000000000000000000000000000011,0b00000000000000000000000000000011,"Cloudy data, Target not visible, covered with cloud"
City,Riobamba,-1.6731,-78.653,2021-12-03,h10v09,803.0,662.0,0.088,2062.0,3.0,0b0000100000001110,0b10,"Pixel produced, but most probably cloudy",0b0011,Decreasing quality,0b00,Climatology,0b0,No,0b0,No,0b0,No,0b001,Land (Nothing else but land),0b0,No,0b0,No,0b00000000000000000000000000000011,0b00000000000000000000000000000011,"Cloudy data, Target not visible, covered with cloud"
City,Riobamba,-1.6731,-78.653,2021-12-19,h10v09,803.0,662.0,0.1155,2066.0,3.0,0b0000100000010010,0b10,"Pixel produced, but most probably cloudy",0b0100,Decreasing quality,0b00,Climatology,0b0,No,0b0,No,0b0,No,0b001,Land (Nothing else but land),0b0,No,0b0,No,0b00000000000000000000000000000011,0b00000000000000000000000000000011,"Cloudy data, Target not visible, covered with cloud"
City,Riobamba,-1.6731,-78.653,2022-01-01,h10v09,803.0,662.0,0.1063,2376.0,1.0,0b0000100101001000,0b00,VI produced with good quality,0b0010,Decreasing quality,0b01,Low,0b1,Yes,0b0,No,0b0,No,0b001,Land (Nothing else but land),0b0,No,0b0,No,0b00000000000000000000000000000001,0b00000000000000000000000000000001,"Marginal data, Useful, but look at other QA information"
City,Riobamba,-1.6731,-78.653,2022-01-17,h10v09,803.0,662.0,0.0914,2066.0,3.0,0b0000100000010010,0b10,"Pixel produced, but most probably cloudy",0b0100,Decreasing quality,0b00,Climatology,0b0,No,0b0,No,0b0,No,0b001,Land (Nothing else but land),0b0,No,0b0,No,0b00000000000000000000000000000011,0b00000000000000000000000000000011,"Cloudy data, Target not visible, covered with cloud"
City,Riobamba,-1.6731,-78.653,2022-02-02,h10v09,803.0,662.0,0.1268,2062.0,3.0,0b0000100000001110,0b10,"Pixel produced, but most probably cloudy",0b0011,Decreasing quality,0b00,Climatology,0b0,No,0b0,No,0b0,No,0b001,Land (Nothing else but land),0b0,No,0b0,No,0b00000000000000000000000000000011,0b00000000000000000000000000000011,"Cloudy data, Target not visible, covered with cloud"
City,Riobamba,-1.6731,-78.653,2022-02-18,h10v09,803.0,662.0,0.1114,2062.0,3.0,0b0000100000001110,0b10,"Pixel produced, but most probably cloudy",0b0011,Decreasing quality,0b00,Climatology,0b0,No,0b0,No,0b0,No,0b001,Land (Nothing else but land),0b0,No,0b0,No,0b00000000000000000000000000000011,0b00000000000000000000000000000011,"Cloudy data, Target not visible, covered with cloud"
City,Riobamba,-1.6731,-78.653,2022-03-06,h10v09,803.0,662.0,0.117,2062.0,3.0,0b0000100000001110,0b10,"Pixel produced, but most probably cloudy",0b0011,Decreasing quality,0b00,Climatology,0b0,No,0b0,No,0b0,No,0b001,Land (Nothing else but land),0b0,No,0b0,No,0b00000000000000000000000000000011,0b00000000000000000000000000000011,"Cloudy data, Target not visible, covered with cloud"
City,Riobamba,-1.6731,-78.653,2022-03-22,h10v09,803.0,662.0,0.1052,2062.0,3.0,0b0000100000001110,0b10,"Pixel produced, but most probably cloudy",0b0011,Decreasing quality,0b00,Climatology,0b0,No,0b0,No,0b0,No,0b001,Land (Nothing else but land),0b0,No,0b0,No,0b00000000000000000000000000000011,0b00000000000000000000000000000011,"Cloudy data, Target not visible, covered with cloud"
City,Riobamba,-1.6731,-78.653,2022-04-07,h10v09,803.0,662.0,0.238,2521.0,1.0,0b0000100111011001,0b01,"VI produced, but check other QA",0b0110,Decreasing quality,0b11,High,0b1,Yes,0b0,No,0b0,No,0b001,Land (Nothing else but land),0b0,No,0b0,No,0b00000000000000000000000000000001,0b00000000000000000000000000000001,"Marginal data, Useful, but look at other QA information"
City,Riobamba,-1.6731,-78.653,2022-04-23,h10v09,803.0,662.0,0.1172,2066.0,3.0,0b0000100000010010,0b10,"Pixel produced, but most probably cloudy",0b0100,Decreasing quality,0b00,Climatology,0b0,No,0b0,No,0b0,No,0b001,Land (Nothing else but land),0b0,No,0b0,No,0b00000000000000000000000000000011,0b00000000000000000000000000000011,"Cloudy data, Target not visible, covered with cloud"
City,Riobamba,-1.6731,-78.653,2022-05-09,h10v09,803.0,662.0,0.1147,2062.0,3.0,0b0000100000001110,0b10,"Pixel produced, but most probably cloudy",0b0011,Decreasing quality,0b00,Climatology,0b0,No,0b0,No,0b0,No,0b001,Land (Nothing else but land),0b0,No,0b0,No,0b00000000000000000000000000000011,0b00000000000000000000000000000011,"Cloudy data, Target not visible, covered with cloud"
City,Riobamba,-1.6731,-78.653,2022-05-25,h10v09,803.0,662.0,0.1096,2062.0,3.0,0b0000100000001110,0b10,"Pixel produced, but most probably cloudy",0b0011,Decreasing quality,0b00,Climatology,0b0,No,0b0,No,0b0,No,0b001,Land (Nothing else but land),0b0,No,0b0,No,0b00000000000000000000000000000011,0b00000000000000000000000000000011,"Cloudy data, Target not visible, covered with cloud"
City,Riobamba,-1.6731,-78.653,2022-06-10,h10v09,803.0,662.0,0.1101,2376.0,1.0,0b0000100101001000,0b00,VI produced with good quality,0b0010,Decreasing quality,0b01,Low,0b1,Yes,0b0,No,0b0,No,0b001,Land (Nothing else but land),0b0,No,0b0,No,0b00000000000000000000000000000001,0b00000000000000000000000000000001,"Marginal data, Useful, but look at other QA information"
City,Riobamba,-1.6731,-78.653,2022-06-26,h10v09,803.0,662.0,0.1062,2062.0,3.0,0b0000100000001110,0b10,"Pixel produced, but most probably cloudy",0b0011,Decreasing quality,0b00,Climatology,0b0,No,0b0,No,0b0,No,0b001,Land (Nothing else but land),0b0,No,0b0,No,0b00000000000000000000000000000011,0b00000000000000000000000000000011,"Cloudy data, Target not visible, covered with cloud"
City,Riobamba,-1.6731,-78.653,2022-07-12,h10v09,803.0,662.0,0.1087,2062.0,3.0,0b0000100000001110,0b10,"Pixel produced, but most probably cloudy",0b0011,Decreasing quality,0b00,Climatology,0b0,No,0b0,No,0b0,No,0b001,Land (Nothing else but land),0b0,No,0b0,No,0b00000000000000000000000000000011,0b00000000000000000000000000000011,"Cloudy data, Target not visible, covered with cloud"
City,Riobamba,-1.6731,-78.653,2022-07-28,h10v09,803.0,662.0,0.1078,2062.0,3.0,0b0000100000001110,0b10,"Pixel produced, but most probably cloudy",0b0011,Decreasing quality,0b00,Climatology,0b0,No,0b0,No,0b0,No,0b001,Land (Nothing else but land),0b0,No,0b0,No,0b00000000000000000000000000000011,0b00000000000000000000000000000011,"Cloudy data, Target not visible, covered with cloud"
City,Riobamba,-1.6731,-78.653,2022-08-13,h10v09,803.0,662.0,0.1132,2325.0,1.0,0b0000100100010101,0b01,"VI produced, but check other QA",0b0101,Decreasing quality,0b00,Climatology,0b1,Yes,0b0,No,0b0,No,0b001,Land (Nothing else but land),0b0,No,0b0,No,0b00000000000000000000000000000001,0b00000000000000000000000000000001,"Marginal data, Useful, but look at other QA information"
City,Riobamba,-1.6731,-78.653,2022-08-29,h10v09,803.0,662.0,0.0983,2062.0,3.0,0b0000100000001110,0b10,"Pixel produced, but most probably cloudy",0b0011,Decreasing quality,0b00,Climatology,0b0,No,0b0,No,0b0,No,0b001,Land (Nothing else but land),0b0,No,0b0,No,0b00000000000000000000000000000011,0b00000000000000000000000000000011,"Cloudy data, Target not visible, covered with cloud"
City,Riobamba,-1.6731,-78.653,2022-09-14,h10v09,803.0,662.0,0.1021,2062.0,3.0,0b0000100000001110,0b10,"Pixel produced, but most probably cloudy",0b0011,Decreasing quality,0b00,Climatology,0b0,No,0b0,No,0b0,No,0b001,Land (Nothing else but land),0b0,No,0b0,No,0b00000000000000000000000000000011,0b00000000000000000000000000000011,"Cloudy data, Target not visible, covered with cloud"
City,Riobamba,-1.6731,-78.653,2022-09-30,h10v09,803.0,662.0,0.094,2066.0,3.0,0b0000100000010010,0b10,"Pixel produced, but most probably cloudy",0b0100,Decreasing quality,0b00,Climatology,0b0,No,0b0,No,0b0,No,0b001,Land (Nothing else but land),0b0,No,0b0,No,0b00000000000000000000000000000011,0b00000000000000000000000000000011,"Cloudy data, Target not visible, covered with cloud"
City,Riobamba,-1.6731,-78.653,2022-10-16,h10v09,803.0,662.0,0.1097,2062.0,3.0,0b0000100000001110,0b10,"Pixel produced, but most probably cloudy",0b0011,Decreasing quality,0b00,Climatology,0b0,No,0b0,No,0b0,No,0b001,Land (Nothing else but land),0b0,No,0b0,No,0b00000000000000000000000000000011,0b00000000000000000000000000000011,"Cloudy data, Target not visible, covered with cloud"
City,Riobamba,-1.6731,-78.653,2022-11-01,h10v09,803.0,662.0,0.1226,2062.0,3.0,0b0000100000001110,0b10,"Pixel produced, but most probably cloudy",0b0011,Decreasing quality,0b00,Climatology,0b0,No,0b0,No,0b0,No,0b001,Land (Nothing else but land),0b0,No,0b0,No,0b00000000000000000000000000000011,0b00000000000000000000000000000011,"Cloudy data, Target not visible, covered with cloud"
City,Riobamba,-1.6731,-78.653,2022-11-17,h10v09,803.0,662.0,0.1323,2066.0,3.0,0b0000100000010010,0b10,"Pixel produced, but most probably cloudy",0b0100,Decreasing quality,0b00,Climatology,0b0,No,0b0,No,0b0,No,0b001,Land (Nothing else but land),0b0,No,0b0,No,0b00000000000000000000000000000011,0b00000000000000000000000000000011,"Cloudy data, Target not visible, covered with cloud"
City,Riobamba,-1.6731,-78.653,2022-12-03,h10v09,803.0,662.0,0.1438,2189.0,1.0,0b0000100010001101,0b01,"VI produced, but check other QA",0b0011,Decreasing quality,0b10,Average,0b0,No,0b0,No,0b0,No,0b001,Land (Nothing else but land),0b0,No,0b0,No,0b00000000000000000000000000000001,0b00000000000000000000000000000001,"Marginal data, Useful, but look at other QA information"
City,Riobamba,-1.6731,-78.653,2022-12-19,h10v09,803.0,662.0,0.1109,2066.0,3.0,0b0000100000010010,0b10,"Pixel produced, but most probably cloudy",0b0100,Decreasing quality,0b00,Climatology,0b0,No,0b0,No,0b0,No,0b001,Land (Nothing else but land),0b0,No,0b0,No,0b00000000000000000000000000000011,0b00000000000000000000000000000011,"Cloudy data, Target not visible, covered with cloud"
City,Riobamba,-1.6731,-78.653,2023-01-01,h10v09,803.0,662.0,0.14,2062.0,3.0,0b0000100000001110,0b10,"Pixel produced, but most probably cloudy",0b0011,Decreasing quality,0b00,Climatology,0b0,No,0b0,No,0b0,No,0b001,Land (Nothing else but land),0b0,No,0b0,No,0b00000000000000000000000000000011,0b00000000000000000000000000000011,"Cloudy data, Target not visible, covered with cloud"
City,Riobamba,-1.6731,-78.653,2023-01-17,h10v09,803.0,662.0,0.1257,2062.0,3.0,0b0000100000001110,0b10,"Pixel produced, but most probably cloudy",0b0011,Decreasing quality,0b00,Climatology,0b0,No,0b0,No,0b0,No,0b001,Land (Nothing else but land),0b0,No,0b0,No,0b00000000000000000000000000000011,0b00000000000000000000000000000011,"Cloudy data, Target not visible, covered with cloud"
City,Riobamba,-1.6731,-78.653,2023-02-02,h10v09,803.0,662.0,0.0935,2062.0,3.0,0b0000100000001110,0b10,"Pixel produced, but most probably cloudy",0b0011,Decreasing quality,0b00,Climatology,0b0,No,0b0,No,0b0,No,0b001,Land (Nothing else but land),0b0,No,0b0,No,0b00000000000000000000000000000011,0b00000000000000000000000000000011,"Cloudy data, Target not visible, covered with cloud"
City,Riobamba,-1.6731,-78.653,2023-02-18,h10v09,803.0,662.0,0.0858,2062.0,3.0,0b0000100000001110,0b10,"Pixel produced, but most probably cloudy",0b0011,Decreasing quality,0b00,Climatology,0b0,No,0b0,No,0b0,No,0b001,Land (Nothing else but land),0b0,No,0b0,No,0b00000000000000000000000000000011,0b00000000000000000000000000000011,"Cloudy data, Target not visible, covered with cloud"
City,Riobamba,-1.6731,-78.653,2023-03-06,h10v09,803.0,662.0,0.1059,2066.0,3.0,0b0000100000010010,0b10,"Pixel produced, but most probably cloudy",0b0100,Decreasing quality,0b00,Climatology,0b0,No,0b0,No,0b0,No,0b001,Land (Nothing else but land),0b0,No,0b0,No,0b00000000000000000000000000000011,0b00000000000000000000000000000011,"Cloudy data, Target not visible, covered with cloud"
City,Riobamba,-1.6731,-78.653,2023-03-22,h10v09,803.0,662.0,0.1137,2062.0,3.0,0b0000100000001110,0b10,"Pixel produced, but most probably cloudy",0b0011,Decreasing quality,0b00,Climatology,0b0,No,0b0,No,0b0,No,0b001,Land (Nothing else but land),0b0,No,0b0,No,0b00000000000000000000000000000011,0b00000000000000000000000000000011,"Cloudy data, Target not visible, covered with cloud"
City,Riobamba,-1.6731,-78.653,2023-04-07,h10v09,803.0,662.0,0.1215,2062.0,3.0,0b0000100000001110,0b10,"Pixel produced, but most probably cloudy",0b0011,Decreasing quality,0b00,Climatology,0b0,No,0b0,No,0b0,No,0b001,Land (Nothing else but land),0b0,No,0b0,No,0b00000000000000000000000000000011,0b00000000000000000000000000000011,"Cloudy data, Target not visible, covered with cloud"
City,Riobamba,-1.6731,-78.653,2023-04-23,h10v09,803.0,662.0,0.1663,2189.0,1.0,0b0000100010001101,0b01,"VI produced, but check other QA",0b0011,Decreasing quality,0b10,Average,0b0,No,0b0,No,0b0,No,0b001,Land (Nothing else but land),0b0,No,0b0,No,0b00000000000000000000000000000001,0b00000000000000000000000000000001,"Marginal data, Useful, but look at other QA information"
City,Riobamba,-1.6731,-78.653,2023-05-09,h10v09,803.0,662.0,0.1065,2062.0,3.0,0b0000100000001110,0b10,"Pixel produced, but most probably cloudy",0b0011,Decreasing quality,0b00,Climatology,0b0,No,0b0,No,0b0,No,0b001,Land (Nothing else but land),0b0,No,0b0,No,0b00000000000000000000000000000011,0b00000000000000000000000000000011,"Cloudy data, Target not visible, covered with cloud"
City,Riobamba,-1.6731,-78.653,2023-05-25,h10v09,803.0,662.0,0.1298,2062.0,3.0,0b0000100000001110,0b10,"Pixel produced, but most probably cloudy",0b0011,Decreasing quality,0b00,Climatology,0b0,No,0b0,No,0b0,No,0b001,Land (Nothing else but land),0b0,No,0b0,No,0b00000000000000000000000000000011,0b00000000000000000000000000000011,"Cloudy data, Target not visible, covered with cloud"
City,Riobamba,-1.6731,-78.653,2023-06-10,h10v09,803.0,662.0,0.1219,2065.0,1.0,0b0000100000010001,0b01,"VI produced, but check other QA",0b0100,Decreasing quality,0b00,Climatology,0b0,No,0b0,No,0b0,No,0b001,Land (Nothing else but land),0b0,No,0b0,No,0b00000000000000000000000000000001,0b00000000000000000000000000000001,"Marginal data, Useful, but look at other QA information"
City,Riobamba,-1.6731,-78.653,2023-06-26,h10v09,803.0,662.0,0.1131,2062.0,3.0,0b0000100000001110,0b10,"Pixel produced, but most probably cloudy",0b0011,Decreasing quality,0b00,Climatology,0b0,No,0b0,No,0b0,No,0b001,Land (Nothing else but land),0b0,No,0b0,No,0b00000000000000000000000000000011,0b00000000000000000000000000000011,"Cloudy data, Target not visible, covered with cloud"
City,Riobamba,-1.6731,-78.653,2023-07-12,h10v09,803.0,662.0,0.101,2062.0,3.0,0b0000100000001110,0b10,"Pixel produced, but most probably cloudy",0b0011,Decreasing quality,0b00,Climatology,0b0,No,0b0,No,0b0,No,0b001,Land (Nothing else but land),0b0,No,0b0,No,0b00000000000000000000000000000011,0b00000000000000000000000000000011,"Cloudy data, Target not visible, covered with cloud"
City,Riobamba,-1.6731,-78.653,2023-07-28,h10v09,803.0,662.0,0.1436,2449.0,1.0,0b0000100110010001,0b01,"VI produced, but check other QA",0b0100,Decreasing quality,0b10,Average,0b1,Yes,0b0,No,0b0,No,0b001,Land (Nothing else but land),0b0,No,0b0,No,0b00000000000000000000000000000001,0b00000000000000000000000000000001,"Marginal data, Useful, but look at other QA information"
City,Riobamba,-1.6731,-78.653,2023-08-13,h10v09,803.0,662.0,0.1086,2066.0,3.0,0b0000100000010010,0b10,"Pixel produced, but most probably cloudy",0b0100,Decreasing quality,0b00,Climatology,0b0,No,0b0,No,0b0,No,0b001,Land (Nothing else but land),0b0,No,0b0,No,0b00000000000000000000000000000011,0b00000000000000000000000000000011,"Cloudy data, Target not visible, covered with cloud"
City,Riobamba,-1.6731,-78.653,2023-08-29,h10v09,803.0,662.0,0.0984,2066.0,3.0,0b0000100000010010,0b10,"Pixel produced, but most probably cloudy",0b0100,Decreasing quality,0b00,Climatology,0b0,No,0b0,No,0b0,No,0b001,Land (Nothing else but land),0b0,No,0b0,No,0b00000000000000000000000000000011,0b00000000000000000000000000000011,"Cloudy data, Target not visible, covered with cloud"
City,Riobamba,-1.6731,-78.653,2023-09-14,h10v09,803.0,662.0,0.0892,2062.0,3.0,0b0000100000001110,0b10,"Pixel produced, but most probably cloudy",0b0011,Decreasing quality,0b00,Climatology,0b0,No,0b0,No,0b0,No,0b001,Land (Nothing else but land),0b0,No,0b0,No,0b00000000000000000000000000000011,0b00000000000000000000000000000011,"Cloudy data, Target not visible, covered with cloud"
City,Riobamba,-1.6731,-78.653,2023-09-30,h10v09,803.0,662.0,0.0769,2066.0,3.0,0b0000100000010010,0b10,"Pixel produced, but most probably cloudy",0b0100,Decreasing quality,0b00,Climatology,0b0,No,0b0,No,0b0,No,0b001,Land (Nothing else but land),0b0,No,0b0,No,0b00000000000000000000000000000011,0b00000000000000000000000000000011,"Cloudy data, Target not visible, covered with cloud"
City,Riobamba,-1.6731,-78.653,2023-10-16,h10v09,803.0,662.0,0.1037,2062.0,3.0,0b0000100000001110,0b10,"Pixel produced, but most probably cloudy",0b0011,Decreasing quality,0b00,Climatology,0b0,No,0b0,No,0b0,No,0b001,Land (Nothing else but land),0b0,No,0b0,No,0b00000000000000000000000000000011,0b00000000000000000000000000000011,"Cloudy data, Target not visible, covered with cloud"
City,Riobamba,-1.6731,-78.653,2023-11-01,h10v09,803.0,662.0,0.0975,2066.0,3.0,0b0000100000010010,0b10,"Pixel produced, but most probably cloudy",0b0100,Decreasing quality,0b00,Climatology,0b0,No,0b0,No,0b0,No,0b001,Land (Nothing else but land),0b0,No,0b0,No,0b00000000000000000000000000000011,0b00000000000000000000000000000011,"Cloudy data, Target not visible, covered with cloud"
City,Riobamba,-1.6731,-78.653,2023-11-17,h10v09,803.0,662.0,0.1205,2062.0,3.0,0b0000100000001110,0b10,"Pixel produced, but most probably cloudy",0b0011,Decreasing quality,0b00,Climatology,0b0,No,0b0,No,0b0,No,0b001,Land (Nothing else but land),0b0,No,0b0,No,0b00000000000000000000000000000011,0b00000000000000000000000000000011,"Cloudy data, Target not visible, covered with cloud"
City,Riobamba,-1.6731,-78.653,2023-12-03,h10v09,803.0,662.0,0.0872,35221.0,1.0,0b1000100110010101,0b01,"VI produced, but check other QA",0b0101,Decreasing quality,0b10,Average,0b1,Yes,0b0,No,0b0,No,0b001,Land (Nothing else but land),0b0,No,0b1,Yes,0b00000000000000000000000000000001,0b00000000000000000000000000000001,"Marginal data, Useful, but look at other QA information"
City,Riobamba,-1.6731,-78.653,2023-12-19,h10v09,803.0,662.0,0.0929,2066.0,3.0,0b0000100000010010,0b10,"Pixel produced, but most probably cloudy",0b0100,Decreasing quality,0b00,Climatology,0b0,No,0b0,No,0b0,No,0b001,Land (Nothing else but land),0b0,No,0b0,No,0b00000000000000000000000000000011,0b00000000000000000000000000000011,"Cloudy data, Target not visible, covered with cloud"
City,Riobamba,-1.6731,-78.653,2024-01-01,h10v09,803.0,662.0,0.1072,2062.0,3.0,0b0000100000001110,0b10,"Pixel produced, but most probably cloudy",0b0011,Decreasing quality,0b00,Climatology,0b0,No,0b0,No,0b0,No,0b001,Land (Nothing else but land),0b0,No,0b0,No,0b00000000000000000000000000000011,0b00000000000000000000000000000011,"Cloudy data, Target not visible, covered with cloud"
City,Riobamba,-1.6731,-78.653,2024-01-17,h10v09,803.0,662.0,0.1023,2066.0,3.0,0b0000100000010010,0b10,"Pixel produced, but most probably cloudy",0b0100,Decreasing quality,0b00,Climatology,0b0,No,0b0,No,0b0,No,0b001,Land (Nothing else but land),0b0,No,0b0,No,0b00000000000000000000000000000011,0b00000000000000000000000000000011,"Cloudy data, Target not visible, covered with cloud"
City,Riobamba,-1.6731,-78.653,2024-02-02,h10v09,803.0,662.0,0.1118,35221.0,1.0,0b1000100110010101,0b01,"VI produced, but check other QA",0b0101,Decreasing quality,0b10,Average,0b1,Yes,0b0,No,0b0,No,0b001,Land (Nothing else but land),0b0,No,0b1,Yes,0b00000000000000000000000000000001,0b00000000000000000000000000000001,"Marginal data, Useful, but look at other QA information"
City,Riobamba,-1.6731,-78.653,2024-02-18,h10v09,803.0,662.0,0.1056,2062.0,3.0,0b0000100000001110,0b10,"Pixel produced, but most probably cloudy",0b0011,Decreasing quality,0b00,Climatology,0b0,No,0b0,No,0b0,No,0b001,Land (Nothing else but land),0b0,No,0b0,No,0b00000000000000000000000000000011,0b00000000000000000000000000000011,"Cloudy data, Target not visible, covered with cloud"
City,Riobamba,-1.6731,-78.653,2024-03-05,h10v09,803.0,662.0,0.1248,2062.0,3.0,0b0000100000001110,0b10,"Pixel produced, but most probably cloudy",0b0011,Decreasing quality,0b00,Climatology,0b0,No,0b0,No,0b0,No,0b001,Land (Nothing else but land),0b0,No,0b0,No,0b00000000000000000000000000000011,0b00000000000000000000000000000011,"Cloudy data, Target not visible, covered with cloud"
City,Riobamba,-1.6731,-78.653,2024-03-21,h10v09,803.0,662.0,0.1056,35221.0,1.0,0b1000100110010101,0b01,"VI produced, but check other QA",0b0101,Decreasing quality,0b10,Average,0b1,Yes,0b0,No,0b0,No,0b001,Land (Nothing else but land),0b0,No,0b1,Yes,0b00000000000000000000000000000001,0b00000000000000000000000000000001,"Marginal data, Useful, but look at other QA information"
City,Riobamba,-1.6731,-78.653,2024-04-06,h10v09,803.0,662.0,0.1363,35297.0,1.0,0b1000100111100001,0b01,"VI produced, but check other QA",0b1000,Decreasing quality,0b11,High,0b1,Yes,0b0,No,0b0,No,0b001,Land (Nothing else but land),0b0,No,0b1,Yes,0b00000000000000000000000000000001,0b00000000000000000000000000000001,"Marginal data, Useful, but look at other QA information"
City,Riobamba,-1.6731,-78.653,2024-04-22,h10v09,803.0,662.0,0.0461,36334.0,3.0,0b1000110111101110,0b10,"Pixel produced, but most probably cloudy",0b1011,Decreasing quality,0b11,High,0b1,Yes,0b0,No,0b1,Yes,0b001,Land (Nothing else but land),0b0,No,0b1,Yes,0b00000000000000000000000000000011,0b00000000000000000000000000000011,"Cloudy data, Target not visible, covered with cloud"
City,Riobamba,-1.6731,-78.653,2024-05-08,h10v09,803.0,662.0,0.1351,2521.0,1.0,0b0000100111011001,0b01,"VI produced, but check other QA",0b0110,Decreasing quality,0b11,High,0b1,Yes,0b0,No,0b0,No,0b001,Land (Nothing else but land),0b0,No,0b0,No,0b00000000000000000000000000000001,0b00000000000000000000000000000001,"Marginal data, Useful, but look at other QA information"
City,Riobamba,-1.6731,-78.653,2024-05-24,h10v09,803.0,662.0,0.1408,2189.0,1.0,0b0000100010001101,0b01,"VI produced, but check other QA",0b0011,Decreasing quality,0b10,Average,0b0,No,0b0,No,0b0,No,0b001,Land (Nothing else but land),0b0,No,0b0,No,0b00000000000000000000000000000001,0b00000000000000000000000000000001,"Marginal data, Useful, but look at other QA information"
City,Riobamba,-1.6731,-78.653,2024-06-09,h10v09,803.0,662.0,0.1059,2062.0,3.0,0b0000100000001110,0b10,"Pixel produced, but most probably cloudy",0b0011,Decreasing quality,0b00,Climatology,0b0,No,0b0,No,0b0,No,0b001,Land (Nothing else but land),0b0,No,0b0,No,0b00000000000000000000000000000011,0b00000000000000000000000000000011,"Cloudy data, Target not visible, covered with cloud"
City,Riobamba,-1.6731,-78.653,2024-06-25,h10v09,803.0,662.0,0.1097,2449.0,1.0,0b0000100110010001,0b01,"VI produced, but check other QA",0b0100,Decreasing quality,0b10,Average,0b1,Yes,0b0,No,0b0,No,0b001,Land (Nothing else but land),0b0,No,0b0,No,0b00000000000000000000000000000001,0b00000000000000000000000000000001,"Marginal data, Useful, but look at other QA information"
City,Riobamba,-1.6731,-78.653,2024-07-11,h10v09,803.0,662.0,0.1115,2062.0,3.0,0b0000100000001110,0b10,"Pixel produced, but most probably cloudy",0b0011,Decreasing quality,0b00,Climatology,0b0,No,0b0,No,0b0,No,0b001,Land (Nothing else but land),0b0,No,0b0,No,0b00000000000000000000000000000011,0b00000000000000000000000000000011,"Cloudy data, Target not visible, covered with cloud"
City,Riobamba,-1.6731,-78.653,2024-07-27,h10v09,803.0,662.0,0.1199,2066.0,3.0,0b0000100000010010,0b10,"Pixel produced, but most probably cloudy",0b0100,Decreasing quality,0b00,Climatology,0b0,No,0b0,No,0b0,No,0b001,Land (Nothing else but land),0b0,No,0b0,No,0b00000000000000000000000000000011,0b00000000000000000000000000000011,"Cloudy data, Target not visible, covered with cloud"
City,Riobamba,-1.6731,-78.653,2024-08-12,h10v09,803.0,662.0,0.093,2062.0,3.0,0b0000100000001110,0b10,"Pixel produced, but most probably cloudy",0b0011,Decreasing quality,0b00,Climatology,0b0,No,0b0,No,0b0,No,0b001,Land (Nothing else but land),0b0,No,0b0,No,0b00000000000000000000000000000011,0b00000000000000000000000000000011,"Cloudy data, Target not visible, covered with cloud"
City,Riobamba,-1.6731,-78.653,2024-08-28,h10v09,803.0,662.0,0.1055,2066.0,3.0,0b0000100000010010,0b10,"Pixel produced, but most probably cloudy",0b0100,Decreasing quality,0b00,Climatology,0b0,No,0b0,No,0b0,No,0b001,Land (Nothing else but land),0b0,No,0b0,No,0b00000000000000000000000000000011,0b00000000000000000000000000000011,"Cloudy data, Target not visible, covered with cloud"
City,Riobamba,-1.6731,-78.653,2024-09-13,h10v09,803.0,662.0,0.1087,2321.0,1.0,0b0000100100010001,0b01,"VI produced, but check other QA",0b0100,Decreasing quality,0b00,Climatology,0b1,Yes,0b0,No,0b0,No,0b001,Land (Nothing else but land),0b0,No,0b0,No,0b00000000000000000000000000000001,0b00000000000000000000000000000001,"Marginal data, Useful, but look at other QA information"
City,Riobamba,-1.6731,-78.653,2024-09-29,h10v09,803.0,662.0,0.1994,35297.0,1.0,0b1000100111100001,0b01,"VI produced, but check other QA",0b1000,Decreasing quality,0b11,High,0b1,Yes,0b0,No,0b0,No,0b001,Land (Nothing else but land),0b0,No,0b1,Yes,0b00000000000000000000000000000001,0b00000000000000000000000000000001,"Marginal data, Useful, but look at other QA information"
City,Riobamba,-1.6731,-78.653,2024-10-15,h10v09,803.0,662.0,0.089,2062.0,3.0,0b0000100000001110,0b10,"Pixel produced, but most probably cloudy",0b0011,Decreasing quality,0b00,Climatology,0b0,No,0b0,No,0b0,No,0b001,Land (Nothing else but land),0b0,No,0b0,No,0b00000000000000000000000000000011,0b00000000000000000000000000000011,"Cloudy data, Target not visible, covered with cloud"
City,Riobamba,-1.6731,-78.653,2024-10-31,h10v09,803.0,662.0,0.1227,2066.0,3.0,0b0000100000010010,0b10,"Pixel produced, but most probably cloudy",0b0100,Decreasing quality,0b00,Climatology,0b0,No,0b0,No,0b0,No,0b001,Land (Nothing else but land),0b0,No,0b0,No,0b00000000000000000000000000000011,0b00000000000000000000000000000011,"Cloudy data, Target not visible, covered with cloud"
City,Riobamba,-1.6731,-78.653,2024-11-16,h10v09,803.0,662.0,0.121,2062.0,3.0,0b0000100000001110,0b10,"Pixel produced, but most probably cloudy",0b0011,Decreasing quality,0b00,Climatology,0b0,No,0b0,No,0b0,No,0b001,Land (Nothing else but land),0b0,No,0b0,No,0b00000000000000000000000000000011,0b00000000000000000000000000000011,"Cloudy data, Target not visible, covered with cloud"
City,Riobamba,-1.6731,-78.653,2024-12-02,h10v09,803.0,662.0,0.0605,2062.0,3.0,0b0000100000001110,0b10,"Pixel produced, but most probably cloudy",0b0011,Decreasing quality,0b00,Climatology,0b0,No,0b0,No,0b0,No,0b001,Land (Nothing else but land),0b0,No,0b0,No,0b00000000000000000000000000000011,0b00000000000000000000000000000011,"Cloudy data, Target not visible, covered with cloud"
City,Riobamba,-1.6731,-78.653,2024-12-18,h10v09,803.0,662.0,0.0909,2062.0,3.0,0b0000100000001110,0b10,"Pixel produced, but most probably cloudy",0b0011,Decreasing quality,0b00,Climatology,0b0,No,0b0,No,0b0,No,0b001,Land (Nothing else but land),0b0,No,0b0,No,0b00000000000000000000000000000011,0b00000000000000000000000000000011,"Cloudy data, Target not visible, covered with cloud"
City,Riobamba,-1.6731,-78.653,2025-01-01,h10v09,803.0,662.0,0.2037,35297.0,1.0,0b1000100111100001,0b01,"VI produced, but check other QA",0b1000,Decreasing quality,0b11,High,0b1,Yes,0b0,No,0b0,No,0b001,Land (Nothing else but land),0b0,No,0b1,Yes,0b00000000000000000000000000000001,0b00000000000000000000000000000001,"Marginal data, Useful, but look at other QA information"
City,Riobamba,-1.6731,-78.653,2025-01-17,h10v09,803.0,662.0,0.0858,2062.0,3.0,0b0000100000001110,0b10,"Pixel produced, but most probably cloudy",0b0011,Decreasing quality,0b00,Climatology,0b0,No,0b0,No,0b0,No,0b001,Land (Nothing else but land),0b0,No,0b0,No,0b00000000000000000000000000000011,0b00000000000000000000000000000011,"Cloudy data, Target not visible, covered with cloud"
City,Riobamba,-1.6731,-78.653,2025-02-02,h10v09,803.0,662.0,0.114,2062.0,3.0,0b0000100000001110,0b10,"Pixel produced, but most probably cloudy",0b0011,Decreasing quality,0b00,Climatology,0b0,No,0b0,No,0b0,No,0b001,Land (Nothing else but land),0b0,No,0b0,No,0b00000000000000000000000000000011,0b00000000000000000000000000000011,"Cloudy data, Target not visible, covered with cloud"
City,Riobamba,-1.6731,-78.653,2025-02-18,h10v09,803.0,662.0,0.2725,35297.0,1.0,0b1000100111100001,0b01,"VI produced, but check other QA",0b1000,Decreasing quality,0b11,High,0b1,Yes,0b0,No,0b0,No,0b001,Land (Nothing else but land),0b0,No,0b1,Yes,0b00000000000000000000000000000001,0b00000000000000000000000000000001,"Marginal data, Useful, but look at other QA information"
City,Riobamba,-1.6731,-78.653,2025-03-06,h10v09,803.0,662.0,0.0973,2066.0,3.0,0b0000100000010010,0b10,"Pixel produced, but most probably cloudy",0b0100,Decreasing quality,0b00,Climatology,0b0,No,0b0,No,0b0,No,0b001,Land (Nothing else but land),0b0,No,0b0,No,0b00000000000000000000000000000011,0b00000000000000000000000000000011,"Cloudy data, Target not visible, covered with cloud"
City,Riobamba,-1.6731,-78.653,2025-03-22,h10v09,803.0,662.0,0.1294,35293.0,1.0,0b1000100111011101,0b01,"VI produced, but check other QA",0b0111,Decreasing quality,0b11,High,0b1,Yes,0b0,No,0b0,No,0b001,Land (Nothing else but land),0b0,No,0b1,Yes,0b00000000000000000000000000000001,0b00000000000000000000000000000001,"Marginal data, Useful, but look at other QA information"
City,Riobamba,-1.6731,-78.653,2025-04-07,h10v09,803.0,662.0,0.1469,2521.0,1.0,0b0000100111011001,0b01,"VI produced, but check other QA",0b0110,Decreasing quality,0b11,High,0b1,Yes,0b0,No,0b0,No,0b001,Land (Nothing else but land),0b0,No,0b0,No,0b00000000000000000000000000000001,0b00000000000000000000000000000001,"Marginal data, Useful, but look at other QA information"
City,Riobamba,-1.6731,-78.653,2025-04-23,h10v09,803.0,662.0,0.1445,34961.0,1.0,0b1000100010010001,0b01,"VI produced, but check other QA",0b0100,Decreasing quality,0b10,Average,0b0,No,0b0,No,0b0,No,0b001,Land (Nothing else but land),0b0,No,0b1,Yes,0b00000000000000000000000000000001,0b00000000000000000000000000000001,"Marginal data, Useful, but look at other QA information"
City,Riobamba,-1.6731,-78.653,2025-05-09,h10v09,803.0,662.0,0.0721,2062.0,3.0,0b0000100000001110,0b10,"Pixel produced, but most probably cloudy",0b0011,Decreasing quality,0b00,Climatology,0b0,No,0b0,No,0b0,No,0b001,Land (Nothing else but land),0b0,No,0b0,No,0b00000000000000000000000000000011,0b00000000000000000000000000000011,"Cloudy data, Target not visible, covered with cloud"
City,Riobamba,-1.6731,-78.653,2025-05-25,h10v09,803.0,662.0,0.0713,35293.0,1.0,0b1000100111011101,0b01,"VI produced, but check other QA",0b0111,Decreasing quality,0b11,High,0b1,Yes,0b0,No,0b0,No,0b001,Land (Nothing else but land),0b0,No,0b1,Yes,0b00000000000000000000000000000001,0b00000000000000000000000000000001,"Marginal data, Useful, but look at other QA information"
City,Riobamba,-1.6731,-78.653,2025-06-10,h10v09,803.0,662.0,0.0303,2066.0,3.0,0b0000100000010010,0b10,"Pixel produced, but most probably cloudy",0b0100,Decreasing quality,0b00,Climatology,0b0,No,0b0,No,0b0,No,0b001,Land (Nothing else but land),0b0,No,0b0,No,0b00000000000000000000000000000011,0b00000000000000000000000000000011,"Cloudy data, Target not visible, covered with cloud"
City,Riobamba,-1.6731,-78.653,2025-06-26,h10v09,803.0,662.0,0.1055,3098.0,3.0,0b0000110000011010,0b10,"Pixel produced, but most probably cloudy",0b0110,Decreasing quality,0b00,Climatology,0b0,No,0b0,No,0b1,Yes,0b001,Land (Nothing else but land),0b0,No,0b0,No,0b00000000000000000000000000000011,0b00000000000000000000000000000011,"Cloudy data, Target not visible, covered with cloud"
City,Riobamba,-1.6731,-78.653,2025-07-12,h10v09,803.0,662.0,0.0844,2062.0,3.0,0b0000100000001110,0b10,"Pixel produced, but most probably cloudy",0b0011,Decreasing quality,0b00,Climatology,0b0,No,0b0,No,0b0,No,0b001,Land (Nothing else but land),0b0,No,0b0,No,0b00000000000000000000000000000011,0b00000000000000000000000000000011,"Cloudy data, Target not visible, covered with cloud"
City,Riobamba,-1.6731,-78.653,2025-07-28,h10v09,803.0,662.0,0.0993,2062.0,3.0,0b0000100000001110,0b10,"Pixel produced, but most probably cloudy",0b0011,Decreasing quality,0b00,Climatology,0b0,No,0b0,No,0b0,No,0b001,Land (Nothing else but land),0b0,No,0b0,No,0b00000000000000000000000000000011,0b00000000000000000000000000000011,"Cloudy data, Target not visible, covered with cloud"
City,Riobamba,-1.6731,-78.653,2025-08-13,h10v09,803.0,662.0,0.0962,2066.0,3.0,0b0000100000010010,0b10,"Pixel produced, but most probably cloudy",0b0100,Decreasing quality,0b00,Climatology,0b0,No,0b0,No,0b0,No,0b001,Land (Nothing else but land),0b0,No,0b0,No,0b00000000000000000000000000000011,0b00000000000000000000000000000011,"Cloudy data, Target not visible, covered with cloud"
City,Riobamba,-1.6731,-78.653,2025-08-29,h10v09,803.0,662.0,0.0836,2062.0,3.0,0b0000100000001110,0b10,"Pixel produced, but most probably cloudy",0b0011,Decreasing quality,0b00,Climatology,0b0,No,0b0,No,0b0,No,0b001,Land (Nothing else but land),0b0,No,0b0,No,0b00000000000000000000000000000011,0b00000000000000000000000000000011,"Cloudy data, Target not visible, covered with cloud"
City,Riobamba,-1.6731,-78.653,2025-09-14,h10v09,803.0,662.0,0.1044,2062.0,3.0,0b0000100000001110,0b10,"Pixel produced, but most probably cloudy",0b0011,Decreasing quality,0b00,Climatology,0b0,No,0b0,No,0b0,No,0b001,Land (Nothing else but land),0b0,No,0b0,No,0b00000000000000000000000000000011,0b00000000000000000000000000000011,"Cloudy data, Target not visible, covered with cloud"
City,Riobamba,-1.6731,-78.653,2025-09-30,h10v09,803.0,662.0,0.0799,2062.0,3.0,0b0000100000001110,0b10,"Pixel produced, but most probably cloudy",0b0011,Decreasing quality,0b00,Climatology,0b0,No,0b0,No,0b0,No,0b001,Land (Nothing else but land),0b0,No,0b0,No,0b00000000000000000000000000000011,0b00000000000000000000000000000011,"Cloudy data, Target not visible, covered with cloud"
City,Riobamba,-1.6731,-78.653,2025-10-16,h10v09,803.0,662.0,0.0955,2062.0,3.0,0b0000100000001110,0b10,"Pixel produced, but most probably cloudy",0b0011,Decreasing quality,0b00,Climatology,0b0,No,0b0,No,0b0,No,0b001,Land (Nothing else but land),0b0,No,0b0,No,0b00000000000000000000000000000011,0b00000000000000000000000000000011,"Cloudy data, Target not visible, covered with cloud"
City,Riobamba,-1.6731,-78.653,2025-11-01,h10v09,803.0,662.0,0.0875,2066.0,3.0,0b0000100000010010,0b10,"Pixel produced, but most probably cloudy",0b0100,Decreasing quality,0b00,Climatology,0b0,No,0b0,No,0b0,No,0b001,Land (Nothing else but land),0b0,No,0b0,No,0b00000000000000000000000000000011,0b00000000000000000000000000000011,"Cloudy data, Target not visible, covered with cloud"
City,Riobamba,-1.6731,-78.653,2025-11-17,h10v09,803.0,662.0,0.1104,2062.0,3.0,0b0000100000001110,0b10,"Pixel produced, but most probably cloudy",0b0011,Decreasing quality,0b00,Climatology,0b0,No,0b0,No,0b0,No,0b001,Land (Nothing else but land),0b0,No,0b0,No,0b00000000000000000000000000000011,0b00000000000000000000000000000011,"Cloudy data, Target not visible, covered with cloud"
City,Riobamba,-1.6731,-78.653,2025-12-03,h10v09,803.0,662.0,0.1122,35221.0,1.0,0b1000100110010101,0b01,"VI produced, but check other QA",0b0101,Decreasing quality,0b10,Average,0b1,Yes,0b0,No,0b0,No,0b001,Land (Nothing else but land),0b0,No,0b1,Yes,0b00000000000000000000000000000001,0b00000000000000000000000000000001,"Marginal data, Useful, but look at other QA information"
City,Riobamba,-1.6731,-78.653,2025-12-19,h10v09,803.0,662.0,0.0793,2066.0,3.0,0b0000100000010010,0b10,"Pixel produced, but most probably cloudy",0b0100,Decreasing quality,0b00,Climatology,0b0,No,0b0,No,0b0,No,0b001,Land (Nothing else but land),0b0,No,0b0,No,0b00000000000000000000000000000011,0b00000000000000000000000000000011,"Cloudy data, Target not visible, covered with cloud"
City,Riobamba,-1.6731,-78.653,2026-01-01,h10v09,803.0,662.0,0.0793,2066.0,3.0,0b0000100000010010,0b10,"Pixel produced, but most probably cloudy",0b0100,Decreasing quality,0b00,Climatology,0b0,No,0b0,No,0b0,No,0b001,Land (Nothing else but land),0b0,No,0b0,No,0b00000000000000000000000000000011,0b00000000000000000000000000000011,"Cloudy data, Target not visible, covered with cloud"
City,Riobamba,-1.6731,-78.653,2026-01-17,h10v09,803.0,662.0,0.093,2062.0,3.0,0b0000100000001110,0b10,"Pixel produced, but most probably cloudy",0b0011,Decreasing quality,0b00,Climatology,0b0,No,0b0,No,0b0,No,0b001,Land (Nothing else but land),0b0,No,0b0,No,0b00000000000000000000000000000011,0b00000000000000000000000000000011,"Cloudy data, Target not visible, covered with cloud"
City,Riobamba,-1.6731,-78.653,2026-02-02,h10v09,803.0,662.0,0.0904,2066.0,3.0,0b0000100000010010,0b10,"Pixel produced, but most probably cloudy",0b0100,Decreasing quality,0b00,Climatology,0b0,No,0b0,No,0b0,No,0b001,Land (Nothing else but land),0b0,No,0b0,No,0b00000000000000000000000000000011,0b00000000000000000000000000000011,"Cloudy data, Target not visible, covered with cloud"
City,Riobamba,-1.6731,-78.653,2026-02-18,h10v09,803.0,662.0,0.1041,2062.0,3.0,0b0000100000001110,0b10,"Pixel produced, but most probably cloudy",0b0011,Decreasing quality,0b00,Climatology,0b0,No,0b0,No,0b0,No,0b001,Land (Nothing else but land),0b0,No,0b0,No,0b00000000000000000000000000000011,0b00000000000000000000000000000011,"Cloudy data, Target not visible, covered with cloud"
City,Riobamba,-1.6731,-78.653,2026-03-06,h10v09,803.0,662.0,0.0935,2062.0,3.0,0b0000100000001110,0b10,"Pixel produced, but most probably cloudy",0b0011,Decreasing quality,0b00,Climatology,0b0,No,0b0,No,0b0,No,0b001,Land (Nothing else but land),0b0,No,0b0,No,0b00000000000000000000000000000011,0b00000000000000000000000000000011,"Cloudy data, Target not visible, covered with cloud"
City,Riobamba,-1.6731,-78.653,2026-03-22,h10v09,803.0,662.0,0.1554,35297.0,1.0,0b1000100111100001,0b01,"VI produced, but check other QA",0b1000,Decreasing quality,0b11,High,0b1,Yes,0b0,No,0b0,No,0b001,Land (Nothing else but land),0b0,No,0b1,Yes,0b00000000000000000000000000000001,0b00000000000000000000000000000001,"Marginal data, Useful, but look at other QA information"
City,Riobamba,-1.6731,-78.653,2026-04-07,h10v09,803.0,662.0,0.1307,2521.0,1.0,0b0000100111011001,0b01,"VI produced, but check other QA",0b0110,Decreasing quality,0b11,High,0b1,Yes,0b0,No,0b0,No,0b001,Land (Nothing else but land),0b0,No,0b0,No,0b00000000000000000000000000000001,0b00000000000000000000000000000001,"Marginal data, Useful, but look at other QA information"
City,Riobamba,-1.6731,-78.653,2026-04-23,h10v09,803.0,662.0,0.0935,2062.0,3.0,0b0000100000001110,0b10,"Pixel produced, but most probably cloudy",0b0011,Decreasing quality,0b00,Climatology,0b0,No,0b0,No,0b0,No,0b001,Land (Nothing else but land),0b0,No,0b0,No,0b00000000000000000000000000000011,0b00000000000000000000000000000011,"Cloudy data, Target not visible, covered with cloud"
City,Riobamba,-1.6731,-78.653,2026-05-09,h10v09,803.0,662.0,0.145,2062.0,3.0,0b0000100000001110,0b10,"Pixel produced, but most probably cloudy",0b0011,Decreasing quality,0b00,Climatology,0b0,No,0b0,No,0b0,No,0b001,Land (Nothing else but land),0b0,No,0b0,No,0b00000000000000000000000000000011,0b00000000000000000000000000000011,"Cloudy data, Target not visible, covered with cloud"
